-- --------------------------------------------------------
-- 主机:                           150.158.199.226
-- 服务器版本:                        8.3.0 - MySQL Community Server - GPL
-- 服务器操作系统:                      Linux
-- HeidiSQL 版本:                  12.3.0.6589
-- --------------------------------------------------------

/*!40101 SET @OLD_CHARACTER_SET_CLIENT=@@CHARACTER_SET_CLIENT */;
/*!40101 SET NAMES utf8 */;
/*!50503 SET NAMES utf8mb4 */;
/*!40103 SET @OLD_TIME_ZONE=@@TIME_ZONE */;
/*!40103 SET TIME_ZONE='+00:00' */;
/*!40014 SET @OLD_FOREIGN_KEY_CHECKS=@@FOREIGN_KEY_CHECKS, FOREIGN_KEY_CHECKS=0 */;
/*!40101 SET @OLD_SQL_MODE=@@SQL_MODE, SQL_MODE='NO_AUTO_VALUE_ON_ZERO' */;
/*!40111 SET @OLD_SQL_NOTES=@@SQL_NOTES, SQL_NOTES=0 */;


-- 导出 peng-blog 的数据库结构
CREATE DATABASE IF NOT EXISTS `peng-blog` /*!40100 DEFAULT CHARACTER SET armscii8 COLLATE armscii8_bin */ /*!80016 DEFAULT ENCRYPTION='N' */;
USE `peng-blog`;

-- 导出  表 peng-blog.t_about 结构
CREATE TABLE IF NOT EXISTS `t_about` (
  `id` int NOT NULL AUTO_INCREMENT,
  `content` text CHARACTER SET utf8mb4 COLLATE utf8mb4_0900_ai_ci COMMENT '内容',
  `create_time` datetime NOT NULL COMMENT '创建时间',
  `update_time` datetime DEFAULT NULL COMMENT '更新时间',
  PRIMARY KEY (`id`) USING BTREE
) ENGINE=InnoDB AUTO_INCREMENT=2 DEFAULT CHARSET=utf8mb4 COLLATE=utf8mb4_0900_ai_ci ROW_FORMAT=DYNAMIC COMMENT='关于表';

-- 正在导出表  peng-blog.t_about 的数据：~1 rows (大约)
DELETE FROM `t_about`;
INSERT INTO `t_about` (`id`, `content`, `create_time`, `update_time`) VALUES
	(1, '{"content":"this is about"}', '2022-07-24 17:22:13', '2022-09-23 14:37:34');

-- 导出  表 peng-blog.t_article 结构
CREATE TABLE IF NOT EXISTS `t_article` (
  `id` int NOT NULL AUTO_INCREMENT,
  `user_id` int NOT NULL COMMENT '作者',
  `category_id` int DEFAULT NULL COMMENT '文章分类',
  `article_cover` varchar(1024) CHARACTER SET utf8mb4 COLLATE utf8mb4_0900_ai_ci DEFAULT NULL COMMENT '文章缩略图',
  `article_title` varchar(50) CHARACTER SET utf8mb4 COLLATE utf8mb4_0900_ai_ci NOT NULL COMMENT '标题',
  `article_abstract` varchar(500) DEFAULT NULL COMMENT '文章摘要，如果该字段为空，默认取文章的前500个字符作为摘要',
  `article_content` longtext CHARACTER SET utf8mb4 COLLATE utf8mb4_0900_ai_ci NOT NULL COMMENT '内容',
  `is_top` tinyint(1) NOT NULL DEFAULT '0' COMMENT '是否置顶 0否 1是',
  `is_featured` tinyint(1) NOT NULL DEFAULT '0' COMMENT '是否推荐 0否 1是',
  `is_delete` tinyint(1) NOT NULL DEFAULT '0' COMMENT '是否删除  0否 1是',
  `status` tinyint(1) NOT NULL DEFAULT '1' COMMENT '状态值 1公开 2私密 3草稿',
  `type` tinyint(1) NOT NULL DEFAULT '1' COMMENT '文章类型 1原创 2转载 3翻译',
  `password` varchar(255) CHARACTER SET utf8mb4 COLLATE utf8mb4_0900_ai_ci DEFAULT NULL COMMENT '访问密码',
  `original_url` varchar(255) CHARACTER SET utf8mb4 COLLATE utf8mb4_0900_ai_ci DEFAULT NULL COMMENT '原文链接',
  `create_time` datetime NOT NULL COMMENT '发表时间',
  `update_time` datetime DEFAULT NULL COMMENT '更新时间',
  PRIMARY KEY (`id`) USING BTREE
) ENGINE=InnoDB AUTO_INCREMENT=146 DEFAULT CHARSET=utf8mb4 COLLATE=utf8mb4_0900_ai_ci ROW_FORMAT=DYNAMIC COMMENT='文章表';

-- 正在导出表  peng-blog.t_article 的数据：~8 rows (大约)
DELETE FROM `t_article`;
INSERT INTO `t_article` (`id`, `user_id`, `category_id`, `article_cover`, `article_title`, `article_abstract`, `article_content`, `is_top`, `is_featured`, `is_delete`, `status`, `type`, `password`, `original_url`, `create_time`, `update_time`) VALUES
	(135, 1, 217, 'http://150.158.199.226:9000/avatar/aurora/articles/a750e978055d5f07a50deafbf7a14eea.png', '大“反”派 ', '', '　讲述小演员毕超（包贝尔 饰）因意外失忆误以为自己是个十恶不赦的大反派，还把与自己对戏的女演员冰冰（克拉拉 饰）也错认成了现实中的妻子（李嘉琦 饰），为了让妻子过上更好的生活，毕超下定决心完成反派“绑架大富豪”的使命，在这一过程中意外与老大（周大勇 饰）、老二（马旭东 饰）、老三（喳喳 饰）三名歹徒结下梁子，自此踏上了惨遭碾压的倒霉爆笑之旅。', 1, 1, 0, 1, 1, NULL, NULL, '2024-04-30 14:04:47', NULL),
	(136, 1, 217, 'http://150.158.199.226:9000/avatar/aurora/articles/a750e978055d5f07a50deafbf7a14eea.png', '原创 38岁文章近况曝光，满头白发眼神呆滞，和马伊琍状态相差大', '', '文章曾是一位备受瞩目的青年演员，曾经演出过多部经典作品，并且和马伊琍的姐弟恋婚姻也一直是人们津津乐道的话题。本应该成为事业和爱情双丰收的赢家，然而由于一次错误的选择，他被演艺圈封杀了，婚姻也在几年的残喘后结束了。他离开娱乐圈后，走向了两个极端。\n最近，有网友上传了一段文章的视频，引起了', 1, 1, 0, 1, 1, NULL, NULL, '2024-04-30 14:05:40', NULL),
	(137, 1, 217, 'http://150.158.199.226:9000/avatar/aurora/articles/7a59b6752c12cfcf1e5f2739ca978096.jpg', '原创 38岁文章近况曝光，模样大变满头白发，前妻马伊琍状态却越来越好', '', '文章曾是一位十分有实力青年演员，演过很多经典的作品，和马伊琍的姐弟恋婚姻也一直被津津乐道，然而本应该是事业爱情双丰收的人生赢家，却因为走错一步，被演艺圈封杀，两人的婚姻也残喘了几年后走到了终点。两人离婚后的状态，好像走向了两个极端，', 0, 0, 0, 1, 1, NULL, NULL, '2024-04-30 14:07:19', NULL),
	(138, 1, 217, 'http://150.158.199.226:9000/avatar/aurora/articles/640eebffec0abf58eff776e8bf3c3be8.jpg', '第31届大众电影百花奖最佳男主角', '', '2003年，参演的个人首部电视剧《拯救少年犯》播出。2006年，参演电视剧《与青春有关的日子》，开始在影视圈崭露头角。2007年，因主演电视剧《奋斗》而被大众所熟知。2010年-2011年，凭借《海洋天堂》获得第13届上海国际电影节电影频道传媒大奖 最佳男主角、第18届北京大学生电影节最受大学生欢迎男演员、第14届中国电影华表奖优秀新人男演员奖。2012年，凭借电影《失恋33天》获得第31届大众电影百花奖最佳男主角、第19届北京大学生电影节最受大学生欢迎男演员；同年，获得第26届中国电视金鹰奖最具人气演员奖；同年，成立北京君竹影视文化有限公司。2013年2月，主演的电影《西游·降魔篇》上映；同年11月，凭借《雪豹》获得第12届四川电视节金熊猫奖长篇电视剧类最佳男演员奖；[2]同年，执导的第一部影视作品《小爸爸》上映。2014年3月，主演的爱情片《我在路上最爱你》上映。2017年3月，凭借《少帅》获得2017中国电视剧品质盛典年度品质表', 1, 1, 0, 1, 1, NULL, NULL, '2024-04-30 14:08:51', NULL),
	(139, 1, 217, 'http://150.158.199.226:9000/avatar/aurora/articles/7625ce9218267a3607cc32c28d03169b.jpg', '先后荣获大众电影百花', '', '导语：文章，中国男演员, 导演。2006年毕业于中央戏剧学院。其主演，导演的多部电影和电视剧引发社会热议。先后荣获大众电影百花奖，中国电影金鸡奖和华表奖，中国电视金鹰奖，中国电影表演艺术学会金凤凰奖及两届北京大学生电影节奖项。 文章自出道以来，优秀作品众多，最具代表性的十部作品为 «海洋天堂», «雪豹», ...', 1, 1, 0, 1, 1, NULL, NULL, '2024-04-30 14:09:27', NULL),
	(140, 1, NULL, '', '1', '', '1', 0, 0, 0, 3, 1, NULL, NULL, '2024-05-01 13:40:25', NULL),
	(141, 1, NULL, '', '输入文章标题1', '', '1', 0, 0, 0, 3, 1, NULL, NULL, '2024-05-01 13:40:32', NULL),
	(142, 1, NULL, '', '1', '', '1', 0, 0, 0, 3, 1, NULL, NULL, '2024-05-01 13:40:51', '2024-05-01 13:44:26'),
	(143, 1, 218, 'http://150.158.199.226:9000/avatar/aurora/articles/bb307cfffffe16167d5b1ce6f916aaa4.png', 'Python网络爬虫', '', 'Python网络爬虫\n前言\nPython网络爬虫需要学习哪些库？\nPython网络爬虫需要学习多个库和工具，以便有效地获取、分析和处理网页内容。以下是一些常用的Python库和工具，可以用于网络爬虫开发：\n\nRequests：Requests库是用于发送HTTP请求的非常流行的Python库。它允许您轻松获取网页内容，发送GET和POST请求，以及处理响应。\nBeautiful Soup：Beautiful Soup是一个HTML解析库，用于从HTML或XML文档中提取数据。它使数据抽取变得容易，特别是在处理网页内容时。\nSelenium：Selenium是一个用于自动化浏览器操作的工具，可以模拟用户在浏览器中的操作，如点击、填写表单、滚动等。这对于处理动态生成的内容非常有用。\nScrapy：Scrapy是一个强大的Web爬虫框架，它提供了高度可配置的爬虫引擎，可以用于快速构建和扩展网络爬虫项目。\nLxml：Lxml是一个高性能的XML和HTML解析库，可以用于解析和处理网页内容。它比Beautiful Soup更快，适用于处理大型文档。\nXPath和CSS选择器：XPath和CSS选择器是用于定位和提取HTML元素的标准语言。它们常与上述库一起使用，以选择和提取所需的数据。\nRegular Expressions：正则表达式是一种强大的文本匹配和提取工具，用于处理文本数据和模式匹配。它可以在特定情况下用于处理网页内容。\nSQLite和其他数据库库：如果您计划将爬取到的数据存储到数据库中，可以学习SQLite或其他数据库库，如MySQL、PostgreSQL等，以便数据存储和检索。\nIP代理库：一些网络爬虫项目可能需要使用代理服务器来隐藏自己的IP地址，以防止被封锁。您可以使用库如requests-proxy、PySocks等来实现代理功能。\n验证码识别库：如果您需要处理包括验证码在内的各种图像验证，可以学习和使用相应的验证码识别库，如Tesseract-OCR、pytesseract等。\n文件操作库：Python的文件操作库，如os和shutil，用于文件的创建、读取、写入和管理。\n数据处理和可视化库：库如Pandas、NumPy、Matplotlib和Seaborn可以用于数据处理、分析和可视化，以便更好地理解和展示爬取的数据。\n正则表达式库：Python内置的re模块和第三方库，如regex，可以用于文本匹配和提取特定模式的数据。\n机器学习库：如果您要进行自然语言处理、情感分析或其他高级数据分析任务，可以使用机器学习库，如Scikit-Learn、TensorFlow和Keras。\n学习这些库和工具将使您能够开发强大和高效的网络爬虫，但请务必遵守法律和伦理规定，以及网站的使用政策，以确保您的网络爬虫活动合法和合规。', 0, 0, 0, 1, 1, NULL, NULL, '2024-05-06 09:29:00', NULL),
	(144, 1, 221, 'http://150.158.199.226:9000/avatar/aurora/articles/11dd99784ae6d03a8fa212326f859f90.jpg', '使用Docker安装RabbitMQ', '', '@[toc]\n# 1.拉取 RabbitMQ 镜像：\n\n执行以下命令从 Docker Hub 上拉取 RabbitMQ 镜像：\n\n```bash\ndocker pull rabbitmq:3-management\n```\n\n这里使用了带有管理界面的 RabbitMQ 镜像，版本为 3。\n# 2.运行 RabbitMQ 容器\n\n使用以下命令启动 RabbitMQ 容器：\n\n```bash\ndocker run \\\n--name rabbit \\\n--restart=always \\\n-p 15672:15672 \\\n-p 5672:5672  \\\n-d  rabbitmq:management   \n```\n启动RabbitMQ,默认`guest`用户，密码也是 `guest`。\n\n这将在后台运行 RabbitMQ 容器，并将容器的 5672 端口映射到主机的 5672 端口（用于 AMQP 协议），将容器的 15672 端口映射到主机的 15672 端口（用于管理界面）。\n\n# 3.访问 RabbitMQ 管理界面\n\n打开浏览器并访问 http://localhost:15672，然后使用默认的用户名和密码 guest/guest 登录到 RabbitMQ 的管理界面。\n\n# 4.配置 RabbitMQ（可选）：\n\n如果需要修改 RabbitMQ 的配置，可以在启动容器时通过环境变量来指定配置参数。例如，要修改默认的用户名和密码，可以使用以下命令启动容器：\n\n```bash\ndocker run -d \\\n--name rabbitmq \\\n-p 5672:5672 \\\n-p 15672:15672 \\\n  -e RABBITMQ_DEFAULT_USER=myuser \\\n  -e RABBITMQ_DEFAULT_PASS=mypassword \\\n  rabbitmq:3-management\n```\n\n这将使用自定义的用户名和密码启动 RabbitMQ。\n\n现在，你已经在 Docker 中成功安装并运行了 RabbitMQ，可以通过管理界面管理你的 RabbitMQ 服务器，并使用 AMQP 协议与其通信', 0, 0, 0, 1, 1, NULL, NULL, '2024-05-06 09:29:52', NULL),
	(145, 1, 221, 'http://150.158.199.226:9000/avatar/aurora/articles/48f326e0b4246458c6f18ead713a209f.jpg', '使用Docker运行Vue项目', '', '# 使用Docker运行Vue项目\n\n要在 Docker 中运行 Vue 项目，你可以按照以下步骤进行操作：\n\n## 1.准备 Vue 项目\n\n首先，确保你的 Vue 项目已经准备就绪，包括 package.json、src 目录等。确保你已经在项目中运行过 npm install 或 yarn install 安装了项目依赖。\n\n## 2.编写 Dockerfile\n\n创建一个名为 Dockerfile 的文件，用于构建 Docker 镜像。以下是一个简单的示例：\n\n\n```bash\n# 使用 Node.js 作为基础镜像\nFROM node:14-alpine\n# 设置工作目录\nWORKDIR /app\n# 复制 package.json 和 package-lock.json 到工作目录\nCOPY package*.json ./\n# 安装项目依赖\nRUN npm install\n# 复制所有文件到工作目录\nCOPY . .\n# 构建生产环境下的 Vue 项目\nRUN npm run build\n# 暴露容器的 80 端口\nEXPOSE 80\n# 启动 Vue 项目\nCMD ["npm", "run", "serve"]\n```\n\n在这里，我们使用了 Node.js 14 的 Alpine 版本作为基础镜像，并在容器中安装了项目依赖并构建了生产环境下的 Vue 项目。\n\n## 构建 Docker 镜像\n\n在项目根目录下执行以下命令来构建 Docker 镜像：\n\n```bash\ndocker build -t my-vue-app .\n```\n\n这将根据 Dockerfile 构建一个名为 my-vue-app 的镜像。\n\n## 运行 Docker 容器\n\n使用以下命令来运行 Docker 容器：\n\n```bash\ndocker run -d --name my-vue-container -p 8080:80 my-vue-app\n```\n\n这将在后台运行一个名为 my-vue-container 的容器，并将容器的 80 端口映射到主机的 8080 端口（可以根据需要修改映射端口）。\n\n## 访问 Vue 项目\n\n可以通过访问 http://localhost:8080 来查看运行在 Docker 中的 Vue 项目。\n\n通过这些步骤，你就可以使用 Docker 来运行 Vue 项目了。需要注意的是，上述示例中使用了简化的 Dockerfile，实际项目中可能需要根据需求进行更复杂的配置。', 0, 0, 0, 1, 1, NULL, NULL, '2024-05-06 09:30:47', NULL);

-- 导出  表 peng-blog.t_article_tag 结构
CREATE TABLE IF NOT EXISTS `t_article_tag` (
  `id` int NOT NULL AUTO_INCREMENT,
  `article_id` int NOT NULL COMMENT '文章id',
  `tag_id` int NOT NULL COMMENT '标签id',
  PRIMARY KEY (`id`) USING BTREE,
  KEY `fk_article_tag_1` (`article_id`) USING BTREE,
  KEY `fk_article_tag_2` (`tag_id`) USING BTREE
) ENGINE=InnoDB AUTO_INCREMENT=93 DEFAULT CHARSET=utf8mb4 COLLATE=utf8mb4_0900_ai_ci ROW_FORMAT=DYNAMIC COMMENT='文章标签表';

-- 正在导出表  peng-blog.t_article_tag 的数据：~5 rows (大约)
DELETE FROM `t_article_tag`;
INSERT INTO `t_article_tag` (`id`, `article_id`, `tag_id`) VALUES
	(85, 135, 41),
	(86, 136, 41),
	(87, 137, 41),
	(88, 138, 41),
	(89, 139, 41),
	(90, 143, 46),
	(91, 144, 46),
	(92, 145, 47);

-- 导出  表 peng-blog.t_category 结构
CREATE TABLE IF NOT EXISTS `t_category` (
  `id` int NOT NULL AUTO_INCREMENT,
  `category_name` varchar(20) CHARACTER SET utf8mb4 COLLATE utf8mb4_0900_ai_ci NOT NULL COMMENT '分类名',
  `create_time` datetime NOT NULL COMMENT '创建时间',
  `update_time` datetime DEFAULT NULL COMMENT '更新时间',
  PRIMARY KEY (`id`) USING BTREE
) ENGINE=InnoDB AUTO_INCREMENT=222 DEFAULT CHARSET=utf8mb4 COLLATE=utf8mb4_0900_ai_ci ROW_FORMAT=DYNAMIC COMMENT='文章分类表';

-- 正在导出表  peng-blog.t_category 的数据：~5 rows (大约)
DELETE FROM `t_category`;
INSERT INTO `t_category` (`id`, `category_name`, `create_time`, `update_time`) VALUES
	(217, '网站开发', '2024-04-30 14:04:47', '2024-05-06 08:46:18'),
	(218, 'JavaScript', '2024-04-30 17:33:44', '2024-05-06 08:46:29'),
	(219, 'C语言', '2024-04-30 17:33:49', NULL),
	(220, 'Java', '2024-04-30 17:33:54', NULL),
	(221, 'TypeScript', '2024-05-06 08:46:35', NULL);

-- 导出  表 peng-blog.t_comment 结构
CREATE TABLE IF NOT EXISTS `t_comment` (
  `id` int NOT NULL AUTO_INCREMENT COMMENT '主键',
  `user_id` int NOT NULL COMMENT '评论用户Id',
  `topic_id` int DEFAULT NULL COMMENT '评论主题id',
  `comment_content` text CHARACTER SET utf8mb4 COLLATE utf8mb4_0900_ai_ci NOT NULL COMMENT '评论内容',
  `reply_user_id` int DEFAULT NULL COMMENT '回复用户id',
  `parent_id` int DEFAULT NULL COMMENT '父评论id',
  `type` tinyint NOT NULL COMMENT '评论类型 1.文章 2.留言 3.关于我 4.友链 5.说说',
  `is_delete` tinyint NOT NULL DEFAULT '0' COMMENT '是否删除  0否 1是',
  `is_review` tinyint(1) NOT NULL DEFAULT '1' COMMENT '是否审核',
  `create_time` datetime NOT NULL COMMENT '评论时间',
  `update_time` datetime DEFAULT NULL COMMENT '更新时间',
  PRIMARY KEY (`id`) USING BTREE,
  KEY `fk_comment_user` (`user_id`) USING BTREE,
  KEY `fk_comment_parent` (`parent_id`) USING BTREE
) ENGINE=InnoDB AUTO_INCREMENT=1032 DEFAULT CHARSET=utf8mb4 COLLATE=utf8mb4_0900_ai_ci ROW_FORMAT=DYNAMIC COMMENT='评论内容表';

-- 正在导出表  peng-blog.t_comment 的数据：~0 rows (大约)
DELETE FROM `t_comment`;

-- 导出  表 peng-blog.t_exception_log 结构
CREATE TABLE IF NOT EXISTS `t_exception_log` (
  `id` int NOT NULL AUTO_INCREMENT,
  `opt_uri` varchar(255) CHARACTER SET utf8mb4 COLLATE utf8mb4_general_ci NOT NULL COMMENT '请求接口',
  `opt_method` varchar(255) CHARACTER SET utf8mb4 COLLATE utf8mb4_general_ci NOT NULL COMMENT '请求方式',
  `request_method` varchar(255) CHARACTER SET utf8mb4 COLLATE utf8mb4_general_ci DEFAULT NULL COMMENT '请求方式',
  `request_param` varchar(2000) CHARACTER SET utf8mb4 COLLATE utf8mb4_general_ci DEFAULT NULL COMMENT '请求参数',
  `opt_desc` varchar(255) CHARACTER SET utf8mb4 COLLATE utf8mb4_general_ci DEFAULT NULL COMMENT '操作描述',
  `exception_info` text CHARACTER SET utf8mb4 COLLATE utf8mb4_general_ci COMMENT '异常信息',
  `ip_address` varchar(255) CHARACTER SET utf8mb4 COLLATE utf8mb4_general_ci DEFAULT NULL COMMENT 'ip',
  `ip_source` varchar(255) CHARACTER SET utf8mb4 COLLATE utf8mb4_general_ci DEFAULT NULL COMMENT 'ip来源',
  `create_time` datetime NOT NULL COMMENT '操作时间',
  PRIMARY KEY (`id`) USING BTREE
) ENGINE=InnoDB AUTO_INCREMENT=13 DEFAULT CHARSET=utf8mb4 COLLATE=utf8mb4_general_ci ROW_FORMAT=DYNAMIC COMMENT='异常日志';

-- 正在导出表  peng-blog.t_exception_log 的数据：~6 rows (大约)
DELETE FROM `t_exception_log`;
INSERT INTO `t_exception_log` (`id`, `opt_uri`, `opt_method`, `request_method`, `request_param`, `opt_desc`, `exception_info`, `ip_address`, `ip_source`, `create_time`) VALUES
	(1, '/report', 'com.aurora.controller.AuroraInfoController.report', 'POST', NULL, '上报访客信息', 'org.springframework.data.redis.RedisSystemException: Redis exception; nested exception is io.lettuce.core.RedisException: java.io.IOException: 远程主机强迫关闭了一个现有的连接。\r\n	at org.springframework.data.redis.connection.lettuce.LettuceExceptionConverter.convert(LettuceExceptionConverter.java:74)\r\n	at org.springframework.data.redis.connection.lettuce.LettuceExceptionConverter.convert(LettuceExceptionConverter.java:41)\r\n	at org.springframework.data.redis.PassThroughExceptionTranslationStrategy.translate(PassThroughExceptionTranslationStrategy.java:44)\r\n	at org.springframework.data.redis.FallbackExceptionTranslationStrategy.translate(FallbackExceptionTranslationStrategy.java:42)\r\n	at org.springframework.data.redis.connection.lettuce.LettuceConnection.convertLettuceAccessException(LettuceConnection.java:273)\r\n	at org.springframework.data.redis.connection.lettuce.LettuceSetCommands.convertLettuceAccessException(LettuceSetCommands.java:520)\r\n	at org.springframework.data.redis.connection.lettuce.LettuceSetCommands.sIsMember(LettuceSetCommands.java:221)\r\n	at org.springframework.data.redis.connection.DefaultedRedisConnection.sIsMember(DefaultedRedisConnection.java:784)\r\n	at org.springframework.data.redis.core.DefaultSetOperations.lambda$isMember$9(DefaultSetOperations.java:203)\r\n	at org.springframework.data.redis.core.RedisTemplate.execute(RedisTemplate.java:228)\r\n	at org.springframework.data.redis.core.RedisTemplate.execute(RedisTemplate.java:188)\r\n	at org.springframework.data.redis.core.AbstractOperations.execute(AbstractOperations.java:96)\r\n	at org.springframework.data.redis.core.DefaultSetOperations.isMember(DefaultSetOperations.java:203)\r\n	at com.aurora.service.impl.RedisServiceImpl.sIsMember(RedisServiceImpl.java:191)\r\n	at com.aurora.service.impl.AuroraInfoServiceImpl.report(AuroraInfoServiceImpl.java:79)\r\n	at com.aurora.service.impl.AuroraInfoServiceImpl$$FastClassBySpringCGLIB$$50a233f3.invoke(<generated>)\r\n	at org.springframework.cglib.proxy.MethodProxy.invoke(MethodProxy.java:218)\r\n	at org.springframework.aop.framework.CglibAopProxy$DynamicAdvisedInterceptor.intercept(CglibAopProxy.java:687)\r\n	at com.aurora.service.impl.AuroraInfoServiceImpl$$EnhancerBySpringCGLIB$$62c509ee.report(<generated>)\r\n	at com.aurora.controller.AuroraInfoController.report(AuroraInfoController.java:39)\r\n	at com.aurora.controller.AuroraInfoController$$FastClassBySpringCGLIB$$ae14dc1b.invoke(<generated>)\r\n	at org.springframework.cglib.proxy.MethodProxy.invoke(MethodProxy.java:218)\r\n	at org.springframework.aop.framework.CglibAopProxy$CglibMethodInvocation.invokeJoinpoint(CglibAopProxy.java:771)\r\n	at org.springframework.aop.framework.ReflectiveMethodInvocation.proceed(ReflectiveMethodInvocation.java:163)\r\n	at org.springframework.aop.framework.CglibAopProxy$CglibMethodInvocation.proceed(CglibAopProxy.java:749)\r\n	at org.springframework.aop.aspectj.AspectJAfterThrowingAdvice.invoke(AspectJAfterThrowingAdvice.java:62)\r\n	at org.springframework.aop.framework.ReflectiveMethodInvocation.proceed(ReflectiveMethodInvocation.java:186)\r\n	at org.springframework.aop.framework.CglibAopProxy$CglibMethodInvocation.proceed(CglibAopProxy.java:749)\r\n	at org.springframework.aop.interceptor.ExposeInvocationInterceptor.invoke(ExposeInvocationInterceptor.java:95)\r\n	at org.springframework.aop.framework.ReflectiveMethodInvocation.proceed(ReflectiveMethodInvocation.java:186)\r\n	at org.springframework.aop.framework.CglibAopProxy$CglibMethodInvocation.proceed(CglibAopProxy.java:749)\r\n	at org.springframework.aop.framework.CglibAopProxy$DynamicAdvisedInterceptor.intercept(CglibAopProxy.java:691)\r\n	at com.aurora.controller.AuroraInfoController$$EnhancerBySpringCGLIB$$610065aa.report(<generated>)\r\n	at sun.reflect.NativeMethodAccessorImpl.invoke0(Native Method)\r\n	at sun.reflect.NativeMethodAccessorImpl.invoke(NativeMethodAccessorImpl.java:62)\r\n	at sun.reflect.DelegatingMethodAccessorImpl.invoke(DelegatingMethodAccessorImpl.java:43)\r\n	at java.lang.reflect.Method.invoke(Method.java:498)\r\n	at org.springframework.web.method.support.InvocableHandlerMethod.doInvoke(InvocableHandlerMethod.java:190)\r\n	at org.springframework.web.method.support.InvocableHandlerMethod.invokeForRequest(InvocableHandlerMethod.java:138)\r\n	at org.springframework.web.servlet.mvc.method.annotation.ServletInvocableHandlerMethod.invokeAndHandle(ServletInvocableHandlerMethod.java:105)\r\n	at org.springframework.web.servlet.mvc.method.annotation.RequestMappingHandlerAdapter.invokeHandlerMethod(RequestMappingHandlerAdapter.java:878)\r\n	at org.springframework.web.servlet.mvc.method.annotation.RequestMappingHandlerAdapter.handleInternal(RequestMappingHandlerAdapter.java:792)\r\n	at org.springframework.web.servlet.mvc.method.AbstractHandlerMethodAdapter.handle(AbstractHandlerMethodAdapter.java:87)\r\n	at org.springframework.web.servlet.DispatcherServlet.doDispatch(DispatcherServlet.java:1040)\r\n	at org.springframework.web.servlet.DispatcherServlet.doService(DispatcherServlet.java:943)\r\n	at org.springframework.web.servlet.FrameworkServlet.processRequest(FrameworkServlet.java:1006)\r\n	at org.springframework.web.servlet.FrameworkServlet.doPost(FrameworkServlet.java:909)\r\n	at javax.servlet.http.HttpServlet.service(HttpServlet.java:652)\r\n	at org.springframework.web.servlet.FrameworkServlet.service(FrameworkServlet.java:883)\r\n	at javax.servlet.http.HttpServlet.service(HttpServlet.java:733)\r\n	at org.apache.catalina.core.ApplicationFilterChain.internalDoFilter(ApplicationFilterChain.java:231)\r\n	at org.apache.catalina.core.ApplicationFilterChain.doFilter(ApplicationFilterChain.java:166)\r\n	at org.apache.tomcat.websocket.server.WsFilter.doFilter(WsFilter.java:53)\r\n	at org.apache.catalina.core.ApplicationFilterChain.internalDoFilter(ApplicationFilterChain.java:193)\r\n	at org.apache.catalina.core.ApplicationFilterChain.doFilter(ApplicationFilterChain.java:166)\r\n	at org.springframework.web.filter.OncePerRequestFilter.doFilter(OncePerRequestFilter.java:113)\r\n	at org.apache.catalina.core.ApplicationFilterChain.internalDoFilter(ApplicationFilterChain.java:193)\r\n	at org.apache.catalina.core.ApplicationFilterChain.doFilter(ApplicationFilterChain.java:166)\r\n	at org.springframework.security.web.FilterChainProxy$VirtualFilterChain.doFilter(FilterChainProxy.java:320)\r\n	at org.springframework.security.web.access.intercept.FilterSecurityInterceptor.invoke(FilterSecurityInterceptor.java:126)\r\n	at org.springframework.security.web.access.intercept.FilterSecurityInterceptor.doFilter(FilterSecurityInterceptor.java:90)\r\n	at org.springframework.security.web.FilterChainProxy$VirtualFilterChain.doFilter(FilterChainProxy.java:334)\r\n	at org.springframework.security.web.access.ExceptionTranslationFilter.doFilter(ExceptionTranslationFilter.java:118)\r\n	at org.springframework.security.web.FilterChainProxy$VirtualFilterChain.doFilter(FilterChainProxy.java:334)\r\n	at org.springframework.security.web.session.SessionManagementFilter.doFilter(SessionManagementFilter.java:137)\r\n	at org.springframework.security.web.FilterChainProxy$VirtualFilterChain.doFilter(FilterChainProxy.java:334)\r\n	at org.springframework.security.web.authentication.AnonymousAuthenticationFilter.doFilter(AnonymousAuthenticationFilter.java:111)\r\n	at org.springframework.security.web.FilterChainProxy$VirtualFilterChain.doFilter(FilterChainProxy.java:334)\r\n	at org.springframework.security.web.servletapi.SecurityContextHolderAwareRequestFilter.doFilter(SecurityContextHolderAwareRequestFilter.java:158)\r\n	at org.springframework.security.web.FilterChainProxy$VirtualFilterChain.doFilter(FilterChainProxy.java:334)\r\n	at org.springframework.security.web.savedrequest.RequestCacheAwareFilter.doFilter(RequestCacheAwareFilter.java:63)\r\n	at org.springframework.security.web.FilterChainProxy$VirtualFilterChain.doFilter(FilterChainProxy.java:334)\r\n	at org.springframework.security.web.authentication.AbstractAuthenticationProcessingFilter.doFilter(AbstractAuthenticationProcessingFilter.java:200)\r\n	at org.springframework.security.web.FilterChainProxy$VirtualFilterChain.doFilter(FilterChainProxy.java:334)\r\n	at com.aurora.filter.JwtAuthenticationTokenFilter.doFilterInternal(JwtAuthenticationTokenFilter.java:39)\r\n	at org.springframework.web.filter.OncePerRequestFilter.doFilter(OncePerRequestFilter.java:119)\r\n	at org.springframework.security.web.FilterChainProxy$VirtualFilterChain.doFilter(FilterChainProxy.java:334)\r\n	at org.springframework.security.web.authentication.logout.LogoutFilter.doFilter(LogoutFilter.java:116)\r\n	at org.springframework.security.web.FilterChainProxy$VirtualFilterChain.doFilter(FilterChainProxy.java:334)\r\n	at org.springframework.security.web.header.HeaderWriterFilter.doHeadersAfter(HeaderWriterFilter.java:92)\r\n	at org.springframework.security.web.header.HeaderWriterFilter.doFilterInternal(HeaderWriterFilter.java:77)\r\n	at org.springframework.web.filter.OncePerRequestFilter.doFilter(OncePerRequestFilter.java:119)\r\n	at org.springframework.security.web.FilterChainProxy$VirtualFilterChain.doFilter(FilterChainProxy.java:334)\r\n	at org.springframework.security.web.context.SecurityContextPersistenceFilter.doFilter(SecurityContextPersistenceFilter.java:105)\r\n	at org.springframework.security.web.FilterChainProxy$VirtualFilterChain.doFilter(FilterChainProxy.java:334)\r\n	at org.springframework.security.web.context.request.async.WebAsyncManagerIntegrationFilter.doFilterInternal(WebAsyncManagerIntegrationFilter.java:56)\r\n	at org.springframework.web.filter.OncePerRequestFilter.doFilter(OncePerRequestFilter.java:119)\r\n	at org.springframework.security.web.FilterChainProxy$VirtualFilterChain.doFilter(FilterChainProxy.java:334)\r\n	at org.springframework.security.web.FilterChainProxy.doFilterInternal(FilterChainProxy.java:215)\r\n	at org.springframework.security.web.FilterChainProxy.doFilter(FilterChainProxy.java:178)\r\n	at org.springframework.web.filter.DelegatingFilterProxy.invokeDelegate(DelegatingFilterProxy.java:358)\r\n	at org.springframework.web.filter.DelegatingFilterProxy.doFilter(DelegatingFilterProxy.java:271)\r\n	at org.apache.catalina.core.ApplicationFilterChain.internalDoFilter(ApplicationFilterChain.java:193)\r\n	at org.apache.catalina.core.ApplicationFilterChain.doFilter(ApplicationFilterChain.java:166)\r\n	at org.springframework.web.filter.RequestContextFilter.doFilterInternal(RequestContextFilter.java:100)\r\n	at org.springframework.web.filter.OncePerRequestFilter.doFilter(OncePerRequestFilter.java:119)\r\n	at org.apache.catalina.core.ApplicationFilterChain.internalDoFilter(ApplicationFilterChain.java:193)\r\n	at org.apache.catalina.core.ApplicationFilterChain.doFilter(ApplicationFilterChain.java:166)\r\n	at org.springframework.web.filter.FormContentFilter.doFilterInternal(FormContentFilter.java:93)\r\n	at org.springframework.web.filter.OncePerRequestFilter.doFilter(OncePerRequestFilter.java:119)\r\n	at org.apache.catalina.core.ApplicationFilterChain.internalDoFilter(ApplicationFilterChain.java:193)\r\n	at org.apache.catalina.core.ApplicationFilterChain.doFilter(ApplicationFilterChain.java:166)\r\n	at org.springframework.web.filter.CharacterEncodingFilter.doFilterInternal(CharacterEncodingFilter.java:201)\r\n	at org.springframework.web.filter.OncePerRequestFilter.doFilter(OncePerRequestFilter.java:119)\r\n	at org.apache.catalina.core.ApplicationFilterChain.internalDoFilter(ApplicationFilterChain.java:193)\r\n	at org.apache.catalina.core.ApplicationFilterChain.doFilter(ApplicationFilterChain.java:166)\r\n	at org.apache.catalina.core.StandardWrapperValve.invoke(StandardWrapperValve.java:202)\r\n	at org.apache.catalina.core.StandardContextValve.invoke(StandardContextValve.java:97)\r\n	at org.apache.catalina.authenticator.AuthenticatorBase.invoke(AuthenticatorBase.java:542)\r\n	at org.apache.catalina.core.StandardHostValve.invoke(StandardHostValve.java:143)\r\n	at org.apache.catalina.valves.ErrorReportValve.invoke(ErrorReportValve.java:92)\r\n	at org.apache.catalina.core.StandardEngineValve.invoke(StandardEngineValve.java:78)\r\n	at org.apache.catalina.connector.CoyoteAdapter.service(CoyoteAdapter.java:343)\r\n	at org.apache.coyote.http11.Http11Processor.service(Http11Processor.java:374)\r\n	at org.apache.coyote.AbstractProcessorLight.process(AbstractProcessorLight.java:65)\r\n	at org.apache.coyote.AbstractProtocol$ConnectionHandler.process(AbstractProtocol.java:888)\r\n	at org.apache.tomcat.util.net.NioEndpoint$SocketProcessor.doRun(NioEndpoint.java:1597)\r\n	at org.apache.tomcat.util.net.SocketProcessorBase.run(SocketProcessorBase.java:49)\r\n	at java.util.concurrent.ThreadPoolExecutor.runWorker(ThreadPoolExecutor.java:1149)\r\n	at java.util.concurrent.ThreadPoolExecutor$Worker.run(ThreadPoolExecutor.java:624)\r\n	at org.apache.tomcat.util.threads.TaskThread$WrappingRunnable.run(TaskThread.java:61)\r\n	at java.lang.Thread.run(Thread.java:748)\r\nCaused by: io.lettuce.core.RedisException: java.io.IOException: 远程主机强迫关闭了一个现有的连接。\r\n	at io.lettuce.core.LettuceFutures.awaitOrCancel(LettuceFutures.java:134)\r\n	at io.lettuce.core.FutureSyncInvocationHandler.handleInvocation(FutureSyncInvocationHandler.java:75)\r\n	at io.lettuce.core.internal.AbstractInvocationHandler.invoke(AbstractInvocationHandler.java:79)\r\n	at com.sun.proxy.$Proxy256.sismember(Unknown Source)\r\n	at org.springframework.data.redis.connection.lettuce.LettuceSetCommands.sIsMember(LettuceSetCommands.java:219)\r\n	... 115 more\r\nCaused by: java.io.IOException: 远程主机强迫关闭了一个现有的连接。\r\n	at sun.nio.ch.SocketDispatcher.read0(Native Method)\r\n	at sun.nio.ch.SocketDispatcher.read(SocketDispatcher.java:43)\r\n	at sun.nio.ch.IOUtil.readIntoNativeBuffer(IOUtil.java:223)\r\n	at sun.nio.ch.IOUtil.read(IOUtil.java:192)\r\n	at sun.nio.ch.SocketChannelImpl.read(SocketChannelImpl.java:378)\r\n	at io.netty.buffer.PooledByteBuf.setBytes(PooledByteBuf.java:253)\r\n	at io.netty.buffer.AbstractByteBuf.writeBytes(AbstractByteBuf.java:1134)\r\n	at io.netty.channel.socket.nio.NioSocketChannel.doReadBytes(NioSocketChannel.java:350)\r\n	at io.netty.channel.nio.AbstractNioByteChannel$NioByteUnsafe.read(AbstractNioByteChannel.java:151)\r\n	at io.netty.channel.nio.NioEventLoop.processSelectedKey(NioEventLoop.java:719)\r\n	at io.netty.channel.nio.NioEventLoop.processSelectedKeysOptimized(NioEventLoop.java:655)\r\n	at io.netty.channel.nio.NioEventLoop.processSelectedKeys(NioEventLoop.java:581)\r\n	at io.netty.channel.nio.NioEventLoop.run(NioEventLoop.java:493)\r\n	at io.netty.util.concurrent.SingleThreadEventExecutor$4.run(SingleThreadEventExecutor.java:989)\r\n	at io.netty.util.internal.ThreadExecutorMap$2.run(ThreadExecutorMap.java:74)\r\n	at io.netty.util.concurrent.FastThreadLocalRunnable.run(FastThreadLocalRunnable.java:30)\r\n	... 1 more\r\n', '127.0.0.1', '内网IP|内网IP', '2024-05-02 17:46:25'),
	(2, '/report', 'com.aurora.controller.AuroraInfoController.report', 'POST', NULL, '上报访客信息', 'org.springframework.data.redis.RedisSystemException: Redis exception; nested exception is io.lettuce.core.RedisException: java.io.IOException: 远程主机强迫关闭了一个现有的连接。\r\n	at org.springframework.data.redis.connection.lettuce.LettuceExceptionConverter.convert(LettuceExceptionConverter.java:74)\r\n	at org.springframework.data.redis.connection.lettuce.LettuceExceptionConverter.convert(LettuceExceptionConverter.java:41)\r\n	at org.springframework.data.redis.PassThroughExceptionTranslationStrategy.translate(PassThroughExceptionTranslationStrategy.java:44)\r\n	at org.springframework.data.redis.FallbackExceptionTranslationStrategy.translate(FallbackExceptionTranslationStrategy.java:42)\r\n	at org.springframework.data.redis.connection.lettuce.LettuceConnection.convertLettuceAccessException(LettuceConnection.java:273)\r\n	at org.springframework.data.redis.connection.lettuce.LettuceSetCommands.convertLettuceAccessException(LettuceSetCommands.java:520)\r\n	at org.springframework.data.redis.connection.lettuce.LettuceSetCommands.sIsMember(LettuceSetCommands.java:221)\r\n	at org.springframework.data.redis.connection.DefaultedRedisConnection.sIsMember(DefaultedRedisConnection.java:784)\r\n	at org.springframework.data.redis.core.DefaultSetOperations.lambda$isMember$9(DefaultSetOperations.java:203)\r\n	at org.springframework.data.redis.core.RedisTemplate.execute(RedisTemplate.java:228)\r\n	at org.springframework.data.redis.core.RedisTemplate.execute(RedisTemplate.java:188)\r\n	at org.springframework.data.redis.core.AbstractOperations.execute(AbstractOperations.java:96)\r\n	at org.springframework.data.redis.core.DefaultSetOperations.isMember(DefaultSetOperations.java:203)\r\n	at com.aurora.service.impl.RedisServiceImpl.sIsMember(RedisServiceImpl.java:191)\r\n	at com.aurora.service.impl.AuroraInfoServiceImpl.report(AuroraInfoServiceImpl.java:79)\r\n	at com.aurora.service.impl.AuroraInfoServiceImpl$$FastClassBySpringCGLIB$$50a233f3.invoke(<generated>)\r\n	at org.springframework.cglib.proxy.MethodProxy.invoke(MethodProxy.java:218)\r\n	at org.springframework.aop.framework.CglibAopProxy$DynamicAdvisedInterceptor.intercept(CglibAopProxy.java:687)\r\n	at com.aurora.service.impl.AuroraInfoServiceImpl$$EnhancerBySpringCGLIB$$cb310c60.report(<generated>)\r\n	at com.aurora.controller.AuroraInfoController.report(AuroraInfoController.java:39)\r\n	at com.aurora.controller.AuroraInfoController$$FastClassBySpringCGLIB$$ae14dc1b.invoke(<generated>)\r\n	at org.springframework.cglib.proxy.MethodProxy.invoke(MethodProxy.java:218)\r\n	at org.springframework.aop.framework.CglibAopProxy$CglibMethodInvocation.invokeJoinpoint(CglibAopProxy.java:771)\r\n	at org.springframework.aop.framework.ReflectiveMethodInvocation.proceed(ReflectiveMethodInvocation.java:163)\r\n	at org.springframework.aop.framework.CglibAopProxy$CglibMethodInvocation.proceed(CglibAopProxy.java:749)\r\n	at org.springframework.aop.aspectj.AspectJAfterThrowingAdvice.invoke(AspectJAfterThrowingAdvice.java:62)\r\n	at org.springframework.aop.framework.ReflectiveMethodInvocation.proceed(ReflectiveMethodInvocation.java:186)\r\n	at org.springframework.aop.framework.CglibAopProxy$CglibMethodInvocation.proceed(CglibAopProxy.java:749)\r\n	at org.springframework.aop.interceptor.ExposeInvocationInterceptor.invoke(ExposeInvocationInterceptor.java:95)\r\n	at org.springframework.aop.framework.ReflectiveMethodInvocation.proceed(ReflectiveMethodInvocation.java:186)\r\n	at org.springframework.aop.framework.CglibAopProxy$CglibMethodInvocation.proceed(CglibAopProxy.java:749)\r\n	at org.springframework.aop.framework.CglibAopProxy$DynamicAdvisedInterceptor.intercept(CglibAopProxy.java:691)\r\n	at com.aurora.controller.AuroraInfoController$$EnhancerBySpringCGLIB$$fe40219f.report(<generated>)\r\n	at sun.reflect.NativeMethodAccessorImpl.invoke0(Native Method)\r\n	at sun.reflect.NativeMethodAccessorImpl.invoke(NativeMethodAccessorImpl.java:62)\r\n	at sun.reflect.DelegatingMethodAccessorImpl.invoke(DelegatingMethodAccessorImpl.java:43)\r\n	at java.lang.reflect.Method.invoke(Method.java:498)\r\n	at org.springframework.web.method.support.InvocableHandlerMethod.doInvoke(InvocableHandlerMethod.java:190)\r\n	at org.springframework.web.method.support.InvocableHandlerMethod.invokeForRequest(InvocableHandlerMethod.java:138)\r\n	at org.springframework.web.servlet.mvc.method.annotation.ServletInvocableHandlerMethod.invokeAndHandle(ServletInvocableHandlerMethod.java:105)\r\n	at org.springframework.web.servlet.mvc.method.annotation.RequestMappingHandlerAdapter.invokeHandlerMethod(RequestMappingHandlerAdapter.java:878)\r\n	at org.springframework.web.servlet.mvc.method.annotation.RequestMappingHandlerAdapter.handleInternal(RequestMappingHandlerAdapter.java:792)\r\n	at org.springframework.web.servlet.mvc.method.AbstractHandlerMethodAdapter.handle(AbstractHandlerMethodAdapter.java:87)\r\n	at org.springframework.web.servlet.DispatcherServlet.doDispatch(DispatcherServlet.java:1040)\r\n	at org.springframework.web.servlet.DispatcherServlet.doService(DispatcherServlet.java:943)\r\n	at org.springframework.web.servlet.FrameworkServlet.processRequest(FrameworkServlet.java:1006)\r\n	at org.springframework.web.servlet.FrameworkServlet.doPost(FrameworkServlet.java:909)\r\n	at javax.servlet.http.HttpServlet.service(HttpServlet.java:652)\r\n	at org.springframework.web.servlet.FrameworkServlet.service(FrameworkServlet.java:883)\r\n	at javax.servlet.http.HttpServlet.service(HttpServlet.java:733)\r\n	at org.apache.catalina.core.ApplicationFilterChain.internalDoFilter(ApplicationFilterChain.java:231)\r\n	at org.apache.catalina.core.ApplicationFilterChain.doFilter(ApplicationFilterChain.java:166)\r\n	at org.apache.tomcat.websocket.server.WsFilter.doFilter(WsFilter.java:53)\r\n	at org.apache.catalina.core.ApplicationFilterChain.internalDoFilter(ApplicationFilterChain.java:193)\r\n	at org.apache.catalina.core.ApplicationFilterChain.doFilter(ApplicationFilterChain.java:166)\r\n	at org.springframework.web.filter.OncePerRequestFilter.doFilter(OncePerRequestFilter.java:113)\r\n	at org.apache.catalina.core.ApplicationFilterChain.internalDoFilter(ApplicationFilterChain.java:193)\r\n	at org.apache.catalina.core.ApplicationFilterChain.doFilter(ApplicationFilterChain.java:166)\r\n	at org.springframework.security.web.FilterChainProxy$VirtualFilterChain.doFilter(FilterChainProxy.java:320)\r\n	at org.springframework.security.web.access.intercept.FilterSecurityInterceptor.invoke(FilterSecurityInterceptor.java:126)\r\n	at org.springframework.security.web.access.intercept.FilterSecurityInterceptor.doFilter(FilterSecurityInterceptor.java:90)\r\n	at org.springframework.security.web.FilterChainProxy$VirtualFilterChain.doFilter(FilterChainProxy.java:334)\r\n	at org.springframework.security.web.access.ExceptionTranslationFilter.doFilter(ExceptionTranslationFilter.java:118)\r\n	at org.springframework.security.web.FilterChainProxy$VirtualFilterChain.doFilter(FilterChainProxy.java:334)\r\n	at org.springframework.security.web.session.SessionManagementFilter.doFilter(SessionManagementFilter.java:137)\r\n	at org.springframework.security.web.FilterChainProxy$VirtualFilterChain.doFilter(FilterChainProxy.java:334)\r\n	at org.springframework.security.web.authentication.AnonymousAuthenticationFilter.doFilter(AnonymousAuthenticationFilter.java:111)\r\n	at org.springframework.security.web.FilterChainProxy$VirtualFilterChain.doFilter(FilterChainProxy.java:334)\r\n	at org.springframework.security.web.servletapi.SecurityContextHolderAwareRequestFilter.doFilter(SecurityContextHolderAwareRequestFilter.java:158)\r\n	at org.springframework.security.web.FilterChainProxy$VirtualFilterChain.doFilter(FilterChainProxy.java:334)\r\n	at org.springframework.security.web.savedrequest.RequestCacheAwareFilter.doFilter(RequestCacheAwareFilter.java:63)\r\n	at org.springframework.security.web.FilterChainProxy$VirtualFilterChain.doFilter(FilterChainProxy.java:334)\r\n	at org.springframework.security.web.authentication.AbstractAuthenticationProcessingFilter.doFilter(AbstractAuthenticationProcessingFilter.java:200)\r\n	at org.springframework.security.web.FilterChainProxy$VirtualFilterChain.doFilter(FilterChainProxy.java:334)\r\n	at com.aurora.filter.JwtAuthenticationTokenFilter.doFilterInternal(JwtAuthenticationTokenFilter.java:39)\r\n	at org.springframework.web.filter.OncePerRequestFilter.doFilter(OncePerRequestFilter.java:119)\r\n	at org.springframework.security.web.FilterChainProxy$VirtualFilterChain.doFilter(FilterChainProxy.java:334)\r\n	at org.springframework.security.web.authentication.logout.LogoutFilter.doFilter(LogoutFilter.java:116)\r\n	at org.springframework.security.web.FilterChainProxy$VirtualFilterChain.doFilter(FilterChainProxy.java:334)\r\n	at org.springframework.security.web.header.HeaderWriterFilter.doHeadersAfter(HeaderWriterFilter.java:92)\r\n	at org.springframework.security.web.header.HeaderWriterFilter.doFilterInternal(HeaderWriterFilter.java:77)\r\n	at org.springframework.web.filter.OncePerRequestFilter.doFilter(OncePerRequestFilter.java:119)\r\n	at org.springframework.security.web.FilterChainProxy$VirtualFilterChain.doFilter(FilterChainProxy.java:334)\r\n	at org.springframework.security.web.context.SecurityContextPersistenceFilter.doFilter(SecurityContextPersistenceFilter.java:105)\r\n	at org.springframework.security.web.FilterChainProxy$VirtualFilterChain.doFilter(FilterChainProxy.java:334)\r\n	at org.springframework.security.web.context.request.async.WebAsyncManagerIntegrationFilter.doFilterInternal(WebAsyncManagerIntegrationFilter.java:56)\r\n	at org.springframework.web.filter.OncePerRequestFilter.doFilter(OncePerRequestFilter.java:119)\r\n	at org.springframework.security.web.FilterChainProxy$VirtualFilterChain.doFilter(FilterChainProxy.java:334)\r\n	at org.springframework.security.web.FilterChainProxy.doFilterInternal(FilterChainProxy.java:215)\r\n	at org.springframework.security.web.FilterChainProxy.doFilter(FilterChainProxy.java:178)\r\n	at org.springframework.web.filter.DelegatingFilterProxy.invokeDelegate(DelegatingFilterProxy.java:358)\r\n	at org.springframework.web.filter.DelegatingFilterProxy.doFilter(DelegatingFilterProxy.java:271)\r\n	at org.apache.catalina.core.ApplicationFilterChain.internalDoFilter(ApplicationFilterChain.java:193)\r\n	at org.apache.catalina.core.ApplicationFilterChain.doFilter(ApplicationFilterChain.java:166)\r\n	at org.springframework.web.filter.RequestContextFilter.doFilterInternal(RequestContextFilter.java:100)\r\n	at org.springframework.web.filter.OncePerRequestFilter.doFilter(OncePerRequestFilter.java:119)\r\n	at org.apache.catalina.core.ApplicationFilterChain.internalDoFilter(ApplicationFilterChain.java:193)\r\n	at org.apache.catalina.core.ApplicationFilterChain.doFilter(ApplicationFilterChain.java:166)\r\n	at org.springframework.web.filter.FormContentFilter.doFilterInternal(FormContentFilter.java:93)\r\n	at org.springframework.web.filter.OncePerRequestFilter.doFilter(OncePerRequestFilter.java:119)\r\n	at org.apache.catalina.core.ApplicationFilterChain.internalDoFilter(ApplicationFilterChain.java:193)\r\n	at org.apache.catalina.core.ApplicationFilterChain.doFilter(ApplicationFilterChain.java:166)\r\n	at org.springframework.web.filter.CharacterEncodingFilter.doFilterInternal(CharacterEncodingFilter.java:201)\r\n	at org.springframework.web.filter.OncePerRequestFilter.doFilter(OncePerRequestFilter.java:119)\r\n	at org.apache.catalina.core.ApplicationFilterChain.internalDoFilter(ApplicationFilterChain.java:193)\r\n	at org.apache.catalina.core.ApplicationFilterChain.doFilter(ApplicationFilterChain.java:166)\r\n	at org.apache.catalina.core.StandardWrapperValve.invoke(StandardWrapperValve.java:202)\r\n	at org.apache.catalina.core.StandardContextValve.invoke(StandardContextValve.java:97)\r\n	at org.apache.catalina.authenticator.AuthenticatorBase.invoke(AuthenticatorBase.java:542)\r\n	at org.apache.catalina.core.StandardHostValve.invoke(StandardHostValve.java:143)\r\n	at org.apache.catalina.valves.ErrorReportValve.invoke(ErrorReportValve.java:92)\r\n	at org.apache.catalina.core.StandardEngineValve.invoke(StandardEngineValve.java:78)\r\n	at org.apache.catalina.connector.CoyoteAdapter.service(CoyoteAdapter.java:343)\r\n	at org.apache.coyote.http11.Http11Processor.service(Http11Processor.java:374)\r\n	at org.apache.coyote.AbstractProcessorLight.process(AbstractProcessorLight.java:65)\r\n	at org.apache.coyote.AbstractProtocol$ConnectionHandler.process(AbstractProtocol.java:888)\r\n	at org.apache.tomcat.util.net.NioEndpoint$SocketProcessor.doRun(NioEndpoint.java:1597)\r\n	at org.apache.tomcat.util.net.SocketProcessorBase.run(SocketProcessorBase.java:49)\r\n	at java.util.concurrent.ThreadPoolExecutor.runWorker(ThreadPoolExecutor.java:1149)\r\n	at java.util.concurrent.ThreadPoolExecutor$Worker.run(ThreadPoolExecutor.java:624)\r\n	at org.apache.tomcat.util.threads.TaskThread$WrappingRunnable.run(TaskThread.java:61)\r\n	at java.lang.Thread.run(Thread.java:748)\r\nCaused by: io.lettuce.core.RedisException: java.io.IOException: 远程主机强迫关闭了一个现有的连接。\r\n	at io.lettuce.core.LettuceFutures.awaitOrCancel(LettuceFutures.java:134)\r\n	at io.lettuce.core.FutureSyncInvocationHandler.handleInvocation(FutureSyncInvocationHandler.java:75)\r\n	at io.lettuce.core.internal.AbstractInvocationHandler.invoke(AbstractInvocationHandler.java:79)\r\n	at com.sun.proxy.$Proxy257.sismember(Unknown Source)\r\n	at org.springframework.data.redis.connection.lettuce.LettuceSetCommands.sIsMember(LettuceSetCommands.java:219)\r\n	... 115 more\r\nCaused by: java.io.IOException: 远程主机强迫关闭了一个现有的连接。\r\n	at sun.nio.ch.SocketDispatcher.read0(Native Method)\r\n	at sun.nio.ch.SocketDispatcher.read(SocketDispatcher.java:43)\r\n	at sun.nio.ch.IOUtil.readIntoNativeBuffer(IOUtil.java:223)\r\n	at sun.nio.ch.IOUtil.read(IOUtil.java:192)\r\n	at sun.nio.ch.SocketChannelImpl.read(SocketChannelImpl.java:378)\r\n	at io.netty.buffer.PooledByteBuf.setBytes(PooledByteBuf.java:253)\r\n	at io.netty.buffer.AbstractByteBuf.writeBytes(AbstractByteBuf.java:1134)\r\n	at io.netty.channel.socket.nio.NioSocketChannel.doReadBytes(NioSocketChannel.java:350)\r\n	at io.netty.channel.nio.AbstractNioByteChannel$NioByteUnsafe.read(AbstractNioByteChannel.java:151)\r\n	at io.netty.channel.nio.NioEventLoop.processSelectedKey(NioEventLoop.java:719)\r\n	at io.netty.channel.nio.NioEventLoop.processSelectedKeysOptimized(NioEventLoop.java:655)\r\n	at io.netty.channel.nio.NioEventLoop.processSelectedKeys(NioEventLoop.java:581)\r\n	at io.netty.channel.nio.NioEventLoop.run(NioEventLoop.java:493)\r\n	at io.netty.util.concurrent.SingleThreadEventExecutor$4.run(SingleThreadEventExecutor.java:989)\r\n	at io.netty.util.internal.ThreadExecutorMap$2.run(ThreadExecutorMap.java:74)\r\n	at io.netty.util.concurrent.FastThreadLocalRunnable.run(FastThreadLocalRunnable.java:30)\r\n	... 1 more\r\n', '127.0.0.1', '内网IP|内网IP', '2024-05-06 08:24:58'),
	(3, '/report', 'com.aurora.controller.AuroraInfoController.report', 'POST', NULL, '上报访客信息', 'org.springframework.data.redis.RedisSystemException: Redis exception; nested exception is io.lettuce.core.RedisException: java.io.IOException: 远程主机强迫关闭了一个现有的连接。\r\n	at org.springframework.data.redis.connection.lettuce.LettuceExceptionConverter.convert(LettuceExceptionConverter.java:74)\r\n	at org.springframework.data.redis.connection.lettuce.LettuceExceptionConverter.convert(LettuceExceptionConverter.java:41)\r\n	at org.springframework.data.redis.PassThroughExceptionTranslationStrategy.translate(PassThroughExceptionTranslationStrategy.java:44)\r\n	at org.springframework.data.redis.FallbackExceptionTranslationStrategy.translate(FallbackExceptionTranslationStrategy.java:42)\r\n	at org.springframework.data.redis.connection.lettuce.LettuceConnection.convertLettuceAccessException(LettuceConnection.java:273)\r\n	at org.springframework.data.redis.connection.lettuce.LettuceSetCommands.convertLettuceAccessException(LettuceSetCommands.java:520)\r\n	at org.springframework.data.redis.connection.lettuce.LettuceSetCommands.sIsMember(LettuceSetCommands.java:221)\r\n	at org.springframework.data.redis.connection.DefaultedRedisConnection.sIsMember(DefaultedRedisConnection.java:784)\r\n	at org.springframework.data.redis.core.DefaultSetOperations.lambda$isMember$9(DefaultSetOperations.java:203)\r\n	at org.springframework.data.redis.core.RedisTemplate.execute(RedisTemplate.java:228)\r\n	at org.springframework.data.redis.core.RedisTemplate.execute(RedisTemplate.java:188)\r\n	at org.springframework.data.redis.core.AbstractOperations.execute(AbstractOperations.java:96)\r\n	at org.springframework.data.redis.core.DefaultSetOperations.isMember(DefaultSetOperations.java:203)\r\n	at com.aurora.service.impl.RedisServiceImpl.sIsMember(RedisServiceImpl.java:191)\r\n	at com.aurora.service.impl.AuroraInfoServiceImpl.report(AuroraInfoServiceImpl.java:79)\r\n	at com.aurora.service.impl.AuroraInfoServiceImpl$$FastClassBySpringCGLIB$$50a233f3.invoke(<generated>)\r\n	at org.springframework.cglib.proxy.MethodProxy.invoke(MethodProxy.java:218)\r\n	at org.springframework.aop.framework.CglibAopProxy$DynamicAdvisedInterceptor.intercept(CglibAopProxy.java:687)\r\n	at com.aurora.service.impl.AuroraInfoServiceImpl$$EnhancerBySpringCGLIB$$cb310c60.report(<generated>)\r\n	at com.aurora.controller.AuroraInfoController.report(AuroraInfoController.java:39)\r\n	at com.aurora.controller.AuroraInfoController$$FastClassBySpringCGLIB$$ae14dc1b.invoke(<generated>)\r\n	at org.springframework.cglib.proxy.MethodProxy.invoke(MethodProxy.java:218)\r\n	at org.springframework.aop.framework.CglibAopProxy$CglibMethodInvocation.invokeJoinpoint(CglibAopProxy.java:771)\r\n	at org.springframework.aop.framework.ReflectiveMethodInvocation.proceed(ReflectiveMethodInvocation.java:163)\r\n	at org.springframework.aop.framework.CglibAopProxy$CglibMethodInvocation.proceed(CglibAopProxy.java:749)\r\n	at org.springframework.aop.aspectj.AspectJAfterThrowingAdvice.invoke(AspectJAfterThrowingAdvice.java:62)\r\n	at org.springframework.aop.framework.ReflectiveMethodInvocation.proceed(ReflectiveMethodInvocation.java:186)\r\n	at org.springframework.aop.framework.CglibAopProxy$CglibMethodInvocation.proceed(CglibAopProxy.java:749)\r\n	at org.springframework.aop.interceptor.ExposeInvocationInterceptor.invoke(ExposeInvocationInterceptor.java:95)\r\n	at org.springframework.aop.framework.ReflectiveMethodInvocation.proceed(ReflectiveMethodInvocation.java:186)\r\n	at org.springframework.aop.framework.CglibAopProxy$CglibMethodInvocation.proceed(CglibAopProxy.java:749)\r\n	at org.springframework.aop.framework.CglibAopProxy$DynamicAdvisedInterceptor.intercept(CglibAopProxy.java:691)\r\n	at com.aurora.controller.AuroraInfoController$$EnhancerBySpringCGLIB$$fe40219f.report(<generated>)\r\n	at sun.reflect.NativeMethodAccessorImpl.invoke0(Native Method)\r\n	at sun.reflect.NativeMethodAccessorImpl.invoke(NativeMethodAccessorImpl.java:62)\r\n	at sun.reflect.DelegatingMethodAccessorImpl.invoke(DelegatingMethodAccessorImpl.java:43)\r\n	at java.lang.reflect.Method.invoke(Method.java:498)\r\n	at org.springframework.web.method.support.InvocableHandlerMethod.doInvoke(InvocableHandlerMethod.java:190)\r\n	at org.springframework.web.method.support.InvocableHandlerMethod.invokeForRequest(InvocableHandlerMethod.java:138)\r\n	at org.springframework.web.servlet.mvc.method.annotation.ServletInvocableHandlerMethod.invokeAndHandle(ServletInvocableHandlerMethod.java:105)\r\n	at org.springframework.web.servlet.mvc.method.annotation.RequestMappingHandlerAdapter.invokeHandlerMethod(RequestMappingHandlerAdapter.java:878)\r\n	at org.springframework.web.servlet.mvc.method.annotation.RequestMappingHandlerAdapter.handleInternal(RequestMappingHandlerAdapter.java:792)\r\n	at org.springframework.web.servlet.mvc.method.AbstractHandlerMethodAdapter.handle(AbstractHandlerMethodAdapter.java:87)\r\n	at org.springframework.web.servlet.DispatcherServlet.doDispatch(DispatcherServlet.java:1040)\r\n	at org.springframework.web.servlet.DispatcherServlet.doService(DispatcherServlet.java:943)\r\n	at org.springframework.web.servlet.FrameworkServlet.processRequest(FrameworkServlet.java:1006)\r\n	at org.springframework.web.servlet.FrameworkServlet.doPost(FrameworkServlet.java:909)\r\n	at javax.servlet.http.HttpServlet.service(HttpServlet.java:652)\r\n	at org.springframework.web.servlet.FrameworkServlet.service(FrameworkServlet.java:883)\r\n	at javax.servlet.http.HttpServlet.service(HttpServlet.java:733)\r\n	at org.apache.catalina.core.ApplicationFilterChain.internalDoFilter(ApplicationFilterChain.java:231)\r\n	at org.apache.catalina.core.ApplicationFilterChain.doFilter(ApplicationFilterChain.java:166)\r\n	at org.apache.tomcat.websocket.server.WsFilter.doFilter(WsFilter.java:53)\r\n	at org.apache.catalina.core.ApplicationFilterChain.internalDoFilter(ApplicationFilterChain.java:193)\r\n	at org.apache.catalina.core.ApplicationFilterChain.doFilter(ApplicationFilterChain.java:166)\r\n	at org.springframework.web.filter.OncePerRequestFilter.doFilter(OncePerRequestFilter.java:113)\r\n	at org.apache.catalina.core.ApplicationFilterChain.internalDoFilter(ApplicationFilterChain.java:193)\r\n	at org.apache.catalina.core.ApplicationFilterChain.doFilter(ApplicationFilterChain.java:166)\r\n	at org.springframework.security.web.FilterChainProxy$VirtualFilterChain.doFilter(FilterChainProxy.java:320)\r\n	at org.springframework.security.web.access.intercept.FilterSecurityInterceptor.invoke(FilterSecurityInterceptor.java:126)\r\n	at org.springframework.security.web.access.intercept.FilterSecurityInterceptor.doFilter(FilterSecurityInterceptor.java:90)\r\n	at org.springframework.security.web.FilterChainProxy$VirtualFilterChain.doFilter(FilterChainProxy.java:334)\r\n	at org.springframework.security.web.access.ExceptionTranslationFilter.doFilter(ExceptionTranslationFilter.java:118)\r\n	at org.springframework.security.web.FilterChainProxy$VirtualFilterChain.doFilter(FilterChainProxy.java:334)\r\n	at org.springframework.security.web.session.SessionManagementFilter.doFilter(SessionManagementFilter.java:137)\r\n	at org.springframework.security.web.FilterChainProxy$VirtualFilterChain.doFilter(FilterChainProxy.java:334)\r\n	at org.springframework.security.web.authentication.AnonymousAuthenticationFilter.doFilter(AnonymousAuthenticationFilter.java:111)\r\n	at org.springframework.security.web.FilterChainProxy$VirtualFilterChain.doFilter(FilterChainProxy.java:334)\r\n	at org.springframework.security.web.servletapi.SecurityContextHolderAwareRequestFilter.doFilter(SecurityContextHolderAwareRequestFilter.java:158)\r\n	at org.springframework.security.web.FilterChainProxy$VirtualFilterChain.doFilter(FilterChainProxy.java:334)\r\n	at org.springframework.security.web.savedrequest.RequestCacheAwareFilter.doFilter(RequestCacheAwareFilter.java:63)\r\n	at org.springframework.security.web.FilterChainProxy$VirtualFilterChain.doFilter(FilterChainProxy.java:334)\r\n	at org.springframework.security.web.authentication.AbstractAuthenticationProcessingFilter.doFilter(AbstractAuthenticationProcessingFilter.java:200)\r\n	at org.springframework.security.web.FilterChainProxy$VirtualFilterChain.doFilter(FilterChainProxy.java:334)\r\n	at com.aurora.filter.JwtAuthenticationTokenFilter.doFilterInternal(JwtAuthenticationTokenFilter.java:39)\r\n	at org.springframework.web.filter.OncePerRequestFilter.doFilter(OncePerRequestFilter.java:119)\r\n	at org.springframework.security.web.FilterChainProxy$VirtualFilterChain.doFilter(FilterChainProxy.java:334)\r\n	at org.springframework.security.web.authentication.logout.LogoutFilter.doFilter(LogoutFilter.java:116)\r\n	at org.springframework.security.web.FilterChainProxy$VirtualFilterChain.doFilter(FilterChainProxy.java:334)\r\n	at org.springframework.security.web.header.HeaderWriterFilter.doHeadersAfter(HeaderWriterFilter.java:92)\r\n	at org.springframework.security.web.header.HeaderWriterFilter.doFilterInternal(HeaderWriterFilter.java:77)\r\n	at org.springframework.web.filter.OncePerRequestFilter.doFilter(OncePerRequestFilter.java:119)\r\n	at org.springframework.security.web.FilterChainProxy$VirtualFilterChain.doFilter(FilterChainProxy.java:334)\r\n	at org.springframework.security.web.context.SecurityContextPersistenceFilter.doFilter(SecurityContextPersistenceFilter.java:105)\r\n	at org.springframework.security.web.FilterChainProxy$VirtualFilterChain.doFilter(FilterChainProxy.java:334)\r\n	at org.springframework.security.web.context.request.async.WebAsyncManagerIntegrationFilter.doFilterInternal(WebAsyncManagerIntegrationFilter.java:56)\r\n	at org.springframework.web.filter.OncePerRequestFilter.doFilter(OncePerRequestFilter.java:119)\r\n	at org.springframework.security.web.FilterChainProxy$VirtualFilterChain.doFilter(FilterChainProxy.java:334)\r\n	at org.springframework.security.web.FilterChainProxy.doFilterInternal(FilterChainProxy.java:215)\r\n	at org.springframework.security.web.FilterChainProxy.doFilter(FilterChainProxy.java:178)\r\n	at org.springframework.web.filter.DelegatingFilterProxy.invokeDelegate(DelegatingFilterProxy.java:358)\r\n	at org.springframework.web.filter.DelegatingFilterProxy.doFilter(DelegatingFilterProxy.java:271)\r\n	at org.apache.catalina.core.ApplicationFilterChain.internalDoFilter(ApplicationFilterChain.java:193)\r\n	at org.apache.catalina.core.ApplicationFilterChain.doFilter(ApplicationFilterChain.java:166)\r\n	at org.springframework.web.filter.RequestContextFilter.doFilterInternal(RequestContextFilter.java:100)\r\n	at org.springframework.web.filter.OncePerRequestFilter.doFilter(OncePerRequestFilter.java:119)\r\n	at org.apache.catalina.core.ApplicationFilterChain.internalDoFilter(ApplicationFilterChain.java:193)\r\n	at org.apache.catalina.core.ApplicationFilterChain.doFilter(ApplicationFilterChain.java:166)\r\n	at org.springframework.web.filter.FormContentFilter.doFilterInternal(FormContentFilter.java:93)\r\n	at org.springframework.web.filter.OncePerRequestFilter.doFilter(OncePerRequestFilter.java:119)\r\n	at org.apache.catalina.core.ApplicationFilterChain.internalDoFilter(ApplicationFilterChain.java:193)\r\n	at org.apache.catalina.core.ApplicationFilterChain.doFilter(ApplicationFilterChain.java:166)\r\n	at org.springframework.web.filter.CharacterEncodingFilter.doFilterInternal(CharacterEncodingFilter.java:201)\r\n	at org.springframework.web.filter.OncePerRequestFilter.doFilter(OncePerRequestFilter.java:119)\r\n	at org.apache.catalina.core.ApplicationFilterChain.internalDoFilter(ApplicationFilterChain.java:193)\r\n	at org.apache.catalina.core.ApplicationFilterChain.doFilter(ApplicationFilterChain.java:166)\r\n	at org.apache.catalina.core.StandardWrapperValve.invoke(StandardWrapperValve.java:202)\r\n	at org.apache.catalina.core.StandardContextValve.invoke(StandardContextValve.java:97)\r\n	at org.apache.catalina.authenticator.AuthenticatorBase.invoke(AuthenticatorBase.java:542)\r\n	at org.apache.catalina.core.StandardHostValve.invoke(StandardHostValve.java:143)\r\n	at org.apache.catalina.valves.ErrorReportValve.invoke(ErrorReportValve.java:92)\r\n	at org.apache.catalina.core.StandardEngineValve.invoke(StandardEngineValve.java:78)\r\n	at org.apache.catalina.connector.CoyoteAdapter.service(CoyoteAdapter.java:343)\r\n	at org.apache.coyote.http11.Http11Processor.service(Http11Processor.java:374)\r\n	at org.apache.coyote.AbstractProcessorLight.process(AbstractProcessorLight.java:65)\r\n	at org.apache.coyote.AbstractProtocol$ConnectionHandler.process(AbstractProtocol.java:888)\r\n	at org.apache.tomcat.util.net.NioEndpoint$SocketProcessor.doRun(NioEndpoint.java:1597)\r\n	at org.apache.tomcat.util.net.SocketProcessorBase.run(SocketProcessorBase.java:49)\r\n	at java.util.concurrent.ThreadPoolExecutor.runWorker(ThreadPoolExecutor.java:1149)\r\n	at java.util.concurrent.ThreadPoolExecutor$Worker.run(ThreadPoolExecutor.java:624)\r\n	at org.apache.tomcat.util.threads.TaskThread$WrappingRunnable.run(TaskThread.java:61)\r\n	at java.lang.Thread.run(Thread.java:748)\r\nCaused by: io.lettuce.core.RedisException: java.io.IOException: 远程主机强迫关闭了一个现有的连接。\r\n	at io.lettuce.core.LettuceFutures.awaitOrCancel(LettuceFutures.java:134)\r\n	at io.lettuce.core.FutureSyncInvocationHandler.handleInvocation(FutureSyncInvocationHandler.java:75)\r\n	at io.lettuce.core.internal.AbstractInvocationHandler.invoke(AbstractInvocationHandler.java:79)\r\n	at com.sun.proxy.$Proxy257.sismember(Unknown Source)\r\n	at org.springframework.data.redis.connection.lettuce.LettuceSetCommands.sIsMember(LettuceSetCommands.java:219)\r\n	... 115 more\r\nCaused by: java.io.IOException: 远程主机强迫关闭了一个现有的连接。\r\n	at sun.nio.ch.SocketDispatcher.read0(Native Method)\r\n	at sun.nio.ch.SocketDispatcher.read(SocketDispatcher.java:43)\r\n	at sun.nio.ch.IOUtil.readIntoNativeBuffer(IOUtil.java:223)\r\n	at sun.nio.ch.IOUtil.read(IOUtil.java:192)\r\n	at sun.nio.ch.SocketChannelImpl.read(SocketChannelImpl.java:378)\r\n	at io.netty.buffer.PooledByteBuf.setBytes(PooledByteBuf.java:253)\r\n	at io.netty.buffer.AbstractByteBuf.writeBytes(AbstractByteBuf.java:1134)\r\n	at io.netty.channel.socket.nio.NioSocketChannel.doReadBytes(NioSocketChannel.java:350)\r\n	at io.netty.channel.nio.AbstractNioByteChannel$NioByteUnsafe.read(AbstractNioByteChannel.java:151)\r\n	at io.netty.channel.nio.NioEventLoop.processSelectedKey(NioEventLoop.java:719)\r\n	at io.netty.channel.nio.NioEventLoop.processSelectedKeysOptimized(NioEventLoop.java:655)\r\n	at io.netty.channel.nio.NioEventLoop.processSelectedKeys(NioEventLoop.java:581)\r\n	at io.netty.channel.nio.NioEventLoop.run(NioEventLoop.java:493)\r\n	at io.netty.util.concurrent.SingleThreadEventExecutor$4.run(SingleThreadEventExecutor.java:989)\r\n	at io.netty.util.internal.ThreadExecutorMap$2.run(ThreadExecutorMap.java:74)\r\n	at io.netty.util.concurrent.FastThreadLocalRunnable.run(FastThreadLocalRunnable.java:30)\r\n	... 1 more\r\n', '127.0.0.1', '内网IP|内网IP', '2024-05-06 08:35:21'),
	(4, '/users/info', 'com.aurora.controller.UserInfoController.updateUserInfo', 'PUT', '[{"intro":"一个Coder","nickname":"CunfuPeng","website":"http://bingbingfuhao.cn"}]', '更新用户信息', 'java.lang.ClassCastException: java.lang.String cannot be cast to com.aurora.model.dto.UserDetailsDTO\r\n	at com.aurora.util.UserUtil.getUserDetailsDTO(UserUtil.java:13)\r\n	at com.aurora.service.impl.UserInfoServiceImpl.updateUserInfo(UserInfoServiceImpl.java:64)\r\n	at com.aurora.service.impl.UserInfoServiceImpl$$FastClassBySpringCGLIB$$8a988b28.invoke(<generated>)\r\n	at org.springframework.cglib.proxy.MethodProxy.invoke(MethodProxy.java:218)\r\n	at org.springframework.aop.framework.CglibAopProxy$CglibMethodInvocation.invokeJoinpoint(CglibAopProxy.java:771)\r\n	at org.springframework.aop.framework.ReflectiveMethodInvocation.proceed(ReflectiveMethodInvocation.java:163)\r\n	at org.springframework.aop.framework.CglibAopProxy$CglibMethodInvocation.proceed(CglibAopProxy.java:749)\r\n	at org.springframework.transaction.interceptor.TransactionAspectSupport.invokeWithinTransaction(TransactionAspectSupport.java:367)\r\n	at org.springframework.transaction.interceptor.TransactionInterceptor.invoke(TransactionInterceptor.java:118)\r\n	at org.springframework.aop.framework.ReflectiveMethodInvocation.proceed(ReflectiveMethodInvocation.java:186)\r\n	at org.springframework.aop.framework.CglibAopProxy$CglibMethodInvocation.proceed(CglibAopProxy.java:749)\r\n	at org.springframework.aop.framework.CglibAopProxy$DynamicAdvisedInterceptor.intercept(CglibAopProxy.java:691)\r\n	at com.aurora.service.impl.UserInfoServiceImpl$$EnhancerBySpringCGLIB$$4d75bb1f.updateUserInfo(<generated>)\r\n	at com.aurora.controller.UserInfoController.updateUserInfo(UserInfoController.java:32)\r\n	at com.aurora.controller.UserInfoController$$FastClassBySpringCGLIB$$19719586.invoke(<generated>)\r\n	at org.springframework.cglib.proxy.MethodProxy.invoke(MethodProxy.java:218)\r\n	at org.springframework.aop.framework.CglibAopProxy$CglibMethodInvocation.invokeJoinpoint(CglibAopProxy.java:771)\r\n	at org.springframework.aop.framework.ReflectiveMethodInvocation.proceed(ReflectiveMethodInvocation.java:163)\r\n	at org.springframework.aop.framework.CglibAopProxy$CglibMethodInvocation.proceed(CglibAopProxy.java:749)\r\n	at org.springframework.aop.framework.adapter.AfterReturningAdviceInterceptor.invoke(AfterReturningAdviceInterceptor.java:55)\r\n	at org.springframework.aop.framework.ReflectiveMethodInvocation.proceed(ReflectiveMethodInvocation.java:175)\r\n	at org.springframework.aop.framework.CglibAopProxy$CglibMethodInvocation.proceed(CglibAopProxy.java:749)\r\n	at org.springframework.aop.aspectj.AspectJAfterThrowingAdvice.invoke(AspectJAfterThrowingAdvice.java:62)\r\n	at org.springframework.aop.framework.ReflectiveMethodInvocation.proceed(ReflectiveMethodInvocation.java:186)\r\n	at org.springframework.aop.framework.CglibAopProxy$CglibMethodInvocation.proceed(CglibAopProxy.java:749)\r\n	at org.springframework.aop.interceptor.ExposeInvocationInterceptor.invoke(ExposeInvocationInterceptor.java:95)\r\n	at org.springframework.aop.framework.ReflectiveMethodInvocation.proceed(ReflectiveMethodInvocation.java:186)\r\n	at org.springframework.aop.framework.CglibAopProxy$CglibMethodInvocation.proceed(CglibAopProxy.java:749)\r\n	at org.springframework.aop.framework.CglibAopProxy$DynamicAdvisedInterceptor.intercept(CglibAopProxy.java:691)\r\n	at com.aurora.controller.UserInfoController$$EnhancerBySpringCGLIB$$d19408c0.updateUserInfo(<generated>)\r\n	at sun.reflect.NativeMethodAccessorImpl.invoke0(Native Method)\r\n	at sun.reflect.NativeMethodAccessorImpl.invoke(NativeMethodAccessorImpl.java:62)\r\n	at sun.reflect.DelegatingMethodAccessorImpl.invoke(DelegatingMethodAccessorImpl.java:43)\r\n	at java.lang.reflect.Method.invoke(Method.java:498)\r\n	at org.springframework.web.method.support.InvocableHandlerMethod.doInvoke(InvocableHandlerMethod.java:190)\r\n	at org.springframework.web.method.support.InvocableHandlerMethod.invokeForRequest(InvocableHandlerMethod.java:138)\r\n	at org.springframework.web.servlet.mvc.method.annotation.ServletInvocableHandlerMethod.invokeAndHandle(ServletInvocableHandlerMethod.java:105)\r\n	at org.springframework.web.servlet.mvc.method.annotation.RequestMappingHandlerAdapter.invokeHandlerMethod(RequestMappingHandlerAdapter.java:878)\r\n	at org.springframework.web.servlet.mvc.method.annotation.RequestMappingHandlerAdapter.handleInternal(RequestMappingHandlerAdapter.java:792)\r\n	at org.springframework.web.servlet.mvc.method.AbstractHandlerMethodAdapter.handle(AbstractHandlerMethodAdapter.java:87)\r\n	at org.springframework.web.servlet.DispatcherServlet.doDispatch(DispatcherServlet.java:1040)\r\n	at org.springframework.web.servlet.DispatcherServlet.doService(DispatcherServlet.java:943)\r\n	at org.springframework.web.servlet.FrameworkServlet.processRequest(FrameworkServlet.java:1006)\r\n	at org.springframework.web.servlet.FrameworkServlet.doPut(FrameworkServlet.java:920)\r\n	at javax.servlet.http.HttpServlet.service(HttpServlet.java:655)\r\n	at org.springframework.web.servlet.FrameworkServlet.service(FrameworkServlet.java:883)\r\n	at javax.servlet.http.HttpServlet.service(HttpServlet.java:733)\r\n	at org.apache.catalina.core.ApplicationFilterChain.internalDoFilter(ApplicationFilterChain.java:231)\r\n	at org.apache.catalina.core.ApplicationFilterChain.doFilter(ApplicationFilterChain.java:166)\r\n	at org.apache.tomcat.websocket.server.WsFilter.doFilter(WsFilter.java:53)\r\n	at org.apache.catalina.core.ApplicationFilterChain.internalDoFilter(ApplicationFilterChain.java:193)\r\n	at org.apache.catalina.core.ApplicationFilterChain.doFilter(ApplicationFilterChain.java:166)\r\n	at org.springframework.web.filter.OncePerRequestFilter.doFilter(OncePerRequestFilter.java:113)\r\n	at org.apache.catalina.core.ApplicationFilterChain.internalDoFilter(ApplicationFilterChain.java:193)\r\n	at org.apache.catalina.core.ApplicationFilterChain.doFilter(ApplicationFilterChain.java:166)\r\n	at org.springframework.security.web.FilterChainProxy$VirtualFilterChain.doFilter(FilterChainProxy.java:320)\r\n	at org.springframework.security.web.access.intercept.FilterSecurityInterceptor.invoke(FilterSecurityInterceptor.java:126)\r\n	at org.springframework.security.web.access.intercept.FilterSecurityInterceptor.doFilter(FilterSecurityInterceptor.java:90)\r\n	at org.springframework.security.web.FilterChainProxy$VirtualFilterChain.doFilter(FilterChainProxy.java:334)\r\n	at org.springframework.security.web.access.ExceptionTranslationFilter.doFilter(ExceptionTranslationFilter.java:118)\r\n	at org.springframework.security.web.FilterChainProxy$VirtualFilterChain.doFilter(FilterChainProxy.java:334)\r\n	at org.springframework.security.web.session.SessionManagementFilter.doFilter(SessionManagementFilter.java:137)\r\n	at org.springframework.security.web.FilterChainProxy$VirtualFilterChain.doFilter(FilterChainProxy.java:334)\r\n	at org.springframework.security.web.authentication.AnonymousAuthenticationFilter.doFilter(AnonymousAuthenticationFilter.java:111)\r\n	at org.springframework.security.web.FilterChainProxy$VirtualFilterChain.doFilter(FilterChainProxy.java:334)\r\n	at org.springframework.security.web.servletapi.SecurityContextHolderAwareRequestFilter.doFilter(SecurityContextHolderAwareRequestFilter.java:158)\r\n	at org.springframework.security.web.FilterChainProxy$VirtualFilterChain.doFilter(FilterChainProxy.java:334)\r\n	at org.springframework.security.web.savedrequest.RequestCacheAwareFilter.doFilter(RequestCacheAwareFilter.java:63)\r\n	at org.springframework.security.web.FilterChainProxy$VirtualFilterChain.doFilter(FilterChainProxy.java:334)\r\n	at org.springframework.security.web.authentication.AbstractAuthenticationProcessingFilter.doFilter(AbstractAuthenticationProcessingFilter.java:200)\r\n	at org.springframework.security.web.FilterChainProxy$VirtualFilterChain.doFilter(FilterChainProxy.java:334)\r\n	at com.aurora.filter.JwtAuthenticationTokenFilter.doFilterInternal(JwtAuthenticationTokenFilter.java:39)\r\n	at org.springframework.web.filter.OncePerRequestFilter.doFilter(OncePerRequestFilter.java:119)\r\n	at org.springframework.security.web.FilterChainProxy$VirtualFilterChain.doFilter(FilterChainProxy.java:334)\r\n	at org.springframework.security.web.authentication.logout.LogoutFilter.doFilter(LogoutFilter.java:116)\r\n	at org.springframework.security.web.FilterChainProxy$VirtualFilterChain.doFilter(FilterChainProxy.java:334)\r\n	at org.springframework.security.web.header.HeaderWriterFilter.doHeadersAfter(HeaderWriterFilter.java:92)\r\n	at org.springframework.security.web.header.HeaderWriterFilter.doFilterInternal(HeaderWriterFilter.java:77)\r\n	at org.springframework.web.filter.OncePerRequestFilter.doFilter(OncePerRequestFilter.java:119)\r\n	at org.springframework.security.web.FilterChainProxy$VirtualFilterChain.doFilter(FilterChainProxy.java:334)\r\n	at org.springframework.security.web.context.SecurityContextPersistenceFilter.doFilter(SecurityContextPersistenceFilter.java:105)\r\n	at org.springframework.security.web.FilterChainProxy$VirtualFilterChain.doFilter(FilterChainProxy.java:334)\r\n	at org.springframework.security.web.context.request.async.WebAsyncManagerIntegrationFilter.doFilterInternal(WebAsyncManagerIntegrationFilter.java:56)\r\n	at org.springframework.web.filter.OncePerRequestFilter.doFilter(OncePerRequestFilter.java:119)\r\n	at org.springframework.security.web.FilterChainProxy$VirtualFilterChain.doFilter(FilterChainProxy.java:334)\r\n	at org.springframework.security.web.FilterChainProxy.doFilterInternal(FilterChainProxy.java:215)\r\n	at org.springframework.security.web.FilterChainProxy.doFilter(FilterChainProxy.java:178)\r\n	at org.springframework.web.filter.DelegatingFilterProxy.invokeDelegate(DelegatingFilterProxy.java:358)\r\n	at org.springframework.web.filter.DelegatingFilterProxy.doFilter(DelegatingFilterProxy.java:271)\r\n	at org.apache.catalina.core.ApplicationFilterChain.internalDoFilter(ApplicationFilterChain.java:193)\r\n	at org.apache.catalina.core.ApplicationFilterChain.doFilter(ApplicationFilterChain.java:166)\r\n	at org.springframework.web.filter.RequestContextFilter.doFilterInternal(RequestContextFilter.java:100)\r\n	at org.springframework.web.filter.OncePerRequestFilter.doFilter(OncePerRequestFilter.java:119)\r\n	at org.apache.catalina.core.ApplicationFilterChain.internalDoFilter(ApplicationFilterChain.java:193)\r\n	at org.apache.catalina.core.ApplicationFilterChain.doFilter(ApplicationFilterChain.java:166)\r\n	at org.springframework.web.filter.FormContentFilter.doFilterInternal(FormContentFilter.java:93)\r\n	at org.springframework.web.filter.OncePerRequestFilter.doFilter(OncePerRequestFilter.java:119)\r\n	at org.apache.catalina.core.ApplicationFilterChain.internalDoFilter(ApplicationFilterChain.java:193)\r\n	at org.apache.catalina.core.ApplicationFilterChain.doFilter(ApplicationFilterChain.java:166)\r\n	at org.springframework.web.filter.CharacterEncodingFilter.doFilterInternal(CharacterEncodingFilter.java:201)\r\n	at org.springframework.web.filter.OncePerRequestFilter.doFilter(OncePerRequestFilter.java:119)\r\n	at org.apache.catalina.core.ApplicationFilterChain.internalDoFilter(ApplicationFilterChain.java:193)\r\n	at org.apache.catalina.core.ApplicationFilterChain.doFilter(ApplicationFilterChain.java:166)\r\n	at org.apache.catalina.core.StandardWrapperValve.invoke(StandardWrapperValve.java:202)\r\n	at org.apache.catalina.core.StandardContextValve.invoke(StandardContextValve.java:97)\r\n	at org.apache.catalina.authenticator.AuthenticatorBase.invoke(AuthenticatorBase.java:542)\r\n	at org.apache.catalina.core.StandardHostValve.invoke(StandardHostValve.java:143)\r\n	at org.apache.catalina.valves.ErrorReportValve.invoke(ErrorReportValve.java:92)\r\n	at org.apache.catalina.core.StandardEngineValve.invoke(StandardEngineValve.java:78)\r\n	at org.apache.catalina.connector.CoyoteAdapter.service(CoyoteAdapter.java:343)\r\n	at org.apache.coyote.http11.Http11Processor.service(Http11Processor.java:374)\r\n	at org.apache.coyote.AbstractProcessorLight.process(AbstractProcessorLight.java:65)\r\n	at org.apache.coyote.AbstractProtocol$ConnectionHandler.process(AbstractProtocol.java:888)\r\n	at org.apache.tomcat.util.net.NioEndpoint$SocketProcessor.doRun(NioEndpoint.java:1597)\r\n	at org.apache.tomcat.util.net.SocketProcessorBase.run(SocketProcessorBase.java:49)\r\n	at java.util.concurrent.ThreadPoolExecutor.runWorker(ThreadPoolExecutor.java:1149)\r\n	at java.util.concurrent.ThreadPoolExecutor$Worker.run(ThreadPoolExecutor.java:624)\r\n	at org.apache.tomcat.util.threads.TaskThread$WrappingRunnable.run(TaskThread.java:61)\r\n	at java.lang.Thread.run(Thread.java:748)\r\n', '127.0.0.1', '内网IP|内网IP', '2024-05-06 08:35:55'),
	(5, '/users/info', 'com.aurora.controller.UserInfoController.updateUserInfo', 'PUT', '[{"intro":"一个Coder","nickname":"CunfuPeng","website":"http://bingbingfuhao.cn"}]', '更新用户信息', 'java.lang.ClassCastException: java.lang.String cannot be cast to com.aurora.model.dto.UserDetailsDTO\r\n	at com.aurora.util.UserUtil.getUserDetailsDTO(UserUtil.java:13)\r\n	at com.aurora.service.impl.UserInfoServiceImpl.updateUserInfo(UserInfoServiceImpl.java:64)\r\n	at com.aurora.service.impl.UserInfoServiceImpl$$FastClassBySpringCGLIB$$8a988b28.invoke(<generated>)\r\n	at org.springframework.cglib.proxy.MethodProxy.invoke(MethodProxy.java:218)\r\n	at org.springframework.aop.framework.CglibAopProxy$CglibMethodInvocation.invokeJoinpoint(CglibAopProxy.java:771)\r\n	at org.springframework.aop.framework.ReflectiveMethodInvocation.proceed(ReflectiveMethodInvocation.java:163)\r\n	at org.springframework.aop.framework.CglibAopProxy$CglibMethodInvocation.proceed(CglibAopProxy.java:749)\r\n	at org.springframework.transaction.interceptor.TransactionAspectSupport.invokeWithinTransaction(TransactionAspectSupport.java:367)\r\n	at org.springframework.transaction.interceptor.TransactionInterceptor.invoke(TransactionInterceptor.java:118)\r\n	at org.springframework.aop.framework.ReflectiveMethodInvocation.proceed(ReflectiveMethodInvocation.java:186)\r\n	at org.springframework.aop.framework.CglibAopProxy$CglibMethodInvocation.proceed(CglibAopProxy.java:749)\r\n	at org.springframework.aop.framework.CglibAopProxy$DynamicAdvisedInterceptor.intercept(CglibAopProxy.java:691)\r\n	at com.aurora.service.impl.UserInfoServiceImpl$$EnhancerBySpringCGLIB$$4d75bb1f.updateUserInfo(<generated>)\r\n	at com.aurora.controller.UserInfoController.updateUserInfo(UserInfoController.java:32)\r\n	at com.aurora.controller.UserInfoController$$FastClassBySpringCGLIB$$19719586.invoke(<generated>)\r\n	at org.springframework.cglib.proxy.MethodProxy.invoke(MethodProxy.java:218)\r\n	at org.springframework.aop.framework.CglibAopProxy$CglibMethodInvocation.invokeJoinpoint(CglibAopProxy.java:771)\r\n	at org.springframework.aop.framework.ReflectiveMethodInvocation.proceed(ReflectiveMethodInvocation.java:163)\r\n	at org.springframework.aop.framework.CglibAopProxy$CglibMethodInvocation.proceed(CglibAopProxy.java:749)\r\n	at org.springframework.aop.framework.adapter.AfterReturningAdviceInterceptor.invoke(AfterReturningAdviceInterceptor.java:55)\r\n	at org.springframework.aop.framework.ReflectiveMethodInvocation.proceed(ReflectiveMethodInvocation.java:175)\r\n	at org.springframework.aop.framework.CglibAopProxy$CglibMethodInvocation.proceed(CglibAopProxy.java:749)\r\n	at org.springframework.aop.aspectj.AspectJAfterThrowingAdvice.invoke(AspectJAfterThrowingAdvice.java:62)\r\n	at org.springframework.aop.framework.ReflectiveMethodInvocation.proceed(ReflectiveMethodInvocation.java:186)\r\n	at org.springframework.aop.framework.CglibAopProxy$CglibMethodInvocation.proceed(CglibAopProxy.java:749)\r\n	at org.springframework.aop.interceptor.ExposeInvocationInterceptor.invoke(ExposeInvocationInterceptor.java:95)\r\n	at org.springframework.aop.framework.ReflectiveMethodInvocation.proceed(ReflectiveMethodInvocation.java:186)\r\n	at org.springframework.aop.framework.CglibAopProxy$CglibMethodInvocation.proceed(CglibAopProxy.java:749)\r\n	at org.springframework.aop.framework.CglibAopProxy$DynamicAdvisedInterceptor.intercept(CglibAopProxy.java:691)\r\n	at com.aurora.controller.UserInfoController$$EnhancerBySpringCGLIB$$d19408c0.updateUserInfo(<generated>)\r\n	at sun.reflect.NativeMethodAccessorImpl.invoke0(Native Method)\r\n	at sun.reflect.NativeMethodAccessorImpl.invoke(NativeMethodAccessorImpl.java:62)\r\n	at sun.reflect.DelegatingMethodAccessorImpl.invoke(DelegatingMethodAccessorImpl.java:43)\r\n	at java.lang.reflect.Method.invoke(Method.java:498)\r\n	at org.springframework.web.method.support.InvocableHandlerMethod.doInvoke(InvocableHandlerMethod.java:190)\r\n	at org.springframework.web.method.support.InvocableHandlerMethod.invokeForRequest(InvocableHandlerMethod.java:138)\r\n	at org.springframework.web.servlet.mvc.method.annotation.ServletInvocableHandlerMethod.invokeAndHandle(ServletInvocableHandlerMethod.java:105)\r\n	at org.springframework.web.servlet.mvc.method.annotation.RequestMappingHandlerAdapter.invokeHandlerMethod(RequestMappingHandlerAdapter.java:878)\r\n	at org.springframework.web.servlet.mvc.method.annotation.RequestMappingHandlerAdapter.handleInternal(RequestMappingHandlerAdapter.java:792)\r\n	at org.springframework.web.servlet.mvc.method.AbstractHandlerMethodAdapter.handle(AbstractHandlerMethodAdapter.java:87)\r\n	at org.springframework.web.servlet.DispatcherServlet.doDispatch(DispatcherServlet.java:1040)\r\n	at org.springframework.web.servlet.DispatcherServlet.doService(DispatcherServlet.java:943)\r\n	at org.springframework.web.servlet.FrameworkServlet.processRequest(FrameworkServlet.java:1006)\r\n	at org.springframework.web.servlet.FrameworkServlet.doPut(FrameworkServlet.java:920)\r\n	at javax.servlet.http.HttpServlet.service(HttpServlet.java:655)\r\n	at org.springframework.web.servlet.FrameworkServlet.service(FrameworkServlet.java:883)\r\n	at javax.servlet.http.HttpServlet.service(HttpServlet.java:733)\r\n	at org.apache.catalina.core.ApplicationFilterChain.internalDoFilter(ApplicationFilterChain.java:231)\r\n	at org.apache.catalina.core.ApplicationFilterChain.doFilter(ApplicationFilterChain.java:166)\r\n	at org.apache.tomcat.websocket.server.WsFilter.doFilter(WsFilter.java:53)\r\n	at org.apache.catalina.core.ApplicationFilterChain.internalDoFilter(ApplicationFilterChain.java:193)\r\n	at org.apache.catalina.core.ApplicationFilterChain.doFilter(ApplicationFilterChain.java:166)\r\n	at org.springframework.web.filter.OncePerRequestFilter.doFilter(OncePerRequestFilter.java:113)\r\n	at org.apache.catalina.core.ApplicationFilterChain.internalDoFilter(ApplicationFilterChain.java:193)\r\n	at org.apache.catalina.core.ApplicationFilterChain.doFilter(ApplicationFilterChain.java:166)\r\n	at org.springframework.security.web.FilterChainProxy$VirtualFilterChain.doFilter(FilterChainProxy.java:320)\r\n	at org.springframework.security.web.access.intercept.FilterSecurityInterceptor.invoke(FilterSecurityInterceptor.java:126)\r\n	at org.springframework.security.web.access.intercept.FilterSecurityInterceptor.doFilter(FilterSecurityInterceptor.java:90)\r\n	at org.springframework.security.web.FilterChainProxy$VirtualFilterChain.doFilter(FilterChainProxy.java:334)\r\n	at org.springframework.security.web.access.ExceptionTranslationFilter.doFilter(ExceptionTranslationFilter.java:118)\r\n	at org.springframework.security.web.FilterChainProxy$VirtualFilterChain.doFilter(FilterChainProxy.java:334)\r\n	at org.springframework.security.web.session.SessionManagementFilter.doFilter(SessionManagementFilter.java:137)\r\n	at org.springframework.security.web.FilterChainProxy$VirtualFilterChain.doFilter(FilterChainProxy.java:334)\r\n	at org.springframework.security.web.authentication.AnonymousAuthenticationFilter.doFilter(AnonymousAuthenticationFilter.java:111)\r\n	at org.springframework.security.web.FilterChainProxy$VirtualFilterChain.doFilter(FilterChainProxy.java:334)\r\n	at org.springframework.security.web.servletapi.SecurityContextHolderAwareRequestFilter.doFilter(SecurityContextHolderAwareRequestFilter.java:158)\r\n	at org.springframework.security.web.FilterChainProxy$VirtualFilterChain.doFilter(FilterChainProxy.java:334)\r\n	at org.springframework.security.web.savedrequest.RequestCacheAwareFilter.doFilter(RequestCacheAwareFilter.java:63)\r\n	at org.springframework.security.web.FilterChainProxy$VirtualFilterChain.doFilter(FilterChainProxy.java:334)\r\n	at org.springframework.security.web.authentication.AbstractAuthenticationProcessingFilter.doFilter(AbstractAuthenticationProcessingFilter.java:200)\r\n	at org.springframework.security.web.FilterChainProxy$VirtualFilterChain.doFilter(FilterChainProxy.java:334)\r\n	at com.aurora.filter.JwtAuthenticationTokenFilter.doFilterInternal(JwtAuthenticationTokenFilter.java:39)\r\n	at org.springframework.web.filter.OncePerRequestFilter.doFilter(OncePerRequestFilter.java:119)\r\n	at org.springframework.security.web.FilterChainProxy$VirtualFilterChain.doFilter(FilterChainProxy.java:334)\r\n	at org.springframework.security.web.authentication.logout.LogoutFilter.doFilter(LogoutFilter.java:116)\r\n	at org.springframework.security.web.FilterChainProxy$VirtualFilterChain.doFilter(FilterChainProxy.java:334)\r\n	at org.springframework.security.web.header.HeaderWriterFilter.doHeadersAfter(HeaderWriterFilter.java:92)\r\n	at org.springframework.security.web.header.HeaderWriterFilter.doFilterInternal(HeaderWriterFilter.java:77)\r\n	at org.springframework.web.filter.OncePerRequestFilter.doFilter(OncePerRequestFilter.java:119)\r\n	at org.springframework.security.web.FilterChainProxy$VirtualFilterChain.doFilter(FilterChainProxy.java:334)\r\n	at org.springframework.security.web.context.SecurityContextPersistenceFilter.doFilter(SecurityContextPersistenceFilter.java:105)\r\n	at org.springframework.security.web.FilterChainProxy$VirtualFilterChain.doFilter(FilterChainProxy.java:334)\r\n	at org.springframework.security.web.context.request.async.WebAsyncManagerIntegrationFilter.doFilterInternal(WebAsyncManagerIntegrationFilter.java:56)\r\n	at org.springframework.web.filter.OncePerRequestFilter.doFilter(OncePerRequestFilter.java:119)\r\n	at org.springframework.security.web.FilterChainProxy$VirtualFilterChain.doFilter(FilterChainProxy.java:334)\r\n	at org.springframework.security.web.FilterChainProxy.doFilterInternal(FilterChainProxy.java:215)\r\n	at org.springframework.security.web.FilterChainProxy.doFilter(FilterChainProxy.java:178)\r\n	at org.springframework.web.filter.DelegatingFilterProxy.invokeDelegate(DelegatingFilterProxy.java:358)\r\n	at org.springframework.web.filter.DelegatingFilterProxy.doFilter(DelegatingFilterProxy.java:271)\r\n	at org.apache.catalina.core.ApplicationFilterChain.internalDoFilter(ApplicationFilterChain.java:193)\r\n	at org.apache.catalina.core.ApplicationFilterChain.doFilter(ApplicationFilterChain.java:166)\r\n	at org.springframework.web.filter.RequestContextFilter.doFilterInternal(RequestContextFilter.java:100)\r\n	at org.springframework.web.filter.OncePerRequestFilter.doFilter(OncePerRequestFilter.java:119)\r\n	at org.apache.catalina.core.ApplicationFilterChain.internalDoFilter(ApplicationFilterChain.java:193)\r\n	at org.apache.catalina.core.ApplicationFilterChain.doFilter(ApplicationFilterChain.java:166)\r\n	at org.springframework.web.filter.FormContentFilter.doFilterInternal(FormContentFilter.java:93)\r\n	at org.springframework.web.filter.OncePerRequestFilter.doFilter(OncePerRequestFilter.java:119)\r\n	at org.apache.catalina.core.ApplicationFilterChain.internalDoFilter(ApplicationFilterChain.java:193)\r\n	at org.apache.catalina.core.ApplicationFilterChain.doFilter(ApplicationFilterChain.java:166)\r\n	at org.springframework.web.filter.CharacterEncodingFilter.doFilterInternal(CharacterEncodingFilter.java:201)\r\n	at org.springframework.web.filter.OncePerRequestFilter.doFilter(OncePerRequestFilter.java:119)\r\n	at org.apache.catalina.core.ApplicationFilterChain.internalDoFilter(ApplicationFilterChain.java:193)\r\n	at org.apache.catalina.core.ApplicationFilterChain.doFilter(ApplicationFilterChain.java:166)\r\n	at org.apache.catalina.core.StandardWrapperValve.invoke(StandardWrapperValve.java:202)\r\n	at org.apache.catalina.core.StandardContextValve.invoke(StandardContextValve.java:97)\r\n	at org.apache.catalina.authenticator.AuthenticatorBase.invoke(AuthenticatorBase.java:542)\r\n	at org.apache.catalina.core.StandardHostValve.invoke(StandardHostValve.java:143)\r\n	at org.apache.catalina.valves.ErrorReportValve.invoke(ErrorReportValve.java:92)\r\n	at org.apache.catalina.core.StandardEngineValve.invoke(StandardEngineValve.java:78)\r\n	at org.apache.catalina.connector.CoyoteAdapter.service(CoyoteAdapter.java:343)\r\n	at org.apache.coyote.http11.Http11Processor.service(Http11Processor.java:374)\r\n	at org.apache.coyote.AbstractProcessorLight.process(AbstractProcessorLight.java:65)\r\n	at org.apache.coyote.AbstractProtocol$ConnectionHandler.process(AbstractProtocol.java:888)\r\n	at org.apache.tomcat.util.net.NioEndpoint$SocketProcessor.doRun(NioEndpoint.java:1597)\r\n	at org.apache.tomcat.util.net.SocketProcessorBase.run(SocketProcessorBase.java:49)\r\n	at java.util.concurrent.ThreadPoolExecutor.runWorker(ThreadPoolExecutor.java:1149)\r\n	at java.util.concurrent.ThreadPoolExecutor$Worker.run(ThreadPoolExecutor.java:624)\r\n	at org.apache.tomcat.util.threads.TaskThread$WrappingRunnable.run(TaskThread.java:61)\r\n	at java.lang.Thread.run(Thread.java:748)\r\n', '127.0.0.1', '内网IP|内网IP', '2024-05-06 08:35:57'),
	(6, '/users/register', 'com.aurora.controller.UserAuthController.register', 'POST', '[{"code":"064719 ","password":"123456","username":"g3173484026@outlook.com"}]', '用户注册', 'com.aurora.exception.BizException: 验证码错误！\r\n	at com.aurora.service.impl.UserAuthServiceImpl.checkUser(UserAuthServiceImpl.java:198)\r\n	at com.aurora.service.impl.UserAuthServiceImpl.register(UserAuthServiceImpl.java:124)\r\n	at com.aurora.service.impl.UserAuthServiceImpl$$FastClassBySpringCGLIB$$be1c91ee.invoke(<generated>)\r\n	at org.springframework.cglib.proxy.MethodProxy.invoke(MethodProxy.java:218)\r\n	at org.springframework.aop.framework.CglibAopProxy$CglibMethodInvocation.invokeJoinpoint(CglibAopProxy.java:771)\r\n	at org.springframework.aop.framework.ReflectiveMethodInvocation.proceed(ReflectiveMethodInvocation.java:163)\r\n	at org.springframework.aop.framework.CglibAopProxy$CglibMethodInvocation.proceed(CglibAopProxy.java:749)\r\n	at org.springframework.transaction.interceptor.TransactionAspectSupport.invokeWithinTransaction(TransactionAspectSupport.java:367)\r\n	at org.springframework.transaction.interceptor.TransactionInterceptor.invoke(TransactionInterceptor.java:118)\r\n	at org.springframework.aop.framework.ReflectiveMethodInvocation.proceed(ReflectiveMethodInvocation.java:186)\r\n	at org.springframework.aop.framework.CglibAopProxy$CglibMethodInvocation.proceed(CglibAopProxy.java:749)\r\n	at org.springframework.aop.framework.CglibAopProxy$DynamicAdvisedInterceptor.intercept(CglibAopProxy.java:691)\r\n	at com.aurora.service.impl.UserAuthServiceImpl$$EnhancerBySpringCGLIB$$a013b31.register(<generated>)\r\n	at com.aurora.controller.UserAuthController.register(UserAuthController.java:51)\r\n	at com.aurora.controller.UserAuthController$$FastClassBySpringCGLIB$$e98e9e00.invoke(<generated>)\r\n	at org.springframework.cglib.proxy.MethodProxy.invoke(MethodProxy.java:218)\r\n	at org.springframework.aop.framework.CglibAopProxy$CglibMethodInvocation.invokeJoinpoint(CglibAopProxy.java:771)\r\n	at org.springframework.aop.framework.ReflectiveMethodInvocation.proceed(ReflectiveMethodInvocation.java:163)\r\n	at org.springframework.aop.framework.CglibAopProxy$CglibMethodInvocation.proceed(CglibAopProxy.java:749)\r\n	at org.springframework.aop.aspectj.AspectJAfterThrowingAdvice.invoke(AspectJAfterThrowingAdvice.java:62)\r\n	at org.springframework.aop.framework.ReflectiveMethodInvocation.proceed(ReflectiveMethodInvocation.java:186)\r\n	at org.springframework.aop.framework.CglibAopProxy$CglibMethodInvocation.proceed(CglibAopProxy.java:749)\r\n	at org.springframework.aop.interceptor.ExposeInvocationInterceptor.invoke(ExposeInvocationInterceptor.java:95)\r\n	at org.springframework.aop.framework.ReflectiveMethodInvocation.proceed(ReflectiveMethodInvocation.java:186)\r\n	at org.springframework.aop.framework.CglibAopProxy$CglibMethodInvocation.proceed(CglibAopProxy.java:749)\r\n	at org.springframework.aop.framework.CglibAopProxy$DynamicAdvisedInterceptor.intercept(CglibAopProxy.java:691)\r\n	at com.aurora.controller.UserAuthController$$EnhancerBySpringCGLIB$$f06f3e6e.register(<generated>)\r\n	at sun.reflect.NativeMethodAccessorImpl.invoke0(Native Method)\r\n	at sun.reflect.NativeMethodAccessorImpl.invoke(NativeMethodAccessorImpl.java:62)\r\n	at sun.reflect.DelegatingMethodAccessorImpl.invoke(DelegatingMethodAccessorImpl.java:43)\r\n	at java.lang.reflect.Method.invoke(Method.java:498)\r\n	at org.springframework.web.method.support.InvocableHandlerMethod.doInvoke(InvocableHandlerMethod.java:190)\r\n	at org.springframework.web.method.support.InvocableHandlerMethod.invokeForRequest(InvocableHandlerMethod.java:138)\r\n	at org.springframework.web.servlet.mvc.method.annotation.ServletInvocableHandlerMethod.invokeAndHandle(ServletInvocableHandlerMethod.java:105)\r\n	at org.springframework.web.servlet.mvc.method.annotation.RequestMappingHandlerAdapter.invokeHandlerMethod(RequestMappingHandlerAdapter.java:878)\r\n	at org.springframework.web.servlet.mvc.method.annotation.RequestMappingHandlerAdapter.handleInternal(RequestMappingHandlerAdapter.java:792)\r\n	at org.springframework.web.servlet.mvc.method.AbstractHandlerMethodAdapter.handle(AbstractHandlerMethodAdapter.java:87)\r\n	at org.springframework.web.servlet.DispatcherServlet.doDispatch(DispatcherServlet.java:1040)\r\n	at org.springframework.web.servlet.DispatcherServlet.doService(DispatcherServlet.java:943)\r\n	at org.springframework.web.servlet.FrameworkServlet.processRequest(FrameworkServlet.java:1006)\r\n	at org.springframework.web.servlet.FrameworkServlet.doPost(FrameworkServlet.java:909)\r\n	at javax.servlet.http.HttpServlet.service(HttpServlet.java:652)\r\n	at org.springframework.web.servlet.FrameworkServlet.service(FrameworkServlet.java:883)\r\n	at javax.servlet.http.HttpServlet.service(HttpServlet.java:733)\r\n	at org.apache.catalina.core.ApplicationFilterChain.internalDoFilter(ApplicationFilterChain.java:231)\r\n	at org.apache.catalina.core.ApplicationFilterChain.doFilter(ApplicationFilterChain.java:166)\r\n	at org.apache.tomcat.websocket.server.WsFilter.doFilter(WsFilter.java:53)\r\n	at org.apache.catalina.core.ApplicationFilterChain.internalDoFilter(ApplicationFilterChain.java:193)\r\n	at org.apache.catalina.core.ApplicationFilterChain.doFilter(ApplicationFilterChain.java:166)\r\n	at org.springframework.web.filter.OncePerRequestFilter.doFilter(OncePerRequestFilter.java:113)\r\n	at org.apache.catalina.core.ApplicationFilterChain.internalDoFilter(ApplicationFilterChain.java:193)\r\n	at org.apache.catalina.core.ApplicationFilterChain.doFilter(ApplicationFilterChain.java:166)\r\n	at org.springframework.security.web.FilterChainProxy$VirtualFilterChain.doFilter(FilterChainProxy.java:320)\r\n	at org.springframework.security.web.access.intercept.FilterSecurityInterceptor.invoke(FilterSecurityInterceptor.java:126)\r\n	at org.springframework.security.web.access.intercept.FilterSecurityInterceptor.doFilter(FilterSecurityInterceptor.java:90)\r\n	at org.springframework.security.web.FilterChainProxy$VirtualFilterChain.doFilter(FilterChainProxy.java:334)\r\n	at org.springframework.security.web.access.ExceptionTranslationFilter.doFilter(ExceptionTranslationFilter.java:118)\r\n	at org.springframework.security.web.FilterChainProxy$VirtualFilterChain.doFilter(FilterChainProxy.java:334)\r\n	at org.springframework.security.web.session.SessionManagementFilter.doFilter(SessionManagementFilter.java:137)\r\n	at org.springframework.security.web.FilterChainProxy$VirtualFilterChain.doFilter(FilterChainProxy.java:334)\r\n	at org.springframework.security.web.authentication.AnonymousAuthenticationFilter.doFilter(AnonymousAuthenticationFilter.java:111)\r\n	at org.springframework.security.web.FilterChainProxy$VirtualFilterChain.doFilter(FilterChainProxy.java:334)\r\n	at org.springframework.security.web.servletapi.SecurityContextHolderAwareRequestFilter.doFilter(SecurityContextHolderAwareRequestFilter.java:158)\r\n	at org.springframework.security.web.FilterChainProxy$VirtualFilterChain.doFilter(FilterChainProxy.java:334)\r\n	at org.springframework.security.web.savedrequest.RequestCacheAwareFilter.doFilter(RequestCacheAwareFilter.java:63)\r\n	at org.springframework.security.web.FilterChainProxy$VirtualFilterChain.doFilter(FilterChainProxy.java:334)\r\n	at org.springframework.security.web.authentication.AbstractAuthenticationProcessingFilter.doFilter(AbstractAuthenticationProcessingFilter.java:200)\r\n	at org.springframework.security.web.FilterChainProxy$VirtualFilterChain.doFilter(FilterChainProxy.java:334)\r\n	at com.aurora.filter.JwtAuthenticationTokenFilter.doFilterInternal(JwtAuthenticationTokenFilter.java:39)\r\n	at org.springframework.web.filter.OncePerRequestFilter.doFilter(OncePerRequestFilter.java:119)\r\n	at org.springframework.security.web.FilterChainProxy$VirtualFilterChain.doFilter(FilterChainProxy.java:334)\r\n	at org.springframework.security.web.authentication.logout.LogoutFilter.doFilter(LogoutFilter.java:116)\r\n	at org.springframework.security.web.FilterChainProxy$VirtualFilterChain.doFilter(FilterChainProxy.java:334)\r\n	at org.springframework.security.web.header.HeaderWriterFilter.doHeadersAfter(HeaderWriterFilter.java:92)\r\n	at org.springframework.security.web.header.HeaderWriterFilter.doFilterInternal(HeaderWriterFilter.java:77)\r\n	at org.springframework.web.filter.OncePerRequestFilter.doFilter(OncePerRequestFilter.java:119)\r\n	at org.springframework.security.web.FilterChainProxy$VirtualFilterChain.doFilter(FilterChainProxy.java:334)\r\n	at org.springframework.security.web.context.SecurityContextPersistenceFilter.doFilter(SecurityContextPersistenceFilter.java:105)\r\n	at org.springframework.security.web.FilterChainProxy$VirtualFilterChain.doFilter(FilterChainProxy.java:334)\r\n	at org.springframework.security.web.context.request.async.WebAsyncManagerIntegrationFilter.doFilterInternal(WebAsyncManagerIntegrationFilter.java:56)\r\n	at org.springframework.web.filter.OncePerRequestFilter.doFilter(OncePerRequestFilter.java:119)\r\n	at org.springframework.security.web.FilterChainProxy$VirtualFilterChain.doFilter(FilterChainProxy.java:334)\r\n	at org.springframework.security.web.FilterChainProxy.doFilterInternal(FilterChainProxy.java:215)\r\n	at org.springframework.security.web.FilterChainProxy.doFilter(FilterChainProxy.java:178)\r\n	at org.springframework.web.filter.DelegatingFilterProxy.invokeDelegate(DelegatingFilterProxy.java:358)\r\n	at org.springframework.web.filter.DelegatingFilterProxy.doFilter(DelegatingFilterProxy.java:271)\r\n	at org.apache.catalina.core.ApplicationFilterChain.internalDoFilter(ApplicationFilterChain.java:193)\r\n	at org.apache.catalina.core.ApplicationFilterChain.doFilter(ApplicationFilterChain.java:166)\r\n	at org.springframework.web.filter.RequestContextFilter.doFilterInternal(RequestContextFilter.java:100)\r\n	at org.springframework.web.filter.OncePerRequestFilter.doFilter(OncePerRequestFilter.java:119)\r\n	at org.apache.catalina.core.ApplicationFilterChain.internalDoFilter(ApplicationFilterChain.java:193)\r\n	at org.apache.catalina.core.ApplicationFilterChain.doFilter(ApplicationFilterChain.java:166)\r\n	at org.springframework.web.filter.FormContentFilter.doFilterInternal(FormContentFilter.java:93)\r\n	at org.springframework.web.filter.OncePerRequestFilter.doFilter(OncePerRequestFilter.java:119)\r\n	at org.apache.catalina.core.ApplicationFilterChain.internalDoFilter(ApplicationFilterChain.java:193)\r\n	at org.apache.catalina.core.ApplicationFilterChain.doFilter(ApplicationFilterChain.java:166)\r\n	at org.springframework.web.filter.CharacterEncodingFilter.doFilterInternal(CharacterEncodingFilter.java:201)\r\n	at org.springframework.web.filter.OncePerRequestFilter.doFilter(OncePerRequestFilter.java:119)\r\n	at org.apache.catalina.core.ApplicationFilterChain.internalDoFilter(ApplicationFilterChain.java:193)\r\n	at org.apache.catalina.core.ApplicationFilterChain.doFilter(ApplicationFilterChain.java:166)\r\n	at org.apache.catalina.core.StandardWrapperValve.invoke(StandardWrapperValve.java:202)\r\n	at org.apache.catalina.core.StandardContextValve.invoke(StandardContextValve.java:97)\r\n	at org.apache.catalina.authenticator.AuthenticatorBase.invoke(AuthenticatorBase.java:542)\r\n	at org.apache.catalina.core.StandardHostValve.invoke(StandardHostValve.java:143)\r\n	at org.apache.catalina.valves.ErrorReportValve.invoke(ErrorReportValve.java:92)\r\n	at org.apache.catalina.core.StandardEngineValve.invoke(StandardEngineValve.java:78)\r\n	at org.apache.catalina.connector.CoyoteAdapter.service(CoyoteAdapter.java:343)\r\n	at org.apache.coyote.http11.Http11Processor.service(Http11Processor.java:374)\r\n	at org.apache.coyote.AbstractProcessorLight.process(AbstractProcessorLight.java:65)\r\n	at org.apache.coyote.AbstractProtocol$ConnectionHandler.process(AbstractProtocol.java:888)\r\n	at org.apache.tomcat.util.net.NioEndpoint$SocketProcessor.doRun(NioEndpoint.java:1597)\r\n	at org.apache.tomcat.util.net.SocketProcessorBase.run(SocketProcessorBase.java:49)\r\n	at java.util.concurrent.ThreadPoolExecutor.runWorker(ThreadPoolExecutor.java:1149)\r\n	at java.util.concurrent.ThreadPoolExecutor$Worker.run(ThreadPoolExecutor.java:624)\r\n	at org.apache.tomcat.util.threads.TaskThread$WrappingRunnable.run(TaskThread.java:61)\r\n	at java.lang.Thread.run(Thread.java:748)\r\n', '127.0.0.1', '内网IP|内网IP', '2024-05-06 09:08:47'),
	(7, '/users/logout', 'com.blog.controller.UserAuthController.logout', 'POST', NULL, '用户登出', 'java.lang.ClassCastException: java.lang.String cannot be cast to com.blog.model.dto.UserDetailsDTO\r\n	at com.blog.util.UserUtil.getUserDetailsDTO(UserUtil.java:13)\r\n	at com.blog.service.impl.UserAuthServiceImpl.logout(UserAuthServiceImpl.java:186)\r\n	at com.blog.service.impl.UserAuthServiceImpl$$FastClassBySpringCGLIB$$9260ceac.invoke(<generated>)\r\n	at org.springframework.cglib.proxy.MethodProxy.invoke(MethodProxy.java:218)\r\n	at org.springframework.aop.framework.CglibAopProxy$DynamicAdvisedInterceptor.intercept(CglibAopProxy.java:687)\r\n	at com.blog.service.impl.UserAuthServiceImpl$$EnhancerBySpringCGLIB$$52c2d82b.logout(<generated>)\r\n	at com.blog.controller.UserAuthController.logout(UserAuthController.java:74)\r\n	at com.blog.controller.UserAuthController$$FastClassBySpringCGLIB$$c82bca02.invoke(<generated>)\r\n	at org.springframework.cglib.proxy.MethodProxy.invoke(MethodProxy.java:218)\r\n	at org.springframework.aop.framework.CglibAopProxy$CglibMethodInvocation.invokeJoinpoint(CglibAopProxy.java:771)\r\n	at org.springframework.aop.framework.ReflectiveMethodInvocation.proceed(ReflectiveMethodInvocation.java:163)\r\n	at org.springframework.aop.framework.CglibAopProxy$CglibMethodInvocation.proceed(CglibAopProxy.java:749)\r\n	at org.springframework.aop.aspectj.AspectJAfterThrowingAdvice.invoke(AspectJAfterThrowingAdvice.java:62)\r\n	at org.springframework.aop.framework.ReflectiveMethodInvocation.proceed(ReflectiveMethodInvocation.java:186)\r\n	at org.springframework.aop.framework.CglibAopProxy$CglibMethodInvocation.proceed(CglibAopProxy.java:749)\r\n	at org.springframework.aop.interceptor.ExposeInvocationInterceptor.invoke(ExposeInvocationInterceptor.java:95)\r\n	at org.springframework.aop.framework.ReflectiveMethodInvocation.proceed(ReflectiveMethodInvocation.java:186)\r\n	at org.springframework.aop.framework.CglibAopProxy$CglibMethodInvocation.proceed(CglibAopProxy.java:749)\r\n	at org.springframework.aop.framework.CglibAopProxy$DynamicAdvisedInterceptor.intercept(CglibAopProxy.java:691)\r\n	at com.blog.controller.UserAuthController$$EnhancerBySpringCGLIB$$5b8dac72.logout(<generated>)\r\n	at sun.reflect.NativeMethodAccessorImpl.invoke0(Native Method)\r\n	at sun.reflect.NativeMethodAccessorImpl.invoke(NativeMethodAccessorImpl.java:62)\r\n	at sun.reflect.DelegatingMethodAccessorImpl.invoke(DelegatingMethodAccessorImpl.java:43)\r\n	at java.lang.reflect.Method.invoke(Method.java:498)\r\n	at org.springframework.web.method.support.InvocableHandlerMethod.doInvoke(InvocableHandlerMethod.java:190)\r\n	at org.springframework.web.method.support.InvocableHandlerMethod.invokeForRequest(InvocableHandlerMethod.java:138)\r\n	at org.springframework.web.servlet.mvc.method.annotation.ServletInvocableHandlerMethod.invokeAndHandle(ServletInvocableHandlerMethod.java:105)\r\n	at org.springframework.web.servlet.mvc.method.annotation.RequestMappingHandlerAdapter.invokeHandlerMethod(RequestMappingHandlerAdapter.java:878)\r\n	at org.springframework.web.servlet.mvc.method.annotation.RequestMappingHandlerAdapter.handleInternal(RequestMappingHandlerAdapter.java:792)\r\n	at org.springframework.web.servlet.mvc.method.AbstractHandlerMethodAdapter.handle(AbstractHandlerMethodAdapter.java:87)\r\n	at org.springframework.web.servlet.DispatcherServlet.doDispatch(DispatcherServlet.java:1040)\r\n	at org.springframework.web.servlet.DispatcherServlet.doService(DispatcherServlet.java:943)\r\n	at org.springframework.web.servlet.FrameworkServlet.processRequest(FrameworkServlet.java:1006)\r\n	at org.springframework.web.servlet.FrameworkServlet.doPost(FrameworkServlet.java:909)\r\n	at javax.servlet.http.HttpServlet.service(HttpServlet.java:652)\r\n	at org.springframework.web.servlet.FrameworkServlet.service(FrameworkServlet.java:883)\r\n	at javax.servlet.http.HttpServlet.service(HttpServlet.java:733)\r\n	at org.apache.catalina.core.ApplicationFilterChain.internalDoFilter(ApplicationFilterChain.java:231)\r\n	at org.apache.catalina.core.ApplicationFilterChain.doFilter(ApplicationFilterChain.java:166)\r\n	at org.apache.tomcat.websocket.server.WsFilter.doFilter(WsFilter.java:53)\r\n	at org.apache.catalina.core.ApplicationFilterChain.internalDoFilter(ApplicationFilterChain.java:193)\r\n	at org.apache.catalina.core.ApplicationFilterChain.doFilter(ApplicationFilterChain.java:166)\r\n	at org.springframework.web.filter.OncePerRequestFilter.doFilter(OncePerRequestFilter.java:113)\r\n	at org.apache.catalina.core.ApplicationFilterChain.internalDoFilter(ApplicationFilterChain.java:193)\r\n	at org.apache.catalina.core.ApplicationFilterChain.doFilter(ApplicationFilterChain.java:166)\r\n	at org.springframework.security.web.FilterChainProxy$VirtualFilterChain.doFilter(FilterChainProxy.java:320)\r\n	at org.springframework.security.web.access.intercept.FilterSecurityInterceptor.invoke(FilterSecurityInterceptor.java:126)\r\n	at org.springframework.security.web.access.intercept.FilterSecurityInterceptor.doFilter(FilterSecurityInterceptor.java:90)\r\n	at org.springframework.security.web.FilterChainProxy$VirtualFilterChain.doFilter(FilterChainProxy.java:334)\r\n	at org.springframework.security.web.access.ExceptionTranslationFilter.doFilter(ExceptionTranslationFilter.java:118)\r\n	at org.springframework.security.web.FilterChainProxy$VirtualFilterChain.doFilter(FilterChainProxy.java:334)\r\n	at org.springframework.security.web.session.SessionManagementFilter.doFilter(SessionManagementFilter.java:137)\r\n	at org.springframework.security.web.FilterChainProxy$VirtualFilterChain.doFilter(FilterChainProxy.java:334)\r\n	at org.springframework.security.web.authentication.AnonymousAuthenticationFilter.doFilter(AnonymousAuthenticationFilter.java:111)\r\n	at org.springframework.security.web.FilterChainProxy$VirtualFilterChain.doFilter(FilterChainProxy.java:334)\r\n	at org.springframework.security.web.servletapi.SecurityContextHolderAwareRequestFilter.doFilter(SecurityContextHolderAwareRequestFilter.java:158)\r\n	at org.springframework.security.web.FilterChainProxy$VirtualFilterChain.doFilter(FilterChainProxy.java:334)\r\n	at org.springframework.security.web.savedrequest.RequestCacheAwareFilter.doFilter(RequestCacheAwareFilter.java:63)\r\n	at org.springframework.security.web.FilterChainProxy$VirtualFilterChain.doFilter(FilterChainProxy.java:334)\r\n	at org.springframework.security.web.authentication.AbstractAuthenticationProcessingFilter.doFilter(AbstractAuthenticationProcessingFilter.java:200)\r\n	at org.springframework.security.web.FilterChainProxy$VirtualFilterChain.doFilter(FilterChainProxy.java:334)\r\n	at com.blog.filter.JwtAuthenticationTokenFilter.doFilterInternal(JwtAuthenticationTokenFilter.java:39)\r\n	at org.springframework.web.filter.OncePerRequestFilter.doFilter(OncePerRequestFilter.java:119)\r\n	at org.springframework.security.web.FilterChainProxy$VirtualFilterChain.doFilter(FilterChainProxy.java:334)\r\n	at org.springframework.security.web.authentication.logout.LogoutFilter.doFilter(LogoutFilter.java:116)\r\n	at org.springframework.security.web.FilterChainProxy$VirtualFilterChain.doFilter(FilterChainProxy.java:334)\r\n	at org.springframework.security.web.header.HeaderWriterFilter.doHeadersAfter(HeaderWriterFilter.java:92)\r\n	at org.springframework.security.web.header.HeaderWriterFilter.doFilterInternal(HeaderWriterFilter.java:77)\r\n	at org.springframework.web.filter.OncePerRequestFilter.doFilter(OncePerRequestFilter.java:119)\r\n	at org.springframework.security.web.FilterChainProxy$VirtualFilterChain.doFilter(FilterChainProxy.java:334)\r\n	at org.springframework.security.web.context.SecurityContextPersistenceFilter.doFilter(SecurityContextPersistenceFilter.java:105)\r\n	at org.springframework.security.web.FilterChainProxy$VirtualFilterChain.doFilter(FilterChainProxy.java:334)\r\n	at org.springframework.security.web.context.request.async.WebAsyncManagerIntegrationFilter.doFilterInternal(WebAsyncManagerIntegrationFilter.java:56)\r\n	at org.springframework.web.filter.OncePerRequestFilter.doFilter(OncePerRequestFilter.java:119)\r\n	at org.springframework.security.web.FilterChainProxy$VirtualFilterChain.doFilter(FilterChainProxy.java:334)\r\n	at org.springframework.security.web.FilterChainProxy.doFilterInternal(FilterChainProxy.java:215)\r\n	at org.springframework.security.web.FilterChainProxy.doFilter(FilterChainProxy.java:178)\r\n	at org.springframework.web.filter.DelegatingFilterProxy.invokeDelegate(DelegatingFilterProxy.java:358)\r\n	at org.springframework.web.filter.DelegatingFilterProxy.doFilter(DelegatingFilterProxy.java:271)\r\n	at org.apache.catalina.core.ApplicationFilterChain.internalDoFilter(ApplicationFilterChain.java:193)\r\n	at org.apache.catalina.core.ApplicationFilterChain.doFilter(ApplicationFilterChain.java:166)\r\n	at org.springframework.web.filter.RequestContextFilter.doFilterInternal(RequestContextFilter.java:100)\r\n	at org.springframework.web.filter.OncePerRequestFilter.doFilter(OncePerRequestFilter.java:119)\r\n	at org.apache.catalina.core.ApplicationFilterChain.internalDoFilter(ApplicationFilterChain.java:193)\r\n	at org.apache.catalina.core.ApplicationFilterChain.doFilter(ApplicationFilterChain.java:166)\r\n	at org.springframework.web.filter.FormContentFilter.doFilterInternal(FormContentFilter.java:93)\r\n	at org.springframework.web.filter.OncePerRequestFilter.doFilter(OncePerRequestFilter.java:119)\r\n	at org.apache.catalina.core.ApplicationFilterChain.internalDoFilter(ApplicationFilterChain.java:193)\r\n	at org.apache.catalina.core.ApplicationFilterChain.doFilter(ApplicationFilterChain.java:166)\r\n	at org.springframework.web.filter.CharacterEncodingFilter.doFilterInternal(CharacterEncodingFilter.java:201)\r\n	at org.springframework.web.filter.OncePerRequestFilter.doFilter(OncePerRequestFilter.java:119)\r\n	at org.apache.catalina.core.ApplicationFilterChain.internalDoFilter(ApplicationFilterChain.java:193)\r\n	at org.apache.catalina.core.ApplicationFilterChain.doFilter(ApplicationFilterChain.java:166)\r\n	at org.apache.catalina.core.StandardWrapperValve.invoke(StandardWrapperValve.java:202)\r\n	at org.apache.catalina.core.StandardContextValve.invoke(StandardContextValve.java:97)\r\n	at org.apache.catalina.authenticator.AuthenticatorBase.invoke(AuthenticatorBase.java:542)\r\n	at org.apache.catalina.core.StandardHostValve.invoke(StandardHostValve.java:143)\r\n	at org.apache.catalina.valves.ErrorReportValve.invoke(ErrorReportValve.java:92)\r\n	at org.apache.catalina.core.StandardEngineValve.invoke(StandardEngineValve.java:78)\r\n	at org.apache.catalina.connector.CoyoteAdapter.service(CoyoteAdapter.java:343)\r\n	at org.apache.coyote.http11.Http11Processor.service(Http11Processor.java:374)\r\n	at org.apache.coyote.AbstractProcessorLight.process(AbstractProcessorLight.java:65)\r\n	at org.apache.coyote.AbstractProtocol$ConnectionHandler.process(AbstractProtocol.java:888)\r\n	at org.apache.tomcat.util.net.NioEndpoint$SocketProcessor.doRun(NioEndpoint.java:1597)\r\n	at org.apache.tomcat.util.net.SocketProcessorBase.run(SocketProcessorBase.java:49)\r\n	at java.util.concurrent.ThreadPoolExecutor.runWorker(ThreadPoolExecutor.java:1149)\r\n	at java.util.concurrent.ThreadPoolExecutor$Worker.run(ThreadPoolExecutor.java:624)\r\n	at org.apache.tomcat.util.threads.TaskThread$WrappingRunnable.run(TaskThread.java:61)\r\n	at java.lang.Thread.run(Thread.java:748)\r\n', '127.0.0.1', '内网IP|内网IP', '2024-05-06 10:09:25'),
	(8, '/users/logout', 'com.blog.controller.UserAuthController.logout', 'POST', NULL, '用户登出', 'java.lang.ClassCastException: java.lang.String cannot be cast to com.blog.model.dto.UserDetailsDTO\r\n	at com.blog.util.UserUtil.getUserDetailsDTO(UserUtil.java:13)\r\n	at com.blog.service.impl.UserAuthServiceImpl.logout(UserAuthServiceImpl.java:186)\r\n	at com.blog.service.impl.UserAuthServiceImpl$$FastClassBySpringCGLIB$$9260ceac.invoke(<generated>)\r\n	at org.springframework.cglib.proxy.MethodProxy.invoke(MethodProxy.java:218)\r\n	at org.springframework.aop.framework.CglibAopProxy$DynamicAdvisedInterceptor.intercept(CglibAopProxy.java:687)\r\n	at com.blog.service.impl.UserAuthServiceImpl$$EnhancerBySpringCGLIB$$52c2d82b.logout(<generated>)\r\n	at com.blog.controller.UserAuthController.logout(UserAuthController.java:74)\r\n	at com.blog.controller.UserAuthController$$FastClassBySpringCGLIB$$c82bca02.invoke(<generated>)\r\n	at org.springframework.cglib.proxy.MethodProxy.invoke(MethodProxy.java:218)\r\n	at org.springframework.aop.framework.CglibAopProxy$CglibMethodInvocation.invokeJoinpoint(CglibAopProxy.java:771)\r\n	at org.springframework.aop.framework.ReflectiveMethodInvocation.proceed(ReflectiveMethodInvocation.java:163)\r\n	at org.springframework.aop.framework.CglibAopProxy$CglibMethodInvocation.proceed(CglibAopProxy.java:749)\r\n	at org.springframework.aop.aspectj.AspectJAfterThrowingAdvice.invoke(AspectJAfterThrowingAdvice.java:62)\r\n	at org.springframework.aop.framework.ReflectiveMethodInvocation.proceed(ReflectiveMethodInvocation.java:186)\r\n	at org.springframework.aop.framework.CglibAopProxy$CglibMethodInvocation.proceed(CglibAopProxy.java:749)\r\n	at org.springframework.aop.interceptor.ExposeInvocationInterceptor.invoke(ExposeInvocationInterceptor.java:95)\r\n	at org.springframework.aop.framework.ReflectiveMethodInvocation.proceed(ReflectiveMethodInvocation.java:186)\r\n	at org.springframework.aop.framework.CglibAopProxy$CglibMethodInvocation.proceed(CglibAopProxy.java:749)\r\n	at org.springframework.aop.framework.CglibAopProxy$DynamicAdvisedInterceptor.intercept(CglibAopProxy.java:691)\r\n	at com.blog.controller.UserAuthController$$EnhancerBySpringCGLIB$$5b8dac72.logout(<generated>)\r\n	at sun.reflect.NativeMethodAccessorImpl.invoke0(Native Method)\r\n	at sun.reflect.NativeMethodAccessorImpl.invoke(NativeMethodAccessorImpl.java:62)\r\n	at sun.reflect.DelegatingMethodAccessorImpl.invoke(DelegatingMethodAccessorImpl.java:43)\r\n	at java.lang.reflect.Method.invoke(Method.java:498)\r\n	at org.springframework.web.method.support.InvocableHandlerMethod.doInvoke(InvocableHandlerMethod.java:190)\r\n	at org.springframework.web.method.support.InvocableHandlerMethod.invokeForRequest(InvocableHandlerMethod.java:138)\r\n	at org.springframework.web.servlet.mvc.method.annotation.ServletInvocableHandlerMethod.invokeAndHandle(ServletInvocableHandlerMethod.java:105)\r\n	at org.springframework.web.servlet.mvc.method.annotation.RequestMappingHandlerAdapter.invokeHandlerMethod(RequestMappingHandlerAdapter.java:878)\r\n	at org.springframework.web.servlet.mvc.method.annotation.RequestMappingHandlerAdapter.handleInternal(RequestMappingHandlerAdapter.java:792)\r\n	at org.springframework.web.servlet.mvc.method.AbstractHandlerMethodAdapter.handle(AbstractHandlerMethodAdapter.java:87)\r\n	at org.springframework.web.servlet.DispatcherServlet.doDispatch(DispatcherServlet.java:1040)\r\n	at org.springframework.web.servlet.DispatcherServlet.doService(DispatcherServlet.java:943)\r\n	at org.springframework.web.servlet.FrameworkServlet.processRequest(FrameworkServlet.java:1006)\r\n	at org.springframework.web.servlet.FrameworkServlet.doPost(FrameworkServlet.java:909)\r\n	at javax.servlet.http.HttpServlet.service(HttpServlet.java:652)\r\n	at org.springframework.web.servlet.FrameworkServlet.service(FrameworkServlet.java:883)\r\n	at javax.servlet.http.HttpServlet.service(HttpServlet.java:733)\r\n	at org.apache.catalina.core.ApplicationFilterChain.internalDoFilter(ApplicationFilterChain.java:231)\r\n	at org.apache.catalina.core.ApplicationFilterChain.doFilter(ApplicationFilterChain.java:166)\r\n	at org.apache.tomcat.websocket.server.WsFilter.doFilter(WsFilter.java:53)\r\n	at org.apache.catalina.core.ApplicationFilterChain.internalDoFilter(ApplicationFilterChain.java:193)\r\n	at org.apache.catalina.core.ApplicationFilterChain.doFilter(ApplicationFilterChain.java:166)\r\n	at org.springframework.web.filter.OncePerRequestFilter.doFilter(OncePerRequestFilter.java:113)\r\n	at org.apache.catalina.core.ApplicationFilterChain.internalDoFilter(ApplicationFilterChain.java:193)\r\n	at org.apache.catalina.core.ApplicationFilterChain.doFilter(ApplicationFilterChain.java:166)\r\n	at org.springframework.security.web.FilterChainProxy$VirtualFilterChain.doFilter(FilterChainProxy.java:320)\r\n	at org.springframework.security.web.access.intercept.FilterSecurityInterceptor.invoke(FilterSecurityInterceptor.java:126)\r\n	at org.springframework.security.web.access.intercept.FilterSecurityInterceptor.doFilter(FilterSecurityInterceptor.java:90)\r\n	at org.springframework.security.web.FilterChainProxy$VirtualFilterChain.doFilter(FilterChainProxy.java:334)\r\n	at org.springframework.security.web.access.ExceptionTranslationFilter.doFilter(ExceptionTranslationFilter.java:118)\r\n	at org.springframework.security.web.FilterChainProxy$VirtualFilterChain.doFilter(FilterChainProxy.java:334)\r\n	at org.springframework.security.web.session.SessionManagementFilter.doFilter(SessionManagementFilter.java:137)\r\n	at org.springframework.security.web.FilterChainProxy$VirtualFilterChain.doFilter(FilterChainProxy.java:334)\r\n	at org.springframework.security.web.authentication.AnonymousAuthenticationFilter.doFilter(AnonymousAuthenticationFilter.java:111)\r\n	at org.springframework.security.web.FilterChainProxy$VirtualFilterChain.doFilter(FilterChainProxy.java:334)\r\n	at org.springframework.security.web.servletapi.SecurityContextHolderAwareRequestFilter.doFilter(SecurityContextHolderAwareRequestFilter.java:158)\r\n	at org.springframework.security.web.FilterChainProxy$VirtualFilterChain.doFilter(FilterChainProxy.java:334)\r\n	at org.springframework.security.web.savedrequest.RequestCacheAwareFilter.doFilter(RequestCacheAwareFilter.java:63)\r\n	at org.springframework.security.web.FilterChainProxy$VirtualFilterChain.doFilter(FilterChainProxy.java:334)\r\n	at org.springframework.security.web.authentication.AbstractAuthenticationProcessingFilter.doFilter(AbstractAuthenticationProcessingFilter.java:200)\r\n	at org.springframework.security.web.FilterChainProxy$VirtualFilterChain.doFilter(FilterChainProxy.java:334)\r\n	at com.blog.filter.JwtAuthenticationTokenFilter.doFilterInternal(JwtAuthenticationTokenFilter.java:39)\r\n	at org.springframework.web.filter.OncePerRequestFilter.doFilter(OncePerRequestFilter.java:119)\r\n	at org.springframework.security.web.FilterChainProxy$VirtualFilterChain.doFilter(FilterChainProxy.java:334)\r\n	at org.springframework.security.web.authentication.logout.LogoutFilter.doFilter(LogoutFilter.java:116)\r\n	at org.springframework.security.web.FilterChainProxy$VirtualFilterChain.doFilter(FilterChainProxy.java:334)\r\n	at org.springframework.security.web.header.HeaderWriterFilter.doHeadersAfter(HeaderWriterFilter.java:92)\r\n	at org.springframework.security.web.header.HeaderWriterFilter.doFilterInternal(HeaderWriterFilter.java:77)\r\n	at org.springframework.web.filter.OncePerRequestFilter.doFilter(OncePerRequestFilter.java:119)\r\n	at org.springframework.security.web.FilterChainProxy$VirtualFilterChain.doFilter(FilterChainProxy.java:334)\r\n	at org.springframework.security.web.context.SecurityContextPersistenceFilter.doFilter(SecurityContextPersistenceFilter.java:105)\r\n	at org.springframework.security.web.FilterChainProxy$VirtualFilterChain.doFilter(FilterChainProxy.java:334)\r\n	at org.springframework.security.web.context.request.async.WebAsyncManagerIntegrationFilter.doFilterInternal(WebAsyncManagerIntegrationFilter.java:56)\r\n	at org.springframework.web.filter.OncePerRequestFilter.doFilter(OncePerRequestFilter.java:119)\r\n	at org.springframework.security.web.FilterChainProxy$VirtualFilterChain.doFilter(FilterChainProxy.java:334)\r\n	at org.springframework.security.web.FilterChainProxy.doFilterInternal(FilterChainProxy.java:215)\r\n	at org.springframework.security.web.FilterChainProxy.doFilter(FilterChainProxy.java:178)\r\n	at org.springframework.web.filter.DelegatingFilterProxy.invokeDelegate(DelegatingFilterProxy.java:358)\r\n	at org.springframework.web.filter.DelegatingFilterProxy.doFilter(DelegatingFilterProxy.java:271)\r\n	at org.apache.catalina.core.ApplicationFilterChain.internalDoFilter(ApplicationFilterChain.java:193)\r\n	at org.apache.catalina.core.ApplicationFilterChain.doFilter(ApplicationFilterChain.java:166)\r\n	at org.springframework.web.filter.RequestContextFilter.doFilterInternal(RequestContextFilter.java:100)\r\n	at org.springframework.web.filter.OncePerRequestFilter.doFilter(OncePerRequestFilter.java:119)\r\n	at org.apache.catalina.core.ApplicationFilterChain.internalDoFilter(ApplicationFilterChain.java:193)\r\n	at org.apache.catalina.core.ApplicationFilterChain.doFilter(ApplicationFilterChain.java:166)\r\n	at org.springframework.web.filter.FormContentFilter.doFilterInternal(FormContentFilter.java:93)\r\n	at org.springframework.web.filter.OncePerRequestFilter.doFilter(OncePerRequestFilter.java:119)\r\n	at org.apache.catalina.core.ApplicationFilterChain.internalDoFilter(ApplicationFilterChain.java:193)\r\n	at org.apache.catalina.core.ApplicationFilterChain.doFilter(ApplicationFilterChain.java:166)\r\n	at org.springframework.web.filter.CharacterEncodingFilter.doFilterInternal(CharacterEncodingFilter.java:201)\r\n	at org.springframework.web.filter.OncePerRequestFilter.doFilter(OncePerRequestFilter.java:119)\r\n	at org.apache.catalina.core.ApplicationFilterChain.internalDoFilter(ApplicationFilterChain.java:193)\r\n	at org.apache.catalina.core.ApplicationFilterChain.doFilter(ApplicationFilterChain.java:166)\r\n	at org.apache.catalina.core.StandardWrapperValve.invoke(StandardWrapperValve.java:202)\r\n	at org.apache.catalina.core.StandardContextValve.invoke(StandardContextValve.java:97)\r\n	at org.apache.catalina.authenticator.AuthenticatorBase.invoke(AuthenticatorBase.java:542)\r\n	at org.apache.catalina.core.StandardHostValve.invoke(StandardHostValve.java:143)\r\n	at org.apache.catalina.valves.ErrorReportValve.invoke(ErrorReportValve.java:92)\r\n	at org.apache.catalina.core.StandardEngineValve.invoke(StandardEngineValve.java:78)\r\n	at org.apache.catalina.connector.CoyoteAdapter.service(CoyoteAdapter.java:343)\r\n	at org.apache.coyote.http11.Http11Processor.service(Http11Processor.java:374)\r\n	at org.apache.coyote.AbstractProcessorLight.process(AbstractProcessorLight.java:65)\r\n	at org.apache.coyote.AbstractProtocol$ConnectionHandler.process(AbstractProtocol.java:888)\r\n	at org.apache.tomcat.util.net.NioEndpoint$SocketProcessor.doRun(NioEndpoint.java:1597)\r\n	at org.apache.tomcat.util.net.SocketProcessorBase.run(SocketProcessorBase.java:49)\r\n	at java.util.concurrent.ThreadPoolExecutor.runWorker(ThreadPoolExecutor.java:1149)\r\n	at java.util.concurrent.ThreadPoolExecutor$Worker.run(ThreadPoolExecutor.java:624)\r\n	at org.apache.tomcat.util.threads.TaskThread$WrappingRunnable.run(TaskThread.java:61)\r\n	at java.lang.Thread.run(Thread.java:748)\r\n', '127.0.0.1', '内网IP|内网IP', '2024-05-06 10:09:31'),
	(9, '/users/logout', 'com.blog.controller.UserAuthController.logout', 'POST', NULL, '用户登出', 'java.lang.ClassCastException: java.lang.String cannot be cast to com.blog.model.dto.UserDetailsDTO\r\n	at com.blog.util.UserUtil.getUserDetailsDTO(UserUtil.java:13)\r\n	at com.blog.service.impl.UserAuthServiceImpl.logout(UserAuthServiceImpl.java:186)\r\n	at com.blog.service.impl.UserAuthServiceImpl$$FastClassBySpringCGLIB$$9260ceac.invoke(<generated>)\r\n	at org.springframework.cglib.proxy.MethodProxy.invoke(MethodProxy.java:218)\r\n	at org.springframework.aop.framework.CglibAopProxy$DynamicAdvisedInterceptor.intercept(CglibAopProxy.java:687)\r\n	at com.blog.service.impl.UserAuthServiceImpl$$EnhancerBySpringCGLIB$$52c2d82b.logout(<generated>)\r\n	at com.blog.controller.UserAuthController.logout(UserAuthController.java:74)\r\n	at com.blog.controller.UserAuthController$$FastClassBySpringCGLIB$$c82bca02.invoke(<generated>)\r\n	at org.springframework.cglib.proxy.MethodProxy.invoke(MethodProxy.java:218)\r\n	at org.springframework.aop.framework.CglibAopProxy$CglibMethodInvocation.invokeJoinpoint(CglibAopProxy.java:771)\r\n	at org.springframework.aop.framework.ReflectiveMethodInvocation.proceed(ReflectiveMethodInvocation.java:163)\r\n	at org.springframework.aop.framework.CglibAopProxy$CglibMethodInvocation.proceed(CglibAopProxy.java:749)\r\n	at org.springframework.aop.aspectj.AspectJAfterThrowingAdvice.invoke(AspectJAfterThrowingAdvice.java:62)\r\n	at org.springframework.aop.framework.ReflectiveMethodInvocation.proceed(ReflectiveMethodInvocation.java:186)\r\n	at org.springframework.aop.framework.CglibAopProxy$CglibMethodInvocation.proceed(CglibAopProxy.java:749)\r\n	at org.springframework.aop.interceptor.ExposeInvocationInterceptor.invoke(ExposeInvocationInterceptor.java:95)\r\n	at org.springframework.aop.framework.ReflectiveMethodInvocation.proceed(ReflectiveMethodInvocation.java:186)\r\n	at org.springframework.aop.framework.CglibAopProxy$CglibMethodInvocation.proceed(CglibAopProxy.java:749)\r\n	at org.springframework.aop.framework.CglibAopProxy$DynamicAdvisedInterceptor.intercept(CglibAopProxy.java:691)\r\n	at com.blog.controller.UserAuthController$$EnhancerBySpringCGLIB$$5b8dac72.logout(<generated>)\r\n	at sun.reflect.NativeMethodAccessorImpl.invoke0(Native Method)\r\n	at sun.reflect.NativeMethodAccessorImpl.invoke(NativeMethodAccessorImpl.java:62)\r\n	at sun.reflect.DelegatingMethodAccessorImpl.invoke(DelegatingMethodAccessorImpl.java:43)\r\n	at java.lang.reflect.Method.invoke(Method.java:498)\r\n	at org.springframework.web.method.support.InvocableHandlerMethod.doInvoke(InvocableHandlerMethod.java:190)\r\n	at org.springframework.web.method.support.InvocableHandlerMethod.invokeForRequest(InvocableHandlerMethod.java:138)\r\n	at org.springframework.web.servlet.mvc.method.annotation.ServletInvocableHandlerMethod.invokeAndHandle(ServletInvocableHandlerMethod.java:105)\r\n	at org.springframework.web.servlet.mvc.method.annotation.RequestMappingHandlerAdapter.invokeHandlerMethod(RequestMappingHandlerAdapter.java:878)\r\n	at org.springframework.web.servlet.mvc.method.annotation.RequestMappingHandlerAdapter.handleInternal(RequestMappingHandlerAdapter.java:792)\r\n	at org.springframework.web.servlet.mvc.method.AbstractHandlerMethodAdapter.handle(AbstractHandlerMethodAdapter.java:87)\r\n	at org.springframework.web.servlet.DispatcherServlet.doDispatch(DispatcherServlet.java:1040)\r\n	at org.springframework.web.servlet.DispatcherServlet.doService(DispatcherServlet.java:943)\r\n	at org.springframework.web.servlet.FrameworkServlet.processRequest(FrameworkServlet.java:1006)\r\n	at org.springframework.web.servlet.FrameworkServlet.doPost(FrameworkServlet.java:909)\r\n	at javax.servlet.http.HttpServlet.service(HttpServlet.java:652)\r\n	at org.springframework.web.servlet.FrameworkServlet.service(FrameworkServlet.java:883)\r\n	at javax.servlet.http.HttpServlet.service(HttpServlet.java:733)\r\n	at org.apache.catalina.core.ApplicationFilterChain.internalDoFilter(ApplicationFilterChain.java:231)\r\n	at org.apache.catalina.core.ApplicationFilterChain.doFilter(ApplicationFilterChain.java:166)\r\n	at org.apache.tomcat.websocket.server.WsFilter.doFilter(WsFilter.java:53)\r\n	at org.apache.catalina.core.ApplicationFilterChain.internalDoFilter(ApplicationFilterChain.java:193)\r\n	at org.apache.catalina.core.ApplicationFilterChain.doFilter(ApplicationFilterChain.java:166)\r\n	at org.springframework.web.filter.OncePerRequestFilter.doFilter(OncePerRequestFilter.java:113)\r\n	at org.apache.catalina.core.ApplicationFilterChain.internalDoFilter(ApplicationFilterChain.java:193)\r\n	at org.apache.catalina.core.ApplicationFilterChain.doFilter(ApplicationFilterChain.java:166)\r\n	at org.springframework.security.web.FilterChainProxy$VirtualFilterChain.doFilter(FilterChainProxy.java:320)\r\n	at org.springframework.security.web.access.intercept.FilterSecurityInterceptor.invoke(FilterSecurityInterceptor.java:126)\r\n	at org.springframework.security.web.access.intercept.FilterSecurityInterceptor.doFilter(FilterSecurityInterceptor.java:90)\r\n	at org.springframework.security.web.FilterChainProxy$VirtualFilterChain.doFilter(FilterChainProxy.java:334)\r\n	at org.springframework.security.web.access.ExceptionTranslationFilter.doFilter(ExceptionTranslationFilter.java:118)\r\n	at org.springframework.security.web.FilterChainProxy$VirtualFilterChain.doFilter(FilterChainProxy.java:334)\r\n	at org.springframework.security.web.session.SessionManagementFilter.doFilter(SessionManagementFilter.java:137)\r\n	at org.springframework.security.web.FilterChainProxy$VirtualFilterChain.doFilter(FilterChainProxy.java:334)\r\n	at org.springframework.security.web.authentication.AnonymousAuthenticationFilter.doFilter(AnonymousAuthenticationFilter.java:111)\r\n	at org.springframework.security.web.FilterChainProxy$VirtualFilterChain.doFilter(FilterChainProxy.java:334)\r\n	at org.springframework.security.web.servletapi.SecurityContextHolderAwareRequestFilter.doFilter(SecurityContextHolderAwareRequestFilter.java:158)\r\n	at org.springframework.security.web.FilterChainProxy$VirtualFilterChain.doFilter(FilterChainProxy.java:334)\r\n	at org.springframework.security.web.savedrequest.RequestCacheAwareFilter.doFilter(RequestCacheAwareFilter.java:63)\r\n	at org.springframework.security.web.FilterChainProxy$VirtualFilterChain.doFilter(FilterChainProxy.java:334)\r\n	at org.springframework.security.web.authentication.AbstractAuthenticationProcessingFilter.doFilter(AbstractAuthenticationProcessingFilter.java:200)\r\n	at org.springframework.security.web.FilterChainProxy$VirtualFilterChain.doFilter(FilterChainProxy.java:334)\r\n	at com.blog.filter.JwtAuthenticationTokenFilter.doFilterInternal(JwtAuthenticationTokenFilter.java:39)\r\n	at org.springframework.web.filter.OncePerRequestFilter.doFilter(OncePerRequestFilter.java:119)\r\n	at org.springframework.security.web.FilterChainProxy$VirtualFilterChain.doFilter(FilterChainProxy.java:334)\r\n	at org.springframework.security.web.authentication.logout.LogoutFilter.doFilter(LogoutFilter.java:116)\r\n	at org.springframework.security.web.FilterChainProxy$VirtualFilterChain.doFilter(FilterChainProxy.java:334)\r\n	at org.springframework.security.web.header.HeaderWriterFilter.doHeadersAfter(HeaderWriterFilter.java:92)\r\n	at org.springframework.security.web.header.HeaderWriterFilter.doFilterInternal(HeaderWriterFilter.java:77)\r\n	at org.springframework.web.filter.OncePerRequestFilter.doFilter(OncePerRequestFilter.java:119)\r\n	at org.springframework.security.web.FilterChainProxy$VirtualFilterChain.doFilter(FilterChainProxy.java:334)\r\n	at org.springframework.security.web.context.SecurityContextPersistenceFilter.doFilter(SecurityContextPersistenceFilter.java:105)\r\n	at org.springframework.security.web.FilterChainProxy$VirtualFilterChain.doFilter(FilterChainProxy.java:334)\r\n	at org.springframework.security.web.context.request.async.WebAsyncManagerIntegrationFilter.doFilterInternal(WebAsyncManagerIntegrationFilter.java:56)\r\n	at org.springframework.web.filter.OncePerRequestFilter.doFilter(OncePerRequestFilter.java:119)\r\n	at org.springframework.security.web.FilterChainProxy$VirtualFilterChain.doFilter(FilterChainProxy.java:334)\r\n	at org.springframework.security.web.FilterChainProxy.doFilterInternal(FilterChainProxy.java:215)\r\n	at org.springframework.security.web.FilterChainProxy.doFilter(FilterChainProxy.java:178)\r\n	at org.springframework.web.filter.DelegatingFilterProxy.invokeDelegate(DelegatingFilterProxy.java:358)\r\n	at org.springframework.web.filter.DelegatingFilterProxy.doFilter(DelegatingFilterProxy.java:271)\r\n	at org.apache.catalina.core.ApplicationFilterChain.internalDoFilter(ApplicationFilterChain.java:193)\r\n	at org.apache.catalina.core.ApplicationFilterChain.doFilter(ApplicationFilterChain.java:166)\r\n	at org.springframework.web.filter.RequestContextFilter.doFilterInternal(RequestContextFilter.java:100)\r\n	at org.springframework.web.filter.OncePerRequestFilter.doFilter(OncePerRequestFilter.java:119)\r\n	at org.apache.catalina.core.ApplicationFilterChain.internalDoFilter(ApplicationFilterChain.java:193)\r\n	at org.apache.catalina.core.ApplicationFilterChain.doFilter(ApplicationFilterChain.java:166)\r\n	at org.springframework.web.filter.FormContentFilter.doFilterInternal(FormContentFilter.java:93)\r\n	at org.springframework.web.filter.OncePerRequestFilter.doFilter(OncePerRequestFilter.java:119)\r\n	at org.apache.catalina.core.ApplicationFilterChain.internalDoFilter(ApplicationFilterChain.java:193)\r\n	at org.apache.catalina.core.ApplicationFilterChain.doFilter(ApplicationFilterChain.java:166)\r\n	at org.springframework.web.filter.CharacterEncodingFilter.doFilterInternal(CharacterEncodingFilter.java:201)\r\n	at org.springframework.web.filter.OncePerRequestFilter.doFilter(OncePerRequestFilter.java:119)\r\n	at org.apache.catalina.core.ApplicationFilterChain.internalDoFilter(ApplicationFilterChain.java:193)\r\n	at org.apache.catalina.core.ApplicationFilterChain.doFilter(ApplicationFilterChain.java:166)\r\n	at org.apache.catalina.core.StandardWrapperValve.invoke(StandardWrapperValve.java:202)\r\n	at org.apache.catalina.core.StandardContextValve.invoke(StandardContextValve.java:97)\r\n	at org.apache.catalina.authenticator.AuthenticatorBase.invoke(AuthenticatorBase.java:542)\r\n	at org.apache.catalina.core.StandardHostValve.invoke(StandardHostValve.java:143)\r\n	at org.apache.catalina.valves.ErrorReportValve.invoke(ErrorReportValve.java:92)\r\n	at org.apache.catalina.core.StandardEngineValve.invoke(StandardEngineValve.java:78)\r\n	at org.apache.catalina.connector.CoyoteAdapter.service(CoyoteAdapter.java:343)\r\n	at org.apache.coyote.http11.Http11Processor.service(Http11Processor.java:374)\r\n	at org.apache.coyote.AbstractProcessorLight.process(AbstractProcessorLight.java:65)\r\n	at org.apache.coyote.AbstractProtocol$ConnectionHandler.process(AbstractProtocol.java:888)\r\n	at org.apache.tomcat.util.net.NioEndpoint$SocketProcessor.doRun(NioEndpoint.java:1597)\r\n	at org.apache.tomcat.util.net.SocketProcessorBase.run(SocketProcessorBase.java:49)\r\n	at java.util.concurrent.ThreadPoolExecutor.runWorker(ThreadPoolExecutor.java:1149)\r\n	at java.util.concurrent.ThreadPoolExecutor$Worker.run(ThreadPoolExecutor.java:624)\r\n	at org.apache.tomcat.util.threads.TaskThread$WrappingRunnable.run(TaskThread.java:61)\r\n	at java.lang.Thread.run(Thread.java:748)\r\n', '127.0.0.1', '内网IP|内网IP', '2024-05-06 10:09:43'),
	(10, '/report', 'com.blog.controller.AuroraInfoController.report', 'POST', NULL, '上报访客信息', 'org.springframework.data.redis.RedisSystemException: Redis exception; nested exception is io.lettuce.core.RedisException: java.io.IOException: 远程主机强迫关闭了一个现有的连接。\r\n	at org.springframework.data.redis.connection.lettuce.LettuceExceptionConverter.convert(LettuceExceptionConverter.java:74)\r\n	at org.springframework.data.redis.connection.lettuce.LettuceExceptionConverter.convert(LettuceExceptionConverter.java:41)\r\n	at org.springframework.data.redis.PassThroughExceptionTranslationStrategy.translate(PassThroughExceptionTranslationStrategy.java:44)\r\n	at org.springframework.data.redis.FallbackExceptionTranslationStrategy.translate(FallbackExceptionTranslationStrategy.java:42)\r\n	at org.springframework.data.redis.connection.lettuce.LettuceConnection.convertLettuceAccessException(LettuceConnection.java:273)\r\n	at org.springframework.data.redis.connection.lettuce.LettuceSetCommands.convertLettuceAccessException(LettuceSetCommands.java:520)\r\n	at org.springframework.data.redis.connection.lettuce.LettuceSetCommands.sIsMember(LettuceSetCommands.java:221)\r\n	at org.springframework.data.redis.connection.DefaultedRedisConnection.sIsMember(DefaultedRedisConnection.java:784)\r\n	at org.springframework.data.redis.core.DefaultSetOperations.lambda$isMember$9(DefaultSetOperations.java:203)\r\n	at org.springframework.data.redis.core.RedisTemplate.execute(RedisTemplate.java:228)\r\n	at org.springframework.data.redis.core.RedisTemplate.execute(RedisTemplate.java:188)\r\n	at org.springframework.data.redis.core.AbstractOperations.execute(AbstractOperations.java:96)\r\n	at org.springframework.data.redis.core.DefaultSetOperations.isMember(DefaultSetOperations.java:203)\r\n	at com.blog.service.impl.RedisServiceImpl.sIsMember(RedisServiceImpl.java:191)\r\n	at com.blog.service.impl.AuroraInfoServiceImpl.report(AuroraInfoServiceImpl.java:79)\r\n	at com.blog.service.impl.AuroraInfoServiceImpl$$FastClassBySpringCGLIB$$24ca3931.invoke(<generated>)\r\n	at org.springframework.cglib.proxy.MethodProxy.invoke(MethodProxy.java:218)\r\n	at org.springframework.aop.framework.CglibAopProxy$DynamicAdvisedInterceptor.intercept(CglibAopProxy.java:687)\r\n	at com.blog.service.impl.AuroraInfoServiceImpl$$EnhancerBySpringCGLIB$$a5746c1b.report(<generated>)\r\n	at com.blog.controller.AuroraInfoController.report(AuroraInfoController.java:39)\r\n	at com.blog.controller.AuroraInfoController$$FastClassBySpringCGLIB$$5a170f9d.invoke(<generated>)\r\n	at org.springframework.cglib.proxy.MethodProxy.invoke(MethodProxy.java:218)\r\n	at org.springframework.aop.framework.CglibAopProxy$CglibMethodInvocation.invokeJoinpoint(CglibAopProxy.java:771)\r\n	at org.springframework.aop.framework.ReflectiveMethodInvocation.proceed(ReflectiveMethodInvocation.java:163)\r\n	at org.springframework.aop.framework.CglibAopProxy$CglibMethodInvocation.proceed(CglibAopProxy.java:749)\r\n	at org.springframework.aop.aspectj.AspectJAfterThrowingAdvice.invoke(AspectJAfterThrowingAdvice.java:62)\r\n	at org.springframework.aop.framework.ReflectiveMethodInvocation.proceed(ReflectiveMethodInvocation.java:186)\r\n	at org.springframework.aop.framework.CglibAopProxy$CglibMethodInvocation.proceed(CglibAopProxy.java:749)\r\n	at org.springframework.aop.interceptor.ExposeInvocationInterceptor.invoke(ExposeInvocationInterceptor.java:95)\r\n	at org.springframework.aop.framework.ReflectiveMethodInvocation.proceed(ReflectiveMethodInvocation.java:186)\r\n	at org.springframework.aop.framework.CglibAopProxy$CglibMethodInvocation.proceed(CglibAopProxy.java:749)\r\n	at org.springframework.aop.framework.CglibAopProxy$DynamicAdvisedInterceptor.intercept(CglibAopProxy.java:691)\r\n	at com.blog.controller.AuroraInfoController$$EnhancerBySpringCGLIB$$6965a01f.report(<generated>)\r\n	at sun.reflect.NativeMethodAccessorImpl.invoke0(Native Method)\r\n	at sun.reflect.NativeMethodAccessorImpl.invoke(NativeMethodAccessorImpl.java:62)\r\n	at sun.reflect.DelegatingMethodAccessorImpl.invoke(DelegatingMethodAccessorImpl.java:43)\r\n	at java.lang.reflect.Method.invoke(Method.java:498)\r\n	at org.springframework.web.method.support.InvocableHandlerMethod.doInvoke(InvocableHandlerMethod.java:190)\r\n	at org.springframework.web.method.support.InvocableHandlerMethod.invokeForRequest(InvocableHandlerMethod.java:138)\r\n	at org.springframework.web.servlet.mvc.method.annotation.ServletInvocableHandlerMethod.invokeAndHandle(ServletInvocableHandlerMethod.java:105)\r\n	at org.springframework.web.servlet.mvc.method.annotation.RequestMappingHandlerAdapter.invokeHandlerMethod(RequestMappingHandlerAdapter.java:878)\r\n	at org.springframework.web.servlet.mvc.method.annotation.RequestMappingHandlerAdapter.handleInternal(RequestMappingHandlerAdapter.java:792)\r\n	at org.springframework.web.servlet.mvc.method.AbstractHandlerMethodAdapter.handle(AbstractHandlerMethodAdapter.java:87)\r\n	at org.springframework.web.servlet.DispatcherServlet.doDispatch(DispatcherServlet.java:1040)\r\n	at org.springframework.web.servlet.DispatcherServlet.doService(DispatcherServlet.java:943)\r\n	at org.springframework.web.servlet.FrameworkServlet.processRequest(FrameworkServlet.java:1006)\r\n	at org.springframework.web.servlet.FrameworkServlet.doPost(FrameworkServlet.java:909)\r\n	at javax.servlet.http.HttpServlet.service(HttpServlet.java:652)\r\n	at org.springframework.web.servlet.FrameworkServlet.service(FrameworkServlet.java:883)\r\n	at javax.servlet.http.HttpServlet.service(HttpServlet.java:733)\r\n	at org.apache.catalina.core.ApplicationFilterChain.internalDoFilter(ApplicationFilterChain.java:231)\r\n	at org.apache.catalina.core.ApplicationFilterChain.doFilter(ApplicationFilterChain.java:166)\r\n	at org.apache.tomcat.websocket.server.WsFilter.doFilter(WsFilter.java:53)\r\n	at org.apache.catalina.core.ApplicationFilterChain.internalDoFilter(ApplicationFilterChain.java:193)\r\n	at org.apache.catalina.core.ApplicationFilterChain.doFilter(ApplicationFilterChain.java:166)\r\n	at org.springframework.web.filter.OncePerRequestFilter.doFilter(OncePerRequestFilter.java:113)\r\n	at org.apache.catalina.core.ApplicationFilterChain.internalDoFilter(ApplicationFilterChain.java:193)\r\n	at org.apache.catalina.core.ApplicationFilterChain.doFilter(ApplicationFilterChain.java:166)\r\n	at org.springframework.security.web.FilterChainProxy$VirtualFilterChain.doFilter(FilterChainProxy.java:320)\r\n	at org.springframework.security.web.access.intercept.FilterSecurityInterceptor.invoke(FilterSecurityInterceptor.java:126)\r\n	at org.springframework.security.web.access.intercept.FilterSecurityInterceptor.doFilter(FilterSecurityInterceptor.java:90)\r\n	at org.springframework.security.web.FilterChainProxy$VirtualFilterChain.doFilter(FilterChainProxy.java:334)\r\n	at org.springframework.security.web.access.ExceptionTranslationFilter.doFilter(ExceptionTranslationFilter.java:118)\r\n	at org.springframework.security.web.FilterChainProxy$VirtualFilterChain.doFilter(FilterChainProxy.java:334)\r\n	at org.springframework.security.web.session.SessionManagementFilter.doFilter(SessionManagementFilter.java:137)\r\n	at org.springframework.security.web.FilterChainProxy$VirtualFilterChain.doFilter(FilterChainProxy.java:334)\r\n	at org.springframework.security.web.authentication.AnonymousAuthenticationFilter.doFilter(AnonymousAuthenticationFilter.java:111)\r\n	at org.springframework.security.web.FilterChainProxy$VirtualFilterChain.doFilter(FilterChainProxy.java:334)\r\n	at org.springframework.security.web.servletapi.SecurityContextHolderAwareRequestFilter.doFilter(SecurityContextHolderAwareRequestFilter.java:158)\r\n	at org.springframework.security.web.FilterChainProxy$VirtualFilterChain.doFilter(FilterChainProxy.java:334)\r\n	at org.springframework.security.web.savedrequest.RequestCacheAwareFilter.doFilter(RequestCacheAwareFilter.java:63)\r\n	at org.springframework.security.web.FilterChainProxy$VirtualFilterChain.doFilter(FilterChainProxy.java:334)\r\n	at org.springframework.security.web.authentication.AbstractAuthenticationProcessingFilter.doFilter(AbstractAuthenticationProcessingFilter.java:200)\r\n	at org.springframework.security.web.FilterChainProxy$VirtualFilterChain.doFilter(FilterChainProxy.java:334)\r\n	at com.blog.filter.JwtAuthenticationTokenFilter.doFilterInternal(JwtAuthenticationTokenFilter.java:39)\r\n	at org.springframework.web.filter.OncePerRequestFilter.doFilter(OncePerRequestFilter.java:119)\r\n	at org.springframework.security.web.FilterChainProxy$VirtualFilterChain.doFilter(FilterChainProxy.java:334)\r\n	at org.springframework.security.web.authentication.logout.LogoutFilter.doFilter(LogoutFilter.java:116)\r\n	at org.springframework.security.web.FilterChainProxy$VirtualFilterChain.doFilter(FilterChainProxy.java:334)\r\n	at org.springframework.security.web.header.HeaderWriterFilter.doHeadersAfter(HeaderWriterFilter.java:92)\r\n	at org.springframework.security.web.header.HeaderWriterFilter.doFilterInternal(HeaderWriterFilter.java:77)\r\n	at org.springframework.web.filter.OncePerRequestFilter.doFilter(OncePerRequestFilter.java:119)\r\n	at org.springframework.security.web.FilterChainProxy$VirtualFilterChain.doFilter(FilterChainProxy.java:334)\r\n	at org.springframework.security.web.context.SecurityContextPersistenceFilter.doFilter(SecurityContextPersistenceFilter.java:105)\r\n	at org.springframework.security.web.FilterChainProxy$VirtualFilterChain.doFilter(FilterChainProxy.java:334)\r\n	at org.springframework.security.web.context.request.async.WebAsyncManagerIntegrationFilter.doFilterInternal(WebAsyncManagerIntegrationFilter.java:56)\r\n	at org.springframework.web.filter.OncePerRequestFilter.doFilter(OncePerRequestFilter.java:119)\r\n	at org.springframework.security.web.FilterChainProxy$VirtualFilterChain.doFilter(FilterChainProxy.java:334)\r\n	at org.springframework.security.web.FilterChainProxy.doFilterInternal(FilterChainProxy.java:215)\r\n	at org.springframework.security.web.FilterChainProxy.doFilter(FilterChainProxy.java:178)\r\n	at org.springframework.web.filter.DelegatingFilterProxy.invokeDelegate(DelegatingFilterProxy.java:358)\r\n	at org.springframework.web.filter.DelegatingFilterProxy.doFilter(DelegatingFilterProxy.java:271)\r\n	at org.apache.catalina.core.ApplicationFilterChain.internalDoFilter(ApplicationFilterChain.java:193)\r\n	at org.apache.catalina.core.ApplicationFilterChain.doFilter(ApplicationFilterChain.java:166)\r\n	at org.springframework.web.filter.RequestContextFilter.doFilterInternal(RequestContextFilter.java:100)\r\n	at org.springframework.web.filter.OncePerRequestFilter.doFilter(OncePerRequestFilter.java:119)\r\n	at org.apache.catalina.core.ApplicationFilterChain.internalDoFilter(ApplicationFilterChain.java:193)\r\n	at org.apache.catalina.core.ApplicationFilterChain.doFilter(ApplicationFilterChain.java:166)\r\n	at org.springframework.web.filter.FormContentFilter.doFilterInternal(FormContentFilter.java:93)\r\n	at org.springframework.web.filter.OncePerRequestFilter.doFilter(OncePerRequestFilter.java:119)\r\n	at org.apache.catalina.core.ApplicationFilterChain.internalDoFilter(ApplicationFilterChain.java:193)\r\n	at org.apache.catalina.core.ApplicationFilterChain.doFilter(ApplicationFilterChain.java:166)\r\n	at org.springframework.web.filter.CharacterEncodingFilter.doFilterInternal(CharacterEncodingFilter.java:201)\r\n	at org.springframework.web.filter.OncePerRequestFilter.doFilter(OncePerRequestFilter.java:119)\r\n	at org.apache.catalina.core.ApplicationFilterChain.internalDoFilter(ApplicationFilterChain.java:193)\r\n	at org.apache.catalina.core.ApplicationFilterChain.doFilter(ApplicationFilterChain.java:166)\r\n	at org.apache.catalina.core.StandardWrapperValve.invoke(StandardWrapperValve.java:202)\r\n	at org.apache.catalina.core.StandardContextValve.invoke(StandardContextValve.java:97)\r\n	at org.apache.catalina.authenticator.AuthenticatorBase.invoke(AuthenticatorBase.java:542)\r\n	at org.apache.catalina.core.StandardHostValve.invoke(StandardHostValve.java:143)\r\n	at org.apache.catalina.valves.ErrorReportValve.invoke(ErrorReportValve.java:92)\r\n	at org.apache.catalina.core.StandardEngineValve.invoke(StandardEngineValve.java:78)\r\n	at org.apache.catalina.connector.CoyoteAdapter.service(CoyoteAdapter.java:343)\r\n	at org.apache.coyote.http11.Http11Processor.service(Http11Processor.java:374)\r\n	at org.apache.coyote.AbstractProcessorLight.process(AbstractProcessorLight.java:65)\r\n	at org.apache.coyote.AbstractProtocol$ConnectionHandler.process(AbstractProtocol.java:888)\r\n	at org.apache.tomcat.util.net.NioEndpoint$SocketProcessor.doRun(NioEndpoint.java:1597)\r\n	at org.apache.tomcat.util.net.SocketProcessorBase.run(SocketProcessorBase.java:49)\r\n	at java.util.concurrent.ThreadPoolExecutor.runWorker(ThreadPoolExecutor.java:1149)\r\n	at java.util.concurrent.ThreadPoolExecutor$Worker.run(ThreadPoolExecutor.java:624)\r\n	at org.apache.tomcat.util.threads.TaskThread$WrappingRunnable.run(TaskThread.java:61)\r\n	at java.lang.Thread.run(Thread.java:748)\r\nCaused by: io.lettuce.core.RedisException: java.io.IOException: 远程主机强迫关闭了一个现有的连接。\r\n	at io.lettuce.core.LettuceFutures.awaitOrCancel(LettuceFutures.java:134)\r\n	at io.lettuce.core.FutureSyncInvocationHandler.handleInvocation(FutureSyncInvocationHandler.java:75)\r\n	at io.lettuce.core.internal.AbstractInvocationHandler.invoke(AbstractInvocationHandler.java:79)\r\n	at com.sun.proxy.$Proxy248.sismember(Unknown Source)\r\n	at org.springframework.data.redis.connection.lettuce.LettuceSetCommands.sIsMember(LettuceSetCommands.java:219)\r\n	... 115 more\r\nCaused by: java.io.IOException: 远程主机强迫关闭了一个现有的连接。\r\n	at sun.nio.ch.SocketDispatcher.read0(Native Method)\r\n	at sun.nio.ch.SocketDispatcher.read(SocketDispatcher.java:43)\r\n	at sun.nio.ch.IOUtil.readIntoNativeBuffer(IOUtil.java:223)\r\n	at sun.nio.ch.IOUtil.read(IOUtil.java:192)\r\n	at sun.nio.ch.SocketChannelImpl.read(SocketChannelImpl.java:378)\r\n	at io.netty.buffer.PooledByteBuf.setBytes(PooledByteBuf.java:253)\r\n	at io.netty.buffer.AbstractByteBuf.writeBytes(AbstractByteBuf.java:1134)\r\n	at io.netty.channel.socket.nio.NioSocketChannel.doReadBytes(NioSocketChannel.java:350)\r\n	at io.netty.channel.nio.AbstractNioByteChannel$NioByteUnsafe.read(AbstractNioByteChannel.java:151)\r\n	at io.netty.channel.nio.NioEventLoop.processSelectedKey(NioEventLoop.java:719)\r\n	at io.netty.channel.nio.NioEventLoop.processSelectedKeysOptimized(NioEventLoop.java:655)\r\n	at io.netty.channel.nio.NioEventLoop.processSelectedKeys(NioEventLoop.java:581)\r\n	at io.netty.channel.nio.NioEventLoop.run(NioEventLoop.java:493)\r\n	at io.netty.util.concurrent.SingleThreadEventExecutor$4.run(SingleThreadEventExecutor.java:989)\r\n	at io.netty.util.internal.ThreadExecutorMap$2.run(ThreadExecutorMap.java:74)\r\n	at io.netty.util.concurrent.FastThreadLocalRunnable.run(FastThreadLocalRunnable.java:30)\r\n	... 1 more\r\n', '127.0.0.1', '内网IP|内网IP', '2024-05-06 19:45:53'),
	(11, '/', 'com.blog.controller.AuroraInfoController.getBlogHomeInfo', 'GET', NULL, '获取系统信息', 'java.lang.reflect.UndeclaredThrowableException\r\n	at org.springframework.aop.framework.CglibAopProxy$CglibMethodInvocation.proceed(CglibAopProxy.java:759)\r\n	at org.springframework.aop.aspectj.AspectJAfterThrowingAdvice.invoke(AspectJAfterThrowingAdvice.java:62)\r\n	at org.springframework.aop.framework.ReflectiveMethodInvocation.proceed(ReflectiveMethodInvocation.java:186)\r\n	at org.springframework.aop.framework.CglibAopProxy$CglibMethodInvocation.proceed(CglibAopProxy.java:749)\r\n	at org.springframework.aop.interceptor.ExposeInvocationInterceptor.invoke(ExposeInvocationInterceptor.java:95)\r\n	at org.springframework.aop.framework.ReflectiveMethodInvocation.proceed(ReflectiveMethodInvocation.java:186)\r\n	at org.springframework.aop.framework.CglibAopProxy$CglibMethodInvocation.proceed(CglibAopProxy.java:749)\r\n	at org.springframework.aop.framework.CglibAopProxy$DynamicAdvisedInterceptor.intercept(CglibAopProxy.java:691)\r\n	at com.blog.controller.AuroraInfoController$$EnhancerBySpringCGLIB$$6965a01f.getBlogHomeInfo(<generated>)\r\n	at sun.reflect.NativeMethodAccessorImpl.invoke0(Native Method)\r\n	at sun.reflect.NativeMethodAccessorImpl.invoke(NativeMethodAccessorImpl.java:62)\r\n	at sun.reflect.DelegatingMethodAccessorImpl.invoke(DelegatingMethodAccessorImpl.java:43)\r\n	at java.lang.reflect.Method.invoke(Method.java:498)\r\n	at org.springframework.web.method.support.InvocableHandlerMethod.doInvoke(InvocableHandlerMethod.java:190)\r\n	at org.springframework.web.method.support.InvocableHandlerMethod.invokeForRequest(InvocableHandlerMethod.java:138)\r\n	at org.springframework.web.servlet.mvc.method.annotation.ServletInvocableHandlerMethod.invokeAndHandle(ServletInvocableHandlerMethod.java:105)\r\n	at org.springframework.web.servlet.mvc.method.annotation.RequestMappingHandlerAdapter.invokeHandlerMethod(RequestMappingHandlerAdapter.java:878)\r\n	at org.springframework.web.servlet.mvc.method.annotation.RequestMappingHandlerAdapter.handleInternal(RequestMappingHandlerAdapter.java:792)\r\n	at org.springframework.web.servlet.mvc.method.AbstractHandlerMethodAdapter.handle(AbstractHandlerMethodAdapter.java:87)\r\n	at org.springframework.web.servlet.DispatcherServlet.doDispatch(DispatcherServlet.java:1040)\r\n	at org.springframework.web.servlet.DispatcherServlet.doService(DispatcherServlet.java:943)\r\n	at org.springframework.web.servlet.FrameworkServlet.processRequest(FrameworkServlet.java:1006)\r\n	at org.springframework.web.servlet.FrameworkServlet.doGet(FrameworkServlet.java:898)\r\n	at javax.servlet.http.HttpServlet.service(HttpServlet.java:626)\r\n	at org.springframework.web.servlet.FrameworkServlet.service(FrameworkServlet.java:883)\r\n	at javax.servlet.http.HttpServlet.service(HttpServlet.java:733)\r\n	at org.apache.catalina.core.ApplicationFilterChain.internalDoFilter(ApplicationFilterChain.java:231)\r\n	at org.apache.catalina.core.ApplicationFilterChain.doFilter(ApplicationFilterChain.java:166)\r\n	at org.apache.tomcat.websocket.server.WsFilter.doFilter(WsFilter.java:53)\r\n	at org.apache.catalina.core.ApplicationFilterChain.internalDoFilter(ApplicationFilterChain.java:193)\r\n	at org.apache.catalina.core.ApplicationFilterChain.doFilter(ApplicationFilterChain.java:166)\r\n	at org.springframework.web.filter.OncePerRequestFilter.doFilter(OncePerRequestFilter.java:113)\r\n	at org.apache.catalina.core.ApplicationFilterChain.internalDoFilter(ApplicationFilterChain.java:193)\r\n	at org.apache.catalina.core.ApplicationFilterChain.doFilter(ApplicationFilterChain.java:166)\r\n	at org.springframework.security.web.FilterChainProxy$VirtualFilterChain.doFilter(FilterChainProxy.java:320)\r\n	at org.springframework.security.web.access.intercept.FilterSecurityInterceptor.invoke(FilterSecurityInterceptor.java:126)\r\n	at org.springframework.security.web.access.intercept.FilterSecurityInterceptor.doFilter(FilterSecurityInterceptor.java:90)\r\n	at org.springframework.security.web.FilterChainProxy$VirtualFilterChain.doFilter(FilterChainProxy.java:334)\r\n	at org.springframework.security.web.access.ExceptionTranslationFilter.doFilter(ExceptionTranslationFilter.java:118)\r\n	at org.springframework.security.web.FilterChainProxy$VirtualFilterChain.doFilter(FilterChainProxy.java:334)\r\n	at org.springframework.security.web.session.SessionManagementFilter.doFilter(SessionManagementFilter.java:137)\r\n	at org.springframework.security.web.FilterChainProxy$VirtualFilterChain.doFilter(FilterChainProxy.java:334)\r\n	at org.springframework.security.web.authentication.AnonymousAuthenticationFilter.doFilter(AnonymousAuthenticationFilter.java:111)\r\n	at org.springframework.security.web.FilterChainProxy$VirtualFilterChain.doFilter(FilterChainProxy.java:334)\r\n	at org.springframework.security.web.servletapi.SecurityContextHolderAwareRequestFilter.doFilter(SecurityContextHolderAwareRequestFilter.java:158)\r\n	at org.springframework.security.web.FilterChainProxy$VirtualFilterChain.doFilter(FilterChainProxy.java:334)\r\n	at org.springframework.security.web.savedrequest.RequestCacheAwareFilter.doFilter(RequestCacheAwareFilter.java:63)\r\n	at org.springframework.security.web.FilterChainProxy$VirtualFilterChain.doFilter(FilterChainProxy.java:334)\r\n	at org.springframework.security.web.authentication.AbstractAuthenticationProcessingFilter.doFilter(AbstractAuthenticationProcessingFilter.java:200)\r\n	at org.springframework.security.web.FilterChainProxy$VirtualFilterChain.doFilter(FilterChainProxy.java:334)\r\n	at com.blog.filter.JwtAuthenticationTokenFilter.doFilterInternal(JwtAuthenticationTokenFilter.java:39)\r\n	at org.springframework.web.filter.OncePerRequestFilter.doFilter(OncePerRequestFilter.java:119)\r\n	at org.springframework.security.web.FilterChainProxy$VirtualFilterChain.doFilter(FilterChainProxy.java:334)\r\n	at org.springframework.security.web.authentication.logout.LogoutFilter.doFilter(LogoutFilter.java:116)\r\n	at org.springframework.security.web.FilterChainProxy$VirtualFilterChain.doFilter(FilterChainProxy.java:334)\r\n	at org.springframework.security.web.header.HeaderWriterFilter.doHeadersAfter(HeaderWriterFilter.java:92)\r\n	at org.springframework.security.web.header.HeaderWriterFilter.doFilterInternal(HeaderWriterFilter.java:77)\r\n	at org.springframework.web.filter.OncePerRequestFilter.doFilter(OncePerRequestFilter.java:119)\r\n	at org.springframework.security.web.FilterChainProxy$VirtualFilterChain.doFilter(FilterChainProxy.java:334)\r\n	at org.springframework.security.web.context.SecurityContextPersistenceFilter.doFilter(SecurityContextPersistenceFilter.java:105)\r\n	at org.springframework.security.web.FilterChainProxy$VirtualFilterChain.doFilter(FilterChainProxy.java:334)\r\n	at org.springframework.security.web.context.request.async.WebAsyncManagerIntegrationFilter.doFilterInternal(WebAsyncManagerIntegrationFilter.java:56)\r\n	at org.springframework.web.filter.OncePerRequestFilter.doFilter(OncePerRequestFilter.java:119)\r\n	at org.springframework.security.web.FilterChainProxy$VirtualFilterChain.doFilter(FilterChainProxy.java:334)\r\n	at org.springframework.security.web.FilterChainProxy.doFilterInternal(FilterChainProxy.java:215)\r\n	at org.springframework.security.web.FilterChainProxy.doFilter(FilterChainProxy.java:178)\r\n	at org.springframework.web.filter.DelegatingFilterProxy.invokeDelegate(DelegatingFilterProxy.java:358)\r\n	at org.springframework.web.filter.DelegatingFilterProxy.doFilter(DelegatingFilterProxy.java:271)\r\n	at org.apache.catalina.core.ApplicationFilterChain.internalDoFilter(ApplicationFilterChain.java:193)\r\n	at org.apache.catalina.core.ApplicationFilterChain.doFilter(ApplicationFilterChain.java:166)\r\n	at org.springframework.web.filter.RequestContextFilter.doFilterInternal(RequestContextFilter.java:100)\r\n	at org.springframework.web.filter.OncePerRequestFilter.doFilter(OncePerRequestFilter.java:119)\r\n	at org.apache.catalina.core.ApplicationFilterChain.internalDoFilter(ApplicationFilterChain.java:193)\r\n	at org.apache.catalina.core.ApplicationFilterChain.doFilter(ApplicationFilterChain.java:166)\r\n	at org.springframework.web.filter.FormContentFilter.doFilterInternal(FormContentFilter.java:93)\r\n	at org.springframework.web.filter.OncePerRequestFilter.doFilter(OncePerRequestFilter.java:119)\r\n	at org.apache.catalina.core.ApplicationFilterChain.internalDoFilter(ApplicationFilterChain.java:193)\r\n	at org.apache.catalina.core.ApplicationFilterChain.doFilter(ApplicationFilterChain.java:166)\r\n	at org.springframework.web.filter.CharacterEncodingFilter.doFilterInternal(CharacterEncodingFilter.java:201)\r\n	at org.springframework.web.filter.OncePerRequestFilter.doFilter(OncePerRequestFilter.java:119)\r\n	at org.apache.catalina.core.ApplicationFilterChain.internalDoFilter(ApplicationFilterChain.java:193)\r\n	at org.apache.catalina.core.ApplicationFilterChain.doFilter(ApplicationFilterChain.java:166)\r\n	at org.apache.catalina.core.StandardWrapperValve.invoke(StandardWrapperValve.java:202)\r\n	at org.apache.catalina.core.StandardContextValve.invoke(StandardContextValve.java:97)\r\n	at org.apache.catalina.authenticator.AuthenticatorBase.invoke(AuthenticatorBase.java:542)\r\n	at org.apache.catalina.core.StandardHostValve.invoke(StandardHostValve.java:143)\r\n	at org.apache.catalina.valves.ErrorReportValve.invoke(ErrorReportValve.java:92)\r\n	at org.apache.catalina.core.StandardEngineValve.invoke(StandardEngineValve.java:78)\r\n	at org.apache.catalina.connector.CoyoteAdapter.service(CoyoteAdapter.java:343)\r\n	at org.apache.coyote.http11.Http11Processor.service(Http11Processor.java:374)\r\n	at org.apache.coyote.AbstractProcessorLight.process(AbstractProcessorLight.java:65)\r\n	at org.apache.coyote.AbstractProtocol$ConnectionHandler.process(AbstractProtocol.java:888)\r\n	at org.apache.tomcat.util.net.NioEndpoint$SocketProcessor.doRun(NioEndpoint.java:1597)\r\n	at org.apache.tomcat.util.net.SocketProcessorBase.run(SocketProcessorBase.java:49)\r\n	at java.util.concurrent.ThreadPoolExecutor.runWorker(ThreadPoolExecutor.java:1149)\r\n	at java.util.concurrent.ThreadPoolExecutor$Worker.run(ThreadPoolExecutor.java:624)\r\n	at org.apache.tomcat.util.threads.TaskThread$WrappingRunnable.run(TaskThread.java:61)\r\n	at java.lang.Thread.run(Thread.java:748)\r\nCaused by: java.util.concurrent.ExecutionException: org.springframework.data.redis.RedisSystemException: Redis exception; nested exception is io.lettuce.core.RedisException: java.io.IOException: 远程主机强迫关闭了一个现有的连接。\r\n	at java.util.concurrent.CompletableFuture.reportGet(CompletableFuture.java:357)\r\n	at java.util.concurrent.CompletableFuture.get(CompletableFuture.java:1908)\r\n	at com.blog.service.impl.AuroraInfoServiceImpl.getAuroraHomeInfo(AuroraInfoServiceImpl.java:109)\r\n	at com.blog.service.impl.AuroraInfoServiceImpl$$FastClassBySpringCGLIB$$24ca3931.invoke(<generated>)\r\n	at org.springframework.cglib.proxy.MethodProxy.invoke(MethodProxy.java:218)\r\n	at org.springframework.aop.framework.CglibAopProxy$DynamicAdvisedInterceptor.intercept(CglibAopProxy.java:687)\r\n	at com.blog.service.impl.AuroraInfoServiceImpl$$EnhancerBySpringCGLIB$$a5746c1b.getAuroraHomeInfo(<generated>)\r\n	at com.blog.controller.AuroraInfoController.getBlogHomeInfo(AuroraInfoController.java:46)\r\n	at com.blog.controller.AuroraInfoController$$FastClassBySpringCGLIB$$5a170f9d.invoke(<generated>)\r\n	at org.springframework.cglib.proxy.MethodProxy.invoke(MethodProxy.java:218)\r\n	at org.springframework.aop.framework.CglibAopProxy$CglibMethodInvocation.invokeJoinpoint(CglibAopProxy.java:771)\r\n	at org.springframework.aop.framework.ReflectiveMethodInvocation.proceed(ReflectiveMethodInvocation.java:163)\r\n	at org.springframework.aop.framework.CglibAopProxy$CglibMethodInvocation.proceed(CglibAopProxy.java:749)\r\n	... 97 more\r\nCaused by: org.springframework.data.redis.RedisSystemException: Redis exception; nested exception is io.lettuce.core.RedisException: java.io.IOException: 远程主机强迫关闭了一个现有的连接。\r\n	at org.springframework.data.redis.connection.lettuce.LettuceExceptionConverter.convert(LettuceExceptionConverter.java:74)\r\n	at org.springframework.data.redis.connection.lettuce.LettuceExceptionConverter.convert(LettuceExceptionConverter.java:41)\r\n	at org.springframework.data.redis.PassThroughExceptionTranslationStrategy.translate(PassThroughExceptionTranslationStrategy.java:44)\r\n	at org.springframework.data.redis.FallbackExceptionTranslationStrategy.translate(FallbackExceptionTranslationStrategy.java:42)\r\n	at org.springframework.data.redis.connection.lettuce.LettuceConnection.convertLettuceAccessException(LettuceConnection.java:273)\r\n	at org.springframework.data.redis.connection.lettuce.LettuceStringCommands.convertLettuceAccessException(LettuceStringCommands.java:799)\r\n	at org.springframework.data.redis.connection.lettuce.LettuceStringCommands.get(LettuceStringCommands.java:68)\r\n	at org.springframework.data.redis.connection.DefaultedRedisConnection.get(DefaultedRedisConnection.java:266)\r\n	at org.springframework.data.redis.core.DefaultValueOperations$1.inRedis(DefaultValueOperations.java:57)\r\n	at org.springframework.data.redis.core.AbstractOperations$ValueDeserializingRedisCallback.doInRedis(AbstractOperations.java:60)\r\n	at org.springframework.data.redis.core.RedisTemplate.execute(RedisTemplate.java:228)\r\n	at org.springframework.data.redis.core.RedisTemplate.execute(RedisTemplate.java:188)\r\n	at org.springframework.data.redis.core.AbstractOperations.execute(AbstractOperations.java:96)\r\n	at org.springframework.data.redis.core.DefaultValueOperations.get(DefaultValueOperations.java:53)\r\n	at com.blog.service.impl.RedisServiceImpl.get(RedisServiceImpl.java:44)\r\n	at com.blog.service.impl.AuroraInfoServiceImpl.getWebsiteConfig(AuroraInfoServiceImpl.java:157)\r\n	at java.util.concurrent.CompletableFuture$AsyncSupply.run(CompletableFuture.java:1604)\r\n	at java.util.concurrent.CompletableFuture$AsyncSupply.exec(CompletableFuture.java:1596)\r\n	at java.util.concurrent.ForkJoinTask.doExec(ForkJoinTask.java:289)\r\n	at java.util.concurrent.ForkJoinPool$WorkQueue.runTask(ForkJoinPool.java:1056)\r\n	at java.util.concurrent.ForkJoinPool.runWorker(ForkJoinPool.java:1692)\r\n	at java.util.concurrent.ForkJoinWorkerThread.run(ForkJoinWorkerThread.java:172)\r\nCaused by: io.lettuce.core.RedisException: java.io.IOException: 远程主机强迫关闭了一个现有的连接。\r\n	at io.lettuce.core.LettuceFutures.awaitOrCancel(LettuceFutures.java:134)\r\n	at io.lettuce.core.FutureSyncInvocationHandler.handleInvocation(FutureSyncInvocationHandler.java:75)\r\n	at io.lettuce.core.internal.AbstractInvocationHandler.invoke(AbstractInvocationHandler.java:79)\r\n	at com.sun.proxy.$Proxy248.get(Unknown Source)\r\n	at org.springframework.data.redis.connection.lettuce.LettuceStringCommands.get(LettuceStringCommands.java:66)\r\n	... 15 more\r\nCaused by: java.io.IOException: 远程主机强迫关闭了一个现有的连接。\r\n	at sun.nio.ch.SocketDispatcher.read0(Native Method)\r\n	at sun.nio.ch.SocketDispatcher.read(SocketDispatcher.java:43)\r\n	at sun.nio.ch.IOUtil.readIntoNativeBuffer(IOUtil.java:223)\r\n	at sun.nio.ch.IOUtil.read(IOUtil.java:192)\r\n	at sun.nio.ch.SocketChannelImpl.read(SocketChannelImpl.java:378)\r\n	at io.netty.buffer.PooledByteBuf.setBytes(PooledByteBuf.java:253)\r\n	at io.netty.buffer.AbstractByteBuf.writeBytes(AbstractByteBuf.java:1134)\r\n	at io.netty.channel.socket.nio.NioSocketChannel.doReadBytes(NioSocketChannel.java:350)\r\n	at io.netty.channel.nio.AbstractNioByteChannel$NioByteUnsafe.read(AbstractNioByteChannel.java:151)\r\n	at io.netty.channel.nio.NioEventLoop.processSelectedKey(NioEventLoop.java:719)\r\n	at io.netty.channel.nio.NioEventLoop.processSelectedKeysOptimized(NioEventLoop.java:655)\r\n	at io.netty.channel.nio.NioEventLoop.processSelectedKeys(NioEventLoop.java:581)\r\n	at io.netty.channel.nio.NioEventLoop.run(NioEventLoop.java:493)\r\n	at io.netty.util.concurrent.SingleThreadEventExecutor$4.run(SingleThreadEventExecutor.java:989)\r\n	at io.netty.util.internal.ThreadExecutorMap$2.run(ThreadExecutorMap.java:74)\r\n	at io.netty.util.concurrent.FastThreadLocalRunnable.run(FastThreadLocalRunnable.java:30)\r\n	at java.lang.Thread.run(Thread.java:748)\r\n', '127.0.0.1', '内网IP|内网IP', '2024-05-07 07:16:14'),
	(12, '/report', 'com.blog.controller.AuroraInfoController.report', 'POST', NULL, '上报访客信息', 'org.springframework.data.redis.RedisSystemException: Redis exception; nested exception is io.lettuce.core.RedisException: java.io.IOException: 远程主机强迫关闭了一个现有的连接。\r\n	at org.springframework.data.redis.connection.lettuce.LettuceExceptionConverter.convert(LettuceExceptionConverter.java:74)\r\n	at org.springframework.data.redis.connection.lettuce.LettuceExceptionConverter.convert(LettuceExceptionConverter.java:41)\r\n	at org.springframework.data.redis.PassThroughExceptionTranslationStrategy.translate(PassThroughExceptionTranslationStrategy.java:44)\r\n	at org.springframework.data.redis.FallbackExceptionTranslationStrategy.translate(FallbackExceptionTranslationStrategy.java:42)\r\n	at org.springframework.data.redis.connection.lettuce.LettuceConnection.convertLettuceAccessException(LettuceConnection.java:273)\r\n	at org.springframework.data.redis.connection.lettuce.LettuceSetCommands.convertLettuceAccessException(LettuceSetCommands.java:520)\r\n	at org.springframework.data.redis.connection.lettuce.LettuceSetCommands.sIsMember(LettuceSetCommands.java:221)\r\n	at org.springframework.data.redis.connection.DefaultedRedisConnection.sIsMember(DefaultedRedisConnection.java:784)\r\n	at org.springframework.data.redis.core.DefaultSetOperations.lambda$isMember$9(DefaultSetOperations.java:203)\r\n	at org.springframework.data.redis.core.RedisTemplate.execute(RedisTemplate.java:228)\r\n	at org.springframework.data.redis.core.RedisTemplate.execute(RedisTemplate.java:188)\r\n	at org.springframework.data.redis.core.AbstractOperations.execute(AbstractOperations.java:96)\r\n	at org.springframework.data.redis.core.DefaultSetOperations.isMember(DefaultSetOperations.java:203)\r\n	at com.blog.service.impl.RedisServiceImpl.sIsMember(RedisServiceImpl.java:191)\r\n	at com.blog.service.impl.AuroraInfoServiceImpl.report(AuroraInfoServiceImpl.java:79)\r\n	at com.blog.service.impl.AuroraInfoServiceImpl$$FastClassBySpringCGLIB$$24ca3931.invoke(<generated>)\r\n	at org.springframework.cglib.proxy.MethodProxy.invoke(MethodProxy.java:218)\r\n	at org.springframework.aop.framework.CglibAopProxy$DynamicAdvisedInterceptor.intercept(CglibAopProxy.java:687)\r\n	at com.blog.service.impl.AuroraInfoServiceImpl$$EnhancerBySpringCGLIB$$a5746c1b.report(<generated>)\r\n	at com.blog.controller.AuroraInfoController.report(AuroraInfoController.java:39)\r\n	at com.blog.controller.AuroraInfoController$$FastClassBySpringCGLIB$$5a170f9d.invoke(<generated>)\r\n	at org.springframework.cglib.proxy.MethodProxy.invoke(MethodProxy.java:218)\r\n	at org.springframework.aop.framework.CglibAopProxy$CglibMethodInvocation.invokeJoinpoint(CglibAopProxy.java:771)\r\n	at org.springframework.aop.framework.ReflectiveMethodInvocation.proceed(ReflectiveMethodInvocation.java:163)\r\n	at org.springframework.aop.framework.CglibAopProxy$CglibMethodInvocation.proceed(CglibAopProxy.java:749)\r\n	at org.springframework.aop.aspectj.AspectJAfterThrowingAdvice.invoke(AspectJAfterThrowingAdvice.java:62)\r\n	at org.springframework.aop.framework.ReflectiveMethodInvocation.proceed(ReflectiveMethodInvocation.java:186)\r\n	at org.springframework.aop.framework.CglibAopProxy$CglibMethodInvocation.proceed(CglibAopProxy.java:749)\r\n	at org.springframework.aop.interceptor.ExposeInvocationInterceptor.invoke(ExposeInvocationInterceptor.java:95)\r\n	at org.springframework.aop.framework.ReflectiveMethodInvocation.proceed(ReflectiveMethodInvocation.java:186)\r\n	at org.springframework.aop.framework.CglibAopProxy$CglibMethodInvocation.proceed(CglibAopProxy.java:749)\r\n	at org.springframework.aop.framework.CglibAopProxy$DynamicAdvisedInterceptor.intercept(CglibAopProxy.java:691)\r\n	at com.blog.controller.AuroraInfoController$$EnhancerBySpringCGLIB$$6965a01f.report(<generated>)\r\n	at sun.reflect.NativeMethodAccessorImpl.invoke0(Native Method)\r\n	at sun.reflect.NativeMethodAccessorImpl.invoke(NativeMethodAccessorImpl.java:62)\r\n	at sun.reflect.DelegatingMethodAccessorImpl.invoke(DelegatingMethodAccessorImpl.java:43)\r\n	at java.lang.reflect.Method.invoke(Method.java:498)\r\n	at org.springframework.web.method.support.InvocableHandlerMethod.doInvoke(InvocableHandlerMethod.java:190)\r\n	at org.springframework.web.method.support.InvocableHandlerMethod.invokeForRequest(InvocableHandlerMethod.java:138)\r\n	at org.springframework.web.servlet.mvc.method.annotation.ServletInvocableHandlerMethod.invokeAndHandle(ServletInvocableHandlerMethod.java:105)\r\n	at org.springframework.web.servlet.mvc.method.annotation.RequestMappingHandlerAdapter.invokeHandlerMethod(RequestMappingHandlerAdapter.java:878)\r\n	at org.springframework.web.servlet.mvc.method.annotation.RequestMappingHandlerAdapter.handleInternal(RequestMappingHandlerAdapter.java:792)\r\n	at org.springframework.web.servlet.mvc.method.AbstractHandlerMethodAdapter.handle(AbstractHandlerMethodAdapter.java:87)\r\n	at org.springframework.web.servlet.DispatcherServlet.doDispatch(DispatcherServlet.java:1040)\r\n	at org.springframework.web.servlet.DispatcherServlet.doService(DispatcherServlet.java:943)\r\n	at org.springframework.web.servlet.FrameworkServlet.processRequest(FrameworkServlet.java:1006)\r\n	at org.springframework.web.servlet.FrameworkServlet.doPost(FrameworkServlet.java:909)\r\n	at javax.servlet.http.HttpServlet.service(HttpServlet.java:652)\r\n	at org.springframework.web.servlet.FrameworkServlet.service(FrameworkServlet.java:883)\r\n	at javax.servlet.http.HttpServlet.service(HttpServlet.java:733)\r\n	at org.apache.catalina.core.ApplicationFilterChain.internalDoFilter(ApplicationFilterChain.java:231)\r\n	at org.apache.catalina.core.ApplicationFilterChain.doFilter(ApplicationFilterChain.java:166)\r\n	at org.apache.tomcat.websocket.server.WsFilter.doFilter(WsFilter.java:53)\r\n	at org.apache.catalina.core.ApplicationFilterChain.internalDoFilter(ApplicationFilterChain.java:193)\r\n	at org.apache.catalina.core.ApplicationFilterChain.doFilter(ApplicationFilterChain.java:166)\r\n	at org.springframework.web.filter.OncePerRequestFilter.doFilter(OncePerRequestFilter.java:113)\r\n	at org.apache.catalina.core.ApplicationFilterChain.internalDoFilter(ApplicationFilterChain.java:193)\r\n	at org.apache.catalina.core.ApplicationFilterChain.doFilter(ApplicationFilterChain.java:166)\r\n	at org.springframework.security.web.FilterChainProxy$VirtualFilterChain.doFilter(FilterChainProxy.java:320)\r\n	at org.springframework.security.web.access.intercept.FilterSecurityInterceptor.invoke(FilterSecurityInterceptor.java:126)\r\n	at org.springframework.security.web.access.intercept.FilterSecurityInterceptor.doFilter(FilterSecurityInterceptor.java:90)\r\n	at org.springframework.security.web.FilterChainProxy$VirtualFilterChain.doFilter(FilterChainProxy.java:334)\r\n	at org.springframework.security.web.access.ExceptionTranslationFilter.doFilter(ExceptionTranslationFilter.java:118)\r\n	at org.springframework.security.web.FilterChainProxy$VirtualFilterChain.doFilter(FilterChainProxy.java:334)\r\n	at org.springframework.security.web.session.SessionManagementFilter.doFilter(SessionManagementFilter.java:137)\r\n	at org.springframework.security.web.FilterChainProxy$VirtualFilterChain.doFilter(FilterChainProxy.java:334)\r\n	at org.springframework.security.web.authentication.AnonymousAuthenticationFilter.doFilter(AnonymousAuthenticationFilter.java:111)\r\n	at org.springframework.security.web.FilterChainProxy$VirtualFilterChain.doFilter(FilterChainProxy.java:334)\r\n	at org.springframework.security.web.servletapi.SecurityContextHolderAwareRequestFilter.doFilter(SecurityContextHolderAwareRequestFilter.java:158)\r\n	at org.springframework.security.web.FilterChainProxy$VirtualFilterChain.doFilter(FilterChainProxy.java:334)\r\n	at org.springframework.security.web.savedrequest.RequestCacheAwareFilter.doFilter(RequestCacheAwareFilter.java:63)\r\n	at org.springframework.security.web.FilterChainProxy$VirtualFilterChain.doFilter(FilterChainProxy.java:334)\r\n	at org.springframework.security.web.authentication.AbstractAuthenticationProcessingFilter.doFilter(AbstractAuthenticationProcessingFilter.java:200)\r\n	at org.springframework.security.web.FilterChainProxy$VirtualFilterChain.doFilter(FilterChainProxy.java:334)\r\n	at com.blog.filter.JwtAuthenticationTokenFilter.doFilterInternal(JwtAuthenticationTokenFilter.java:39)\r\n	at org.springframework.web.filter.OncePerRequestFilter.doFilter(OncePerRequestFilter.java:119)\r\n	at org.springframework.security.web.FilterChainProxy$VirtualFilterChain.doFilter(FilterChainProxy.java:334)\r\n	at org.springframework.security.web.authentication.logout.LogoutFilter.doFilter(LogoutFilter.java:116)\r\n	at org.springframework.security.web.FilterChainProxy$VirtualFilterChain.doFilter(FilterChainProxy.java:334)\r\n	at org.springframework.security.web.header.HeaderWriterFilter.doHeadersAfter(HeaderWriterFilter.java:92)\r\n	at org.springframework.security.web.header.HeaderWriterFilter.doFilterInternal(HeaderWriterFilter.java:77)\r\n	at org.springframework.web.filter.OncePerRequestFilter.doFilter(OncePerRequestFilter.java:119)\r\n	at org.springframework.security.web.FilterChainProxy$VirtualFilterChain.doFilter(FilterChainProxy.java:334)\r\n	at org.springframework.security.web.context.SecurityContextPersistenceFilter.doFilter(SecurityContextPersistenceFilter.java:105)\r\n	at org.springframework.security.web.FilterChainProxy$VirtualFilterChain.doFilter(FilterChainProxy.java:334)\r\n	at org.springframework.security.web.context.request.async.WebAsyncManagerIntegrationFilter.doFilterInternal(WebAsyncManagerIntegrationFilter.java:56)\r\n	at org.springframework.web.filter.OncePerRequestFilter.doFilter(OncePerRequestFilter.java:119)\r\n	at org.springframework.security.web.FilterChainProxy$VirtualFilterChain.doFilter(FilterChainProxy.java:334)\r\n	at org.springframework.security.web.FilterChainProxy.doFilterInternal(FilterChainProxy.java:215)\r\n	at org.springframework.security.web.FilterChainProxy.doFilter(FilterChainProxy.java:178)\r\n	at org.springframework.web.filter.DelegatingFilterProxy.invokeDelegate(DelegatingFilterProxy.java:358)\r\n	at org.springframework.web.filter.DelegatingFilterProxy.doFilter(DelegatingFilterProxy.java:271)\r\n	at org.apache.catalina.core.ApplicationFilterChain.internalDoFilter(ApplicationFilterChain.java:193)\r\n	at org.apache.catalina.core.ApplicationFilterChain.doFilter(ApplicationFilterChain.java:166)\r\n	at org.springframework.web.filter.RequestContextFilter.doFilterInternal(RequestContextFilter.java:100)\r\n	at org.springframework.web.filter.OncePerRequestFilter.doFilter(OncePerRequestFilter.java:119)\r\n	at org.apache.catalina.core.ApplicationFilterChain.internalDoFilter(ApplicationFilterChain.java:193)\r\n	at org.apache.catalina.core.ApplicationFilterChain.doFilter(ApplicationFilterChain.java:166)\r\n	at org.springframework.web.filter.FormContentFilter.doFilterInternal(FormContentFilter.java:93)\r\n	at org.springframework.web.filter.OncePerRequestFilter.doFilter(OncePerRequestFilter.java:119)\r\n	at org.apache.catalina.core.ApplicationFilterChain.internalDoFilter(ApplicationFilterChain.java:193)\r\n	at org.apache.catalina.core.ApplicationFilterChain.doFilter(ApplicationFilterChain.java:166)\r\n	at org.springframework.web.filter.CharacterEncodingFilter.doFilterInternal(CharacterEncodingFilter.java:201)\r\n	at org.springframework.web.filter.OncePerRequestFilter.doFilter(OncePerRequestFilter.java:119)\r\n	at org.apache.catalina.core.ApplicationFilterChain.internalDoFilter(ApplicationFilterChain.java:193)\r\n	at org.apache.catalina.core.ApplicationFilterChain.doFilter(ApplicationFilterChain.java:166)\r\n	at org.apache.catalina.core.StandardWrapperValve.invoke(StandardWrapperValve.java:202)\r\n	at org.apache.catalina.core.StandardContextValve.invoke(StandardContextValve.java:97)\r\n	at org.apache.catalina.authenticator.AuthenticatorBase.invoke(AuthenticatorBase.java:542)\r\n	at org.apache.catalina.core.StandardHostValve.invoke(StandardHostValve.java:143)\r\n	at org.apache.catalina.valves.ErrorReportValve.invoke(ErrorReportValve.java:92)\r\n	at org.apache.catalina.core.StandardEngineValve.invoke(StandardEngineValve.java:78)\r\n	at org.apache.catalina.connector.CoyoteAdapter.service(CoyoteAdapter.java:343)\r\n	at org.apache.coyote.http11.Http11Processor.service(Http11Processor.java:374)\r\n	at org.apache.coyote.AbstractProcessorLight.process(AbstractProcessorLight.java:65)\r\n	at org.apache.coyote.AbstractProtocol$ConnectionHandler.process(AbstractProtocol.java:888)\r\n	at org.apache.tomcat.util.net.NioEndpoint$SocketProcessor.doRun(NioEndpoint.java:1597)\r\n	at org.apache.tomcat.util.net.SocketProcessorBase.run(SocketProcessorBase.java:49)\r\n	at java.util.concurrent.ThreadPoolExecutor.runWorker(ThreadPoolExecutor.java:1149)\r\n	at java.util.concurrent.ThreadPoolExecutor$Worker.run(ThreadPoolExecutor.java:624)\r\n	at org.apache.tomcat.util.threads.TaskThread$WrappingRunnable.run(TaskThread.java:61)\r\n	at java.lang.Thread.run(Thread.java:748)\r\nCaused by: io.lettuce.core.RedisException: java.io.IOException: 远程主机强迫关闭了一个现有的连接。\r\n	at io.lettuce.core.LettuceFutures.awaitOrCancel(LettuceFutures.java:134)\r\n	at io.lettuce.core.FutureSyncInvocationHandler.handleInvocation(FutureSyncInvocationHandler.java:75)\r\n	at io.lettuce.core.internal.AbstractInvocationHandler.invoke(AbstractInvocationHandler.java:79)\r\n	at com.sun.proxy.$Proxy248.sismember(Unknown Source)\r\n	at org.springframework.data.redis.connection.lettuce.LettuceSetCommands.sIsMember(LettuceSetCommands.java:219)\r\n	... 115 more\r\nCaused by: java.io.IOException: 远程主机强迫关闭了一个现有的连接。\r\n	at sun.nio.ch.SocketDispatcher.read0(Native Method)\r\n	at sun.nio.ch.SocketDispatcher.read(SocketDispatcher.java:43)\r\n	at sun.nio.ch.IOUtil.readIntoNativeBuffer(IOUtil.java:223)\r\n	at sun.nio.ch.IOUtil.read(IOUtil.java:192)\r\n	at sun.nio.ch.SocketChannelImpl.read(SocketChannelImpl.java:378)\r\n	at io.netty.buffer.PooledByteBuf.setBytes(PooledByteBuf.java:253)\r\n	at io.netty.buffer.AbstractByteBuf.writeBytes(AbstractByteBuf.java:1134)\r\n	at io.netty.channel.socket.nio.NioSocketChannel.doReadBytes(NioSocketChannel.java:350)\r\n	at io.netty.channel.nio.AbstractNioByteChannel$NioByteUnsafe.read(AbstractNioByteChannel.java:151)\r\n	at io.netty.channel.nio.NioEventLoop.processSelectedKey(NioEventLoop.java:719)\r\n	at io.netty.channel.nio.NioEventLoop.processSelectedKeysOptimized(NioEventLoop.java:655)\r\n	at io.netty.channel.nio.NioEventLoop.processSelectedKeys(NioEventLoop.java:581)\r\n	at io.netty.channel.nio.NioEventLoop.run(NioEventLoop.java:493)\r\n	at io.netty.util.concurrent.SingleThreadEventExecutor$4.run(SingleThreadEventExecutor.java:989)\r\n	at io.netty.util.internal.ThreadExecutorMap$2.run(ThreadExecutorMap.java:74)\r\n	at io.netty.util.concurrent.FastThreadLocalRunnable.run(FastThreadLocalRunnable.java:30)\r\n	... 1 more\r\n', '127.0.0.1', '内网IP|内网IP', '2024-05-07 15:54:01');

-- 导出  表 peng-blog.t_friend_link 结构
CREATE TABLE IF NOT EXISTS `t_friend_link` (
  `id` int NOT NULL AUTO_INCREMENT,
  `link_name` varchar(20) CHARACTER SET utf8mb4 COLLATE utf8mb4_0900_ai_ci NOT NULL COMMENT '链接名',
  `link_avatar` varchar(255) CHARACTER SET utf8mb4 COLLATE utf8mb4_0900_ai_ci NOT NULL COMMENT '链接头像',
  `link_address` varchar(50) CHARACTER SET utf8mb4 COLLATE utf8mb4_0900_ai_ci NOT NULL COMMENT '链接地址',
  `link_intro` varchar(100) CHARACTER SET utf8mb4 COLLATE utf8mb4_0900_ai_ci NOT NULL COMMENT '链接介绍',
  `create_time` datetime NOT NULL COMMENT '创建时间',
  `update_time` datetime DEFAULT NULL COMMENT '更新时间',
  PRIMARY KEY (`id`) USING BTREE,
  KEY `fk_friend_link_user` (`link_name`) USING BTREE
) ENGINE=InnoDB AUTO_INCREMENT=48 DEFAULT CHARSET=utf8mb4 COLLATE=utf8mb4_0900_ai_ci ROW_FORMAT=DYNAMIC COMMENT='友链';

-- 正在导出表  peng-blog.t_friend_link 的数据：~0 rows (大约)
DELETE FROM `t_friend_link`;
INSERT INTO `t_friend_link` (`id`, `link_name`, `link_avatar`, `link_address`, `link_intro`, `create_time`, `update_time`) VALUES
	(47, '冰冰符号', 'http://150.158.199.226:9000/avatar/aurora/config/b494ebfc16128f9dfc50302b0c57818a.jpg', 'http://bingbingfuhao.cn', '冰冰符号', '2024-05-06 09:32:28', NULL);

-- 导出  表 peng-blog.t_job 结构
CREATE TABLE IF NOT EXISTS `t_job` (
  `id` int NOT NULL AUTO_INCREMENT COMMENT '任务ID',
  `job_name` varchar(64) CHARACTER SET utf8mb4 COLLATE utf8mb4_general_ci NOT NULL DEFAULT '' COMMENT '任务名称',
  `job_group` varchar(64) CHARACTER SET utf8mb4 COLLATE utf8mb4_general_ci NOT NULL DEFAULT 'DEFAULT' COMMENT '任务组名',
  `invoke_target` varchar(500) CHARACTER SET utf8mb4 COLLATE utf8mb4_general_ci NOT NULL COMMENT '调用目标字符串',
  `cron_expression` varchar(255) CHARACTER SET utf8mb4 COLLATE utf8mb4_general_ci DEFAULT '' COMMENT 'cron执行表达式',
  `misfire_policy` tinyint(1) DEFAULT '3' COMMENT '计划执行错误策略（1立即执行 2执行一次 3放弃执行）',
  `concurrent` tinyint(1) DEFAULT '1' COMMENT '是否并发执行（0禁止 1允许）',
  `status` tinyint(1) DEFAULT '0' COMMENT '状态（0暂停 1正常）',
  `create_time` datetime NOT NULL COMMENT '创建时间',
  `update_time` datetime DEFAULT NULL COMMENT '更新时间',
  `remark` varchar(500) CHARACTER SET utf8mb4 COLLATE utf8mb4_general_ci DEFAULT '' COMMENT '备注信息',
  PRIMARY KEY (`id`,`job_name`,`job_group`) USING BTREE
) ENGINE=InnoDB AUTO_INCREMENT=86 DEFAULT CHARSET=utf8mb4 COLLATE=utf8mb4_general_ci ROW_FORMAT=DYNAMIC COMMENT='定时任务调度表';

-- 正在导出表  peng-blog.t_job 的数据：~5 rows (大约)
DELETE FROM `t_job`;
INSERT INTO `t_job` (`id`, `job_name`, `job_group`, `invoke_target`, `cron_expression`, `misfire_policy`, `concurrent`, `status`, `create_time`, `update_time`, `remark`) VALUES
	(81, '统计用户地域分布', '默认', 'auroraQuartz.statisticalUserArea', '0 0,30 * * * ?', 3, 1, 1, '2022-08-11 21:49:27', '2022-08-13 08:49:47', '统计用户的地域分布'),
	(82, '统计访问量', '默认', 'auroraQuartz.saveUniqueView', '0 0 0 * * ?', 3, 1, 1, '2022-08-12 16:35:11', NULL, '向数据库中写入每天的访问量'),
	(83, '清空redis访客记录', '默认', 'auroraQuartz.clear', '0 0 1 * * ?', 3, 1, 1, '2022-08-12 16:36:30', '2022-08-13 08:47:48', '清空redis访客记录'),
	(84, '百度SEO', '默认', 'auroraQuartz.baiduSeo', '0 0/10 * * * ?', 3, 1, 1, '2022-08-13 21:19:08', '2022-08-19 14:13:52', '百度SEO'),
	(85, '清理定时任务日志', '默认', 'auroraQuartz.clearJobLogs', '0 0 0 * * ?', 3, 1, 1, '2022-08-13 21:26:21', NULL, '清理定时任务日志');

-- 导出  表 peng-blog.t_job_log 结构
CREATE TABLE IF NOT EXISTS `t_job_log` (
  `id` int NOT NULL AUTO_INCREMENT COMMENT '任务日志ID',
  `job_id` int NOT NULL COMMENT '任务ID',
  `job_name` varchar(64) CHARACTER SET utf8mb4 COLLATE utf8mb4_general_ci NOT NULL COMMENT '任务名称',
  `job_group` varchar(64) CHARACTER SET utf8mb4 COLLATE utf8mb4_general_ci NOT NULL COMMENT '任务组名',
  `invoke_target` varchar(500) CHARACTER SET utf8mb4 COLLATE utf8mb4_general_ci NOT NULL COMMENT '调用目标字符串',
  `job_message` varchar(500) CHARACTER SET utf8mb4 COLLATE utf8mb4_general_ci DEFAULT NULL COMMENT '日志信息',
  `status` tinyint(1) DEFAULT '0' COMMENT '执行状态（0正常 1失败）',
  `exception_info` varchar(2000) CHARACTER SET utf8mb4 COLLATE utf8mb4_general_ci DEFAULT '' COMMENT '异常信息',
  `create_time` datetime DEFAULT NULL COMMENT '创建时间',
  `start_time` datetime DEFAULT NULL COMMENT '开始时间',
  `end_time` datetime DEFAULT NULL COMMENT '结束时间',
  PRIMARY KEY (`id`) USING BTREE
) ENGINE=InnoDB AUTO_INCREMENT=8018 DEFAULT CHARSET=utf8mb4 COLLATE=utf8mb4_general_ci ROW_FORMAT=DYNAMIC COMMENT='定时任务调度日志表';

-- 正在导出表  peng-blog.t_job_log 的数据：~85 rows (大约)
DELETE FROM `t_job_log`;
INSERT INTO `t_job_log` (`id`, `job_id`, `job_name`, `job_group`, `invoke_target`, `job_message`, `status`, `exception_info`, `create_time`, `start_time`, `end_time`) VALUES
	(7795, 85, '清理定时任务日志', '默认', 'auroraQuartz.clearJobLogs', '清理定时任务日志 总共耗时：125毫秒', 1, '', '2024-05-07 00:00:00', '2024-05-07 00:00:00', '2024-05-07 00:00:00'),
	(7796, 84, '百度SEO', '默认', 'auroraQuartz.baiduSeo', '百度SEO 总共耗时：4575毫秒', 1, '', '2024-05-07 00:00:05', '2024-05-07 00:00:00', '2024-05-07 00:00:05'),
	(7797, 81, '统计用户地域分布', '默认', 'auroraQuartz.statisticalUserArea', '统计用户地域分布 总共耗时：19356毫秒', 1, '', '2024-05-07 00:00:19', '2024-05-07 00:00:00', '2024-05-07 00:00:19'),
	(7798, 84, '百度SEO', '默认', 'auroraQuartz.baiduSeo', '百度SEO 总共耗时：176毫秒', 1, '', '2024-05-07 00:10:00', '2024-05-07 00:10:00', '2024-05-07 00:10:00'),
	(7799, 84, '百度SEO', '默认', 'auroraQuartz.baiduSeo', '百度SEO 总共耗时：3792毫秒', 1, '', '2024-05-07 00:10:04', '2024-05-07 00:10:00', '2024-05-07 00:10:04'),
	(7800, 84, '百度SEO', '默认', 'auroraQuartz.baiduSeo', '百度SEO 总共耗时：206毫秒', 1, '', '2024-05-07 00:20:00', '2024-05-07 00:20:00', '2024-05-07 00:20:00'),
	(7801, 84, '百度SEO', '默认', 'auroraQuartz.baiduSeo', '百度SEO 总共耗时：3618毫秒', 1, '', '2024-05-07 00:20:04', '2024-05-07 00:20:00', '2024-05-07 00:20:04'),
	(7802, 81, '统计用户地域分布', '默认', 'auroraQuartz.statisticalUserArea', '统计用户地域分布 总共耗时：4毫秒', 1, '', '2024-05-07 00:30:00', '2024-05-07 00:30:00', '2024-05-07 00:30:00'),
	(7803, 84, '百度SEO', '默认', 'auroraQuartz.baiduSeo', '百度SEO 总共耗时：194毫秒', 1, '', '2024-05-07 00:30:00', '2024-05-07 00:30:00', '2024-05-07 00:30:00'),
	(7804, 84, '百度SEO', '默认', 'auroraQuartz.baiduSeo', '百度SEO 总共耗时：3877毫秒', 1, '', '2024-05-07 00:30:04', '2024-05-07 00:30:00', '2024-05-07 00:30:04'),
	(7805, 84, '百度SEO', '默认', 'auroraQuartz.baiduSeo', '百度SEO 总共耗时：258毫秒', 1, '', '2024-05-07 00:40:00', '2024-05-07 00:40:00', '2024-05-07 00:40:00'),
	(7806, 84, '百度SEO', '默认', 'auroraQuartz.baiduSeo', '百度SEO 总共耗时：3799毫秒', 1, '', '2024-05-07 00:40:04', '2024-05-07 00:40:00', '2024-05-07 00:40:04'),
	(7807, 84, '百度SEO', '默认', 'auroraQuartz.baiduSeo', '百度SEO 总共耗时：162毫秒', 1, '', '2024-05-07 00:50:00', '2024-05-07 00:50:00', '2024-05-07 00:50:00'),
	(7808, 84, '百度SEO', '默认', 'auroraQuartz.baiduSeo', '百度SEO 总共耗时：5011毫秒', 1, '', '2024-05-07 00:50:05', '2024-05-07 00:50:00', '2024-05-07 00:50:05'),
	(7809, 83, '清空redis访客记录', '默认', 'auroraQuartz.clear', '清空redis访客记录 总共耗时：1毫秒', 1, '', '2024-05-07 01:00:00', '2024-05-07 01:00:00', '2024-05-07 01:00:00'),
	(7810, 81, '统计用户地域分布', '默认', 'auroraQuartz.statisticalUserArea', '统计用户地域分布 总共耗时：6毫秒', 1, '', '2024-05-07 01:00:00', '2024-05-07 01:00:00', '2024-05-07 01:00:00'),
	(7811, 84, '百度SEO', '默认', 'auroraQuartz.baiduSeo', '百度SEO 总共耗时：185毫秒', 1, '', '2024-05-07 01:00:00', '2024-05-07 01:00:00', '2024-05-07 01:00:00'),
	(7812, 84, '百度SEO', '默认', 'auroraQuartz.baiduSeo', '百度SEO 总共耗时：3829毫秒', 1, '', '2024-05-07 01:00:04', '2024-05-07 01:00:00', '2024-05-07 01:00:04'),
	(7813, 81, '统计用户地域分布', '默认', 'auroraQuartz.statisticalUserArea', '统计用户地域分布 总共耗时：19353毫秒', 1, '', '2024-05-07 01:00:19', '2024-05-07 01:00:00', '2024-05-07 01:00:19'),
	(7814, 84, '百度SEO', '默认', 'auroraQuartz.baiduSeo', '百度SEO 总共耗时：162毫秒', 1, '', '2024-05-07 01:10:00', '2024-05-07 01:10:00', '2024-05-07 01:10:00'),
	(7815, 84, '百度SEO', '默认', 'auroraQuartz.baiduSeo', '百度SEO 总共耗时：4830毫秒', 1, '', '2024-05-07 01:10:05', '2024-05-07 01:10:00', '2024-05-07 01:10:05'),
	(7816, 84, '百度SEO', '默认', 'auroraQuartz.baiduSeo', '百度SEO 总共耗时：191毫秒', 1, '', '2024-05-07 01:20:00', '2024-05-07 01:20:00', '2024-05-07 01:20:00'),
	(7817, 84, '百度SEO', '默认', 'auroraQuartz.baiduSeo', '百度SEO 总共耗时：4063毫秒', 1, '', '2024-05-07 01:20:04', '2024-05-07 01:20:00', '2024-05-07 01:20:04'),
	(7818, 81, '统计用户地域分布', '默认', 'auroraQuartz.statisticalUserArea', '统计用户地域分布 总共耗时：5毫秒', 1, '', '2024-05-07 01:30:00', '2024-05-07 01:30:00', '2024-05-07 01:30:00'),
	(7819, 84, '百度SEO', '默认', 'auroraQuartz.baiduSeo', '百度SEO 总共耗时：204毫秒', 1, '', '2024-05-07 01:30:00', '2024-05-07 01:30:00', '2024-05-07 01:30:00'),
	(7820, 84, '百度SEO', '默认', 'auroraQuartz.baiduSeo', '百度SEO 总共耗时：4716毫秒', 1, '', '2024-05-07 01:30:05', '2024-05-07 01:30:00', '2024-05-07 01:30:05'),
	(7821, 84, '百度SEO', '默认', 'auroraQuartz.baiduSeo', '百度SEO 总共耗时：169毫秒', 1, '', '2024-05-07 01:40:00', '2024-05-07 01:40:00', '2024-05-07 01:40:00'),
	(7822, 84, '百度SEO', '默认', 'auroraQuartz.baiduSeo', '百度SEO 总共耗时：4632毫秒', 1, '', '2024-05-07 01:40:05', '2024-05-07 01:40:00', '2024-05-07 01:40:05'),
	(7823, 84, '百度SEO', '默认', 'auroraQuartz.baiduSeo', '百度SEO 总共耗时：187毫秒', 1, '', '2024-05-07 01:50:00', '2024-05-07 01:50:00', '2024-05-07 01:50:00'),
	(7824, 84, '百度SEO', '默认', 'auroraQuartz.baiduSeo', '百度SEO 总共耗时：4647毫秒', 1, '', '2024-05-07 01:50:05', '2024-05-07 01:50:00', '2024-05-07 01:50:05'),
	(7825, 81, '统计用户地域分布', '默认', 'auroraQuartz.statisticalUserArea', '统计用户地域分布 总共耗时：3毫秒', 1, '', '2024-05-07 02:00:00', '2024-05-07 02:00:00', '2024-05-07 02:00:00'),
	(7826, 84, '百度SEO', '默认', 'auroraQuartz.baiduSeo', '百度SEO 总共耗时：183毫秒', 1, '', '2024-05-07 02:00:00', '2024-05-07 02:00:00', '2024-05-07 02:00:00'),
	(7827, 84, '百度SEO', '默认', 'auroraQuartz.baiduSeo', '百度SEO 总共耗时：3887毫秒', 1, '', '2024-05-07 02:00:04', '2024-05-07 02:00:00', '2024-05-07 02:00:04'),
	(7828, 84, '百度SEO', '默认', 'auroraQuartz.baiduSeo', '百度SEO 总共耗时：139毫秒', 1, '', '2024-05-07 02:10:00', '2024-05-07 02:10:00', '2024-05-07 02:10:00'),
	(7829, 84, '百度SEO', '默认', 'auroraQuartz.baiduSeo', '百度SEO 总共耗时：3770毫秒', 1, '', '2024-05-07 02:10:04', '2024-05-07 02:10:00', '2024-05-07 02:10:04'),
	(7830, 84, '百度SEO', '默认', 'auroraQuartz.baiduSeo', '百度SEO 总共耗时：197毫秒', 1, '', '2024-05-07 02:20:00', '2024-05-07 02:20:00', '2024-05-07 02:20:00'),
	(7831, 84, '百度SEO', '默认', 'auroraQuartz.baiduSeo', '百度SEO 总共耗时：3896毫秒', 1, '', '2024-05-07 02:20:04', '2024-05-07 02:20:00', '2024-05-07 02:20:04'),
	(7832, 81, '统计用户地域分布', '默认', 'auroraQuartz.statisticalUserArea', '统计用户地域分布 总共耗时：6毫秒', 1, '', '2024-05-07 02:30:00', '2024-05-07 02:30:00', '2024-05-07 02:30:00'),
	(7833, 84, '百度SEO', '默认', 'auroraQuartz.baiduSeo', '百度SEO 总共耗时：220毫秒', 1, '', '2024-05-07 02:30:00', '2024-05-07 02:30:00', '2024-05-07 02:30:00'),
	(7834, 84, '百度SEO', '默认', 'auroraQuartz.baiduSeo', '百度SEO 总共耗时：3606毫秒', 1, '', '2024-05-07 02:30:04', '2024-05-07 02:30:00', '2024-05-07 02:30:04'),
	(7835, 84, '百度SEO', '默认', 'auroraQuartz.baiduSeo', '百度SEO 总共耗时：195毫秒', 1, '', '2024-05-07 02:40:00', '2024-05-07 02:40:00', '2024-05-07 02:40:00'),
	(7836, 84, '百度SEO', '默认', 'auroraQuartz.baiduSeo', '百度SEO 总共耗时：3633毫秒', 1, '', '2024-05-07 02:40:04', '2024-05-07 02:40:00', '2024-05-07 02:40:04'),
	(7837, 84, '百度SEO', '默认', 'auroraQuartz.baiduSeo', '百度SEO 总共耗时：153毫秒', 1, '', '2024-05-07 02:50:00', '2024-05-07 02:50:00', '2024-05-07 02:50:00'),
	(7838, 84, '百度SEO', '默认', 'auroraQuartz.baiduSeo', '百度SEO 总共耗时：3595毫秒', 1, '', '2024-05-07 02:50:04', '2024-05-07 02:50:00', '2024-05-07 02:50:04'),
	(7839, 81, '统计用户地域分布', '默认', 'auroraQuartz.statisticalUserArea', '统计用户地域分布 总共耗时：11毫秒', 1, '', '2024-05-07 03:00:00', '2024-05-07 03:00:00', '2024-05-07 03:00:00'),
	(7840, 84, '百度SEO', '默认', 'auroraQuartz.baiduSeo', '百度SEO 总共耗时：151毫秒', 1, '', '2024-05-07 03:00:00', '2024-05-07 03:00:00', '2024-05-07 03:00:00'),
	(7841, 84, '百度SEO', '默认', 'auroraQuartz.baiduSeo', '百度SEO 总共耗时：4592毫秒', 1, '', '2024-05-07 03:00:05', '2024-05-07 03:00:00', '2024-05-07 03:00:05'),
	(7842, 84, '百度SEO', '默认', 'auroraQuartz.baiduSeo', '百度SEO 总共耗时：164毫秒', 1, '', '2024-05-07 03:10:00', '2024-05-07 03:10:00', '2024-05-07 03:10:00'),
	(7843, 84, '百度SEO', '默认', 'auroraQuartz.baiduSeo', '百度SEO 总共耗时：3691毫秒', 1, '', '2024-05-07 03:10:04', '2024-05-07 03:10:00', '2024-05-07 03:10:04'),
	(7844, 84, '百度SEO', '默认', 'auroraQuartz.baiduSeo', '百度SEO 总共耗时：178毫秒', 1, '', '2024-05-07 03:20:00', '2024-05-07 03:20:00', '2024-05-07 03:20:00'),
	(7845, 84, '百度SEO', '默认', 'auroraQuartz.baiduSeo', '百度SEO 总共耗时：4764毫秒', 1, '', '2024-05-07 03:20:05', '2024-05-07 03:20:00', '2024-05-07 03:20:05'),
	(7846, 81, '统计用户地域分布', '默认', 'auroraQuartz.statisticalUserArea', '统计用户地域分布 总共耗时：4毫秒', 1, '', '2024-05-07 03:30:00', '2024-05-07 03:30:00', '2024-05-07 03:30:00'),
	(7847, 84, '百度SEO', '默认', 'auroraQuartz.baiduSeo', '百度SEO 总共耗时：205毫秒', 1, '', '2024-05-07 03:30:00', '2024-05-07 03:30:00', '2024-05-07 03:30:00'),
	(7848, 84, '百度SEO', '默认', 'auroraQuartz.baiduSeo', '百度SEO 总共耗时：4034毫秒', 1, '', '2024-05-07 03:30:04', '2024-05-07 03:30:00', '2024-05-07 03:30:04'),
	(7849, 84, '百度SEO', '默认', 'auroraQuartz.baiduSeo', '百度SEO 总共耗时：207毫秒', 1, '', '2024-05-07 03:40:00', '2024-05-07 03:40:00', '2024-05-07 03:40:00'),
	(7850, 84, '百度SEO', '默认', 'auroraQuartz.baiduSeo', '百度SEO 总共耗时：3542毫秒', 1, '', '2024-05-07 03:40:04', '2024-05-07 03:40:00', '2024-05-07 03:40:04'),
	(7851, 84, '百度SEO', '默认', 'auroraQuartz.baiduSeo', '百度SEO 总共耗时：184毫秒', 1, '', '2024-05-07 03:50:00', '2024-05-07 03:50:00', '2024-05-07 03:50:00'),
	(7852, 84, '百度SEO', '默认', 'auroraQuartz.baiduSeo', '百度SEO 总共耗时：4783毫秒', 1, '', '2024-05-07 03:50:05', '2024-05-07 03:50:00', '2024-05-07 03:50:05'),
	(7853, 81, '统计用户地域分布', '默认', 'auroraQuartz.statisticalUserArea', '统计用户地域分布 总共耗时：4毫秒', 1, '', '2024-05-07 04:00:00', '2024-05-07 04:00:00', '2024-05-07 04:00:00'),
	(7854, 84, '百度SEO', '默认', 'auroraQuartz.baiduSeo', '百度SEO 总共耗时：183毫秒', 1, '', '2024-05-07 04:00:00', '2024-05-07 04:00:00', '2024-05-07 04:00:00'),
	(7855, 84, '百度SEO', '默认', 'auroraQuartz.baiduSeo', '百度SEO 总共耗时：4713毫秒', 1, '', '2024-05-07 04:00:05', '2024-05-07 04:00:00', '2024-05-07 04:00:05'),
	(7856, 84, '百度SEO', '默认', 'auroraQuartz.baiduSeo', '百度SEO 总共耗时：194毫秒', 1, '', '2024-05-07 04:10:00', '2024-05-07 04:10:00', '2024-05-07 04:10:00'),
	(7857, 84, '百度SEO', '默认', 'auroraQuartz.baiduSeo', '百度SEO 总共耗时：3572毫秒', 1, '', '2024-05-07 04:10:04', '2024-05-07 04:10:00', '2024-05-07 04:10:04'),
	(7858, 84, '百度SEO', '默认', 'auroraQuartz.baiduSeo', '百度SEO 总共耗时：199毫秒', 1, '', '2024-05-07 04:20:00', '2024-05-07 04:20:00', '2024-05-07 04:20:00'),
	(7859, 84, '百度SEO', '默认', 'auroraQuartz.baiduSeo', '百度SEO 总共耗时：3794毫秒', 1, '', '2024-05-07 04:20:04', '2024-05-07 04:20:00', '2024-05-07 04:20:04'),
	(7860, 81, '统计用户地域分布', '默认', 'auroraQuartz.statisticalUserArea', '统计用户地域分布 总共耗时：9毫秒', 1, '', '2024-05-07 04:30:00', '2024-05-07 04:30:00', '2024-05-07 04:30:00'),
	(7861, 84, '百度SEO', '默认', 'auroraQuartz.baiduSeo', '百度SEO 总共耗时：205毫秒', 1, '', '2024-05-07 04:30:00', '2024-05-07 04:30:00', '2024-05-07 04:30:00'),
	(7862, 84, '百度SEO', '默认', 'auroraQuartz.baiduSeo', '百度SEO 总共耗时：2721毫秒', 1, '', '2024-05-07 04:30:03', '2024-05-07 04:30:00', '2024-05-07 04:30:03'),
	(7863, 84, '百度SEO', '默认', 'auroraQuartz.baiduSeo', '百度SEO 总共耗时：157毫秒', 1, '', '2024-05-07 04:40:00', '2024-05-07 04:40:00', '2024-05-07 04:40:00'),
	(7864, 84, '百度SEO', '默认', 'auroraQuartz.baiduSeo', '百度SEO 总共耗时：3909毫秒', 1, '', '2024-05-07 04:40:04', '2024-05-07 04:40:00', '2024-05-07 04:40:04'),
	(7865, 84, '百度SEO', '默认', 'auroraQuartz.baiduSeo', '百度SEO 总共耗时：180毫秒', 1, '', '2024-05-07 04:50:00', '2024-05-07 04:50:00', '2024-05-07 04:50:00'),
	(7866, 84, '百度SEO', '默认', 'auroraQuartz.baiduSeo', '百度SEO 总共耗时：3977毫秒', 1, '', '2024-05-07 04:50:04', '2024-05-07 04:50:00', '2024-05-07 04:50:04'),
	(7867, 81, '统计用户地域分布', '默认', 'auroraQuartz.statisticalUserArea', '统计用户地域分布 总共耗时：8毫秒', 1, '', '2024-05-07 05:00:00', '2024-05-07 05:00:00', '2024-05-07 05:00:00'),
	(7868, 84, '百度SEO', '默认', 'auroraQuartz.baiduSeo', '百度SEO 总共耗时：213毫秒', 1, '', '2024-05-07 05:00:00', '2024-05-07 05:00:00', '2024-05-07 05:00:00'),
	(7869, 84, '百度SEO', '默认', 'auroraQuartz.baiduSeo', '百度SEO 总共耗时：4592毫秒', 1, '', '2024-05-07 05:00:05', '2024-05-07 05:00:00', '2024-05-07 05:00:05'),
	(7870, 84, '百度SEO', '默认', 'auroraQuartz.baiduSeo', '百度SEO 总共耗时：170毫秒', 1, '', '2024-05-07 05:10:00', '2024-05-07 05:10:00', '2024-05-07 05:10:00'),
	(7871, 84, '百度SEO', '默认', 'auroraQuartz.baiduSeo', '百度SEO 总共耗时：3711毫秒', 1, '', '2024-05-07 05:10:04', '2024-05-07 05:10:00', '2024-05-07 05:10:04'),
	(7872, 84, '百度SEO', '默认', 'auroraQuartz.baiduSeo', '百度SEO 总共耗时：171毫秒', 1, '', '2024-05-07 05:20:00', '2024-05-07 05:20:00', '2024-05-07 05:20:00'),
	(7873, 84, '百度SEO', '默认', 'auroraQuartz.baiduSeo', '百度SEO 总共耗时：4862毫秒', 1, '', '2024-05-07 05:20:05', '2024-05-07 05:20:00', '2024-05-07 05:20:05'),
	(7874, 81, '统计用户地域分布', '默认', 'auroraQuartz.statisticalUserArea', '统计用户地域分布 总共耗时：4毫秒', 1, '', '2024-05-07 05:30:00', '2024-05-07 05:30:00', '2024-05-07 05:30:00'),
	(7875, 84, '百度SEO', '默认', 'auroraQuartz.baiduSeo', '百度SEO 总共耗时：201毫秒', 1, '', '2024-05-07 05:30:00', '2024-05-07 05:30:00', '2024-05-07 05:30:00'),
	(7876, 84, '百度SEO', '默认', 'auroraQuartz.baiduSeo', '百度SEO 总共耗时：3624毫秒', 1, '', '2024-05-07 05:30:04', '2024-05-07 05:30:00', '2024-05-07 05:30:04'),
	(7877, 84, '百度SEO', '默认', 'auroraQuartz.baiduSeo', '百度SEO 总共耗时：189毫秒', 1, '', '2024-05-07 05:40:00', '2024-05-07 05:40:00', '2024-05-07 05:40:00'),
	(7878, 84, '百度SEO', '默认', 'auroraQuartz.baiduSeo', '百度SEO 总共耗时：4124毫秒', 1, '', '2024-05-07 05:40:04', '2024-05-07 05:40:00', '2024-05-07 05:40:04'),
	(7879, 84, '百度SEO', '默认', 'auroraQuartz.baiduSeo', '百度SEO 总共耗时：191毫秒', 1, '', '2024-05-07 05:50:00', '2024-05-07 05:50:00', '2024-05-07 05:50:00'),
	(7880, 84, '百度SEO', '默认', 'auroraQuartz.baiduSeo', '百度SEO 总共耗时：3913毫秒', 1, '', '2024-05-07 05:50:04', '2024-05-07 05:50:00', '2024-05-07 05:50:04'),
	(7881, 81, '统计用户地域分布', '默认', 'auroraQuartz.statisticalUserArea', '统计用户地域分布 总共耗时：5毫秒', 1, '', '2024-05-07 06:00:00', '2024-05-07 06:00:00', '2024-05-07 06:00:00'),
	(7882, 84, '百度SEO', '默认', 'auroraQuartz.baiduSeo', '百度SEO 总共耗时：191毫秒', 1, '', '2024-05-07 06:00:00', '2024-05-07 06:00:00', '2024-05-07 06:00:00'),
	(7883, 84, '百度SEO', '默认', 'auroraQuartz.baiduSeo', '百度SEO 总共耗时：3681毫秒', 1, '', '2024-05-07 06:00:04', '2024-05-07 06:00:00', '2024-05-07 06:00:04'),
	(7884, 84, '百度SEO', '默认', 'auroraQuartz.baiduSeo', '百度SEO 总共耗时：170毫秒', 1, '', '2024-05-07 06:10:00', '2024-05-07 06:10:00', '2024-05-07 06:10:00'),
	(7885, 84, '百度SEO', '默认', 'auroraQuartz.baiduSeo', '百度SEO 总共耗时：3572毫秒', 1, '', '2024-05-07 06:10:04', '2024-05-07 06:10:00', '2024-05-07 06:10:04'),
	(7886, 84, '百度SEO', '默认', 'auroraQuartz.baiduSeo', '百度SEO 总共耗时：155毫秒', 1, '', '2024-05-07 06:20:00', '2024-05-07 06:20:00', '2024-05-07 06:20:00'),
	(7887, 84, '百度SEO', '默认', 'auroraQuartz.baiduSeo', '百度SEO 总共耗时：3723毫秒', 1, '', '2024-05-07 06:20:04', '2024-05-07 06:20:00', '2024-05-07 06:20:04'),
	(7888, 81, '统计用户地域分布', '默认', 'auroraQuartz.statisticalUserArea', '统计用户地域分布 总共耗时：5毫秒', 1, '', '2024-05-07 06:30:00', '2024-05-07 06:30:00', '2024-05-07 06:30:00'),
	(7889, 84, '百度SEO', '默认', 'auroraQuartz.baiduSeo', '百度SEO 总共耗时：189毫秒', 1, '', '2024-05-07 06:30:00', '2024-05-07 06:30:00', '2024-05-07 06:30:00'),
	(7890, 84, '百度SEO', '默认', 'auroraQuartz.baiduSeo', '百度SEO 总共耗时：4816毫秒', 1, '', '2024-05-07 06:30:05', '2024-05-07 06:30:00', '2024-05-07 06:30:05'),
	(7891, 84, '百度SEO', '默认', 'auroraQuartz.baiduSeo', '百度SEO 总共耗时：213毫秒', 1, '', '2024-05-07 06:40:00', '2024-05-07 06:40:00', '2024-05-07 06:40:00'),
	(7892, 84, '百度SEO', '默认', 'auroraQuartz.baiduSeo', '百度SEO 总共耗时：4796毫秒', 1, '', '2024-05-07 06:40:05', '2024-05-07 06:40:00', '2024-05-07 06:40:05'),
	(7893, 84, '百度SEO', '默认', 'auroraQuartz.baiduSeo', '百度SEO 总共耗时：184毫秒', 1, '', '2024-05-07 06:50:00', '2024-05-07 06:50:00', '2024-05-07 06:50:00'),
	(7894, 84, '百度SEO', '默认', 'auroraQuartz.baiduSeo', '百度SEO 总共耗时：3761毫秒', 1, '', '2024-05-07 06:50:04', '2024-05-07 06:50:00', '2024-05-07 06:50:04'),
	(7895, 81, '统计用户地域分布', '默认', 'auroraQuartz.statisticalUserArea', '统计用户地域分布 总共耗时：6毫秒', 1, '', '2024-05-07 07:00:00', '2024-05-07 07:00:00', '2024-05-07 07:00:00'),
	(7896, 84, '百度SEO', '默认', 'auroraQuartz.baiduSeo', '百度SEO 总共耗时：165毫秒', 1, '', '2024-05-07 07:00:00', '2024-05-07 07:00:00', '2024-05-07 07:00:00'),
	(7897, 84, '百度SEO', '默认', 'auroraQuartz.baiduSeo', '百度SEO 总共耗时：5809毫秒', 1, '', '2024-05-07 07:00:06', '2024-05-07 07:00:00', '2024-05-07 07:00:06'),
	(7898, 84, '百度SEO', '默认', 'auroraQuartz.baiduSeo', '百度SEO 总共耗时：207毫秒', 1, '', '2024-05-07 07:10:00', '2024-05-07 07:10:00', '2024-05-07 07:10:00'),
	(7899, 84, '百度SEO', '默认', 'auroraQuartz.baiduSeo', '百度SEO 总共耗时：4660毫秒', 1, '', '2024-05-07 07:10:05', '2024-05-07 07:10:00', '2024-05-07 07:10:05'),
	(7900, 84, '百度SEO', '默认', 'auroraQuartz.baiduSeo', '百度SEO 总共耗时：165毫秒', 1, '', '2024-05-07 07:20:00', '2024-05-07 07:20:00', '2024-05-07 07:20:00'),
	(7901, 84, '百度SEO', '默认', 'auroraQuartz.baiduSeo', '百度SEO 总共耗时：3880毫秒', 1, '', '2024-05-07 07:20:04', '2024-05-07 07:20:00', '2024-05-07 07:20:04'),
	(7902, 81, '统计用户地域分布', '默认', 'auroraQuartz.statisticalUserArea', '统计用户地域分布 总共耗时：3毫秒', 1, '', '2024-05-07 07:30:00', '2024-05-07 07:30:00', '2024-05-07 07:30:00'),
	(7903, 84, '百度SEO', '默认', 'auroraQuartz.baiduSeo', '百度SEO 总共耗时：182毫秒', 1, '', '2024-05-07 07:30:00', '2024-05-07 07:30:00', '2024-05-07 07:30:00'),
	(7904, 84, '百度SEO', '默认', 'auroraQuartz.baiduSeo', '百度SEO 总共耗时：4773毫秒', 1, '', '2024-05-07 07:30:05', '2024-05-07 07:30:00', '2024-05-07 07:30:05'),
	(7905, 84, '百度SEO', '默认', 'auroraQuartz.baiduSeo', '百度SEO 总共耗时：226毫秒', 1, '', '2024-05-07 07:40:00', '2024-05-07 07:40:00', '2024-05-07 07:40:00'),
	(7906, 84, '百度SEO', '默认', 'auroraQuartz.baiduSeo', '百度SEO 总共耗时：4136毫秒', 1, '', '2024-05-07 07:40:04', '2024-05-07 07:40:00', '2024-05-07 07:40:04'),
	(7907, 84, '百度SEO', '默认', 'auroraQuartz.baiduSeo', '百度SEO 总共耗时：171毫秒', 1, '', '2024-05-07 07:50:00', '2024-05-07 07:50:00', '2024-05-07 07:50:00'),
	(7908, 84, '百度SEO', '默认', 'auroraQuartz.baiduSeo', '百度SEO 总共耗时：3821毫秒', 1, '', '2024-05-07 07:50:04', '2024-05-07 07:50:00', '2024-05-07 07:50:04'),
	(7909, 81, '统计用户地域分布', '默认', 'auroraQuartz.statisticalUserArea', '统计用户地域分布 总共耗时：4毫秒', 1, '', '2024-05-07 08:00:00', '2024-05-07 08:00:00', '2024-05-07 08:00:00'),
	(7910, 84, '百度SEO', '默认', 'auroraQuartz.baiduSeo', '百度SEO 总共耗时：208毫秒', 1, '', '2024-05-07 08:00:00', '2024-05-07 08:00:00', '2024-05-07 08:00:00'),
	(7911, 84, '百度SEO', '默认', 'auroraQuartz.baiduSeo', '百度SEO 总共耗时：3798毫秒', 1, '', '2024-05-07 08:00:04', '2024-05-07 08:00:00', '2024-05-07 08:00:04'),
	(7912, 84, '百度SEO', '默认', 'auroraQuartz.baiduSeo', '百度SEO 总共耗时：193毫秒', 1, '', '2024-05-07 08:10:00', '2024-05-07 08:10:00', '2024-05-07 08:10:00'),
	(7913, 84, '百度SEO', '默认', 'auroraQuartz.baiduSeo', '百度SEO 总共耗时：4816毫秒', 1, '', '2024-05-07 08:10:05', '2024-05-07 08:10:00', '2024-05-07 08:10:05'),
	(7914, 84, '百度SEO', '默认', 'auroraQuartz.baiduSeo', '百度SEO 总共耗时：236毫秒', 1, '', '2024-05-07 08:20:00', '2024-05-07 08:20:00', '2024-05-07 08:20:00'),
	(7915, 84, '百度SEO', '默认', 'auroraQuartz.baiduSeo', '百度SEO 总共耗时：3840毫秒', 1, '', '2024-05-07 08:20:04', '2024-05-07 08:20:00', '2024-05-07 08:20:04'),
	(7916, 81, '统计用户地域分布', '默认', 'auroraQuartz.statisticalUserArea', '统计用户地域分布 总共耗时：4毫秒', 1, '', '2024-05-07 08:30:00', '2024-05-07 08:30:00', '2024-05-07 08:30:00'),
	(7917, 84, '百度SEO', '默认', 'auroraQuartz.baiduSeo', '百度SEO 总共耗时：190毫秒', 1, '', '2024-05-07 08:30:00', '2024-05-07 08:30:00', '2024-05-07 08:30:00'),
	(7918, 84, '百度SEO', '默认', 'auroraQuartz.baiduSeo', '百度SEO 总共耗时：4013毫秒', 1, '', '2024-05-07 08:30:04', '2024-05-07 08:30:00', '2024-05-07 08:30:04'),
	(7919, 84, '百度SEO', '默认', 'auroraQuartz.baiduSeo', '百度SEO 总共耗时：208毫秒', 1, '', '2024-05-07 08:40:00', '2024-05-07 08:40:00', '2024-05-07 08:40:00'),
	(7920, 84, '百度SEO', '默认', 'auroraQuartz.baiduSeo', '百度SEO 总共耗时：3792毫秒', 1, '', '2024-05-07 08:40:04', '2024-05-07 08:40:00', '2024-05-07 08:40:04'),
	(7921, 84, '百度SEO', '默认', 'auroraQuartz.baiduSeo', '百度SEO 总共耗时：158毫秒', 1, '', '2024-05-07 08:50:00', '2024-05-07 08:50:00', '2024-05-07 08:50:00'),
	(7922, 84, '百度SEO', '默认', 'auroraQuartz.baiduSeo', '百度SEO 总共耗时：3785毫秒', 1, '', '2024-05-07 08:50:04', '2024-05-07 08:50:00', '2024-05-07 08:50:04'),
	(7923, 81, '统计用户地域分布', '默认', 'auroraQuartz.statisticalUserArea', '统计用户地域分布 总共耗时：4毫秒', 1, '', '2024-05-07 09:00:00', '2024-05-07 09:00:00', '2024-05-07 09:00:00'),
	(7924, 84, '百度SEO', '默认', 'auroraQuartz.baiduSeo', '百度SEO 总共耗时：191毫秒', 1, '', '2024-05-07 09:00:00', '2024-05-07 09:00:00', '2024-05-07 09:00:00'),
	(7925, 84, '百度SEO', '默认', 'auroraQuartz.baiduSeo', '百度SEO 总共耗时：6324毫秒', 1, '', '2024-05-07 09:00:06', '2024-05-07 09:00:00', '2024-05-07 09:00:06'),
	(7926, 84, '百度SEO', '默认', 'auroraQuartz.baiduSeo', '百度SEO 总共耗时：152毫秒', 1, '', '2024-05-07 09:10:00', '2024-05-07 09:10:00', '2024-05-07 09:10:00'),
	(7927, 84, '百度SEO', '默认', 'auroraQuartz.baiduSeo', '百度SEO 总共耗时：2818毫秒', 1, '', '2024-05-07 09:10:03', '2024-05-07 09:10:00', '2024-05-07 09:10:03'),
	(7928, 84, '百度SEO', '默认', 'auroraQuartz.baiduSeo', '百度SEO 总共耗时：203毫秒', 1, '', '2024-05-07 09:20:00', '2024-05-07 09:20:00', '2024-05-07 09:20:00'),
	(7929, 84, '百度SEO', '默认', 'auroraQuartz.baiduSeo', '百度SEO 总共耗时：4729毫秒', 1, '', '2024-05-07 09:20:05', '2024-05-07 09:20:00', '2024-05-07 09:20:05'),
	(7930, 81, '统计用户地域分布', '默认', 'auroraQuartz.statisticalUserArea', '统计用户地域分布 总共耗时：3毫秒', 1, '', '2024-05-07 09:30:00', '2024-05-07 09:30:00', '2024-05-07 09:30:00'),
	(7931, 84, '百度SEO', '默认', 'auroraQuartz.baiduSeo', '百度SEO 总共耗时：159毫秒', 1, '', '2024-05-07 09:30:00', '2024-05-07 09:30:00', '2024-05-07 09:30:00'),
	(7932, 84, '百度SEO', '默认', 'auroraQuartz.baiduSeo', '百度SEO 总共耗时：3597毫秒', 1, '', '2024-05-07 09:30:04', '2024-05-07 09:30:00', '2024-05-07 09:30:04'),
	(7933, 84, '百度SEO', '默认', 'auroraQuartz.baiduSeo', '百度SEO 总共耗时：146毫秒', 1, '', '2024-05-07 09:40:00', '2024-05-07 09:40:00', '2024-05-07 09:40:00'),
	(7934, 84, '百度SEO', '默认', 'auroraQuartz.baiduSeo', '百度SEO 总共耗时：180毫秒', 1, '', '2024-05-07 09:50:00', '2024-05-07 09:50:00', '2024-05-07 09:50:00'),
	(7935, 81, '统计用户地域分布', '默认', 'auroraQuartz.statisticalUserArea', '统计用户地域分布 总共耗时：3毫秒', 1, '', '2024-05-07 10:00:00', '2024-05-07 10:00:00', '2024-05-07 10:00:00'),
	(7936, 84, '百度SEO', '默认', 'auroraQuartz.baiduSeo', '百度SEO 总共耗时：162毫秒', 1, '', '2024-05-07 10:00:00', '2024-05-07 10:00:00', '2024-05-07 10:00:00'),
	(7937, 84, '百度SEO', '默认', 'auroraQuartz.baiduSeo', '百度SEO 总共耗时：189毫秒', 1, '', '2024-05-07 10:10:00', '2024-05-07 10:10:00', '2024-05-07 10:10:00'),
	(7938, 84, '百度SEO', '默认', 'auroraQuartz.baiduSeo', '百度SEO 总共耗时：236毫秒', 1, '', '2024-05-07 10:20:00', '2024-05-07 10:20:00', '2024-05-07 10:20:00'),
	(7939, 81, '统计用户地域分布', '默认', 'auroraQuartz.statisticalUserArea', '统计用户地域分布 总共耗时：10毫秒', 1, '', '2024-05-07 10:30:00', '2024-05-07 10:30:00', '2024-05-07 10:30:00'),
	(7940, 84, '百度SEO', '默认', 'auroraQuartz.baiduSeo', '百度SEO 总共耗时：204毫秒', 1, '', '2024-05-07 10:30:00', '2024-05-07 10:30:00', '2024-05-07 10:30:00'),
	(7941, 84, '百度SEO', '默认', 'auroraQuartz.baiduSeo', '百度SEO 总共耗时：161毫秒', 1, '', '2024-05-07 10:40:00', '2024-05-07 10:40:00', '2024-05-07 10:40:00'),
	(7942, 84, '百度SEO', '默认', 'auroraQuartz.baiduSeo', '百度SEO 总共耗时：147毫秒', 1, '', '2024-05-07 10:50:00', '2024-05-07 10:50:00', '2024-05-07 10:50:00'),
	(7943, 81, '统计用户地域分布', '默认', 'auroraQuartz.statisticalUserArea', '统计用户地域分布 总共耗时：3毫秒', 1, '', '2024-05-07 11:00:00', '2024-05-07 11:00:00', '2024-05-07 11:00:00'),
	(7944, 84, '百度SEO', '默认', 'auroraQuartz.baiduSeo', '百度SEO 总共耗时：167毫秒', 1, '', '2024-05-07 11:00:00', '2024-05-07 11:00:00', '2024-05-07 11:00:00'),
	(7945, 84, '百度SEO', '默认', 'auroraQuartz.baiduSeo', '百度SEO 总共耗时：186毫秒', 1, '', '2024-05-07 11:10:00', '2024-05-07 11:10:00', '2024-05-07 11:10:00'),
	(7946, 84, '百度SEO', '默认', 'auroraQuartz.baiduSeo', '百度SEO 总共耗时：187毫秒', 1, '', '2024-05-07 11:20:00', '2024-05-07 11:20:00', '2024-05-07 11:20:00'),
	(7947, 81, '统计用户地域分布', '默认', 'auroraQuartz.statisticalUserArea', '统计用户地域分布 总共耗时：3毫秒', 1, '', '2024-05-07 11:30:00', '2024-05-07 11:30:00', '2024-05-07 11:30:00'),
	(7948, 84, '百度SEO', '默认', 'auroraQuartz.baiduSeo', '百度SEO 总共耗时：197毫秒', 1, '', '2024-05-07 11:30:00', '2024-05-07 11:30:00', '2024-05-07 11:30:00'),
	(7949, 84, '百度SEO', '默认', 'auroraQuartz.baiduSeo', '百度SEO 总共耗时：175毫秒', 1, '', '2024-05-07 11:40:00', '2024-05-07 11:40:00', '2024-05-07 11:40:00'),
	(7950, 84, '百度SEO', '默认', 'auroraQuartz.baiduSeo', '百度SEO 总共耗时：207毫秒', 1, '', '2024-05-07 11:50:00', '2024-05-07 11:50:00', '2024-05-07 11:50:00'),
	(7951, 81, '统计用户地域分布', '默认', 'auroraQuartz.statisticalUserArea', '统计用户地域分布 总共耗时：4毫秒', 1, '', '2024-05-07 12:00:00', '2024-05-07 12:00:00', '2024-05-07 12:00:00'),
	(7952, 84, '百度SEO', '默认', 'auroraQuartz.baiduSeo', '百度SEO 总共耗时：154毫秒', 1, '', '2024-05-07 12:00:00', '2024-05-07 12:00:00', '2024-05-07 12:00:00'),
	(7953, 84, '百度SEO', '默认', 'auroraQuartz.baiduSeo', '百度SEO 总共耗时：146毫秒', 1, '', '2024-05-07 12:10:00', '2024-05-07 12:10:00', '2024-05-07 12:10:00'),
	(7954, 84, '百度SEO', '默认', 'auroraQuartz.baiduSeo', '百度SEO 总共耗时：217毫秒', 1, '', '2024-05-07 12:20:00', '2024-05-07 12:20:00', '2024-05-07 12:20:00'),
	(7955, 81, '统计用户地域分布', '默认', 'auroraQuartz.statisticalUserArea', '统计用户地域分布 总共耗时：4毫秒', 1, '', '2024-05-07 12:30:00', '2024-05-07 12:30:00', '2024-05-07 12:30:00'),
	(7956, 84, '百度SEO', '默认', 'auroraQuartz.baiduSeo', '百度SEO 总共耗时：197毫秒', 1, '', '2024-05-07 12:30:00', '2024-05-07 12:30:00', '2024-05-07 12:30:00'),
	(7957, 84, '百度SEO', '默认', 'auroraQuartz.baiduSeo', '百度SEO 总共耗时：193毫秒', 1, '', '2024-05-07 12:40:00', '2024-05-07 12:40:00', '2024-05-07 12:40:00'),
	(7958, 84, '百度SEO', '默认', 'auroraQuartz.baiduSeo', '百度SEO 总共耗时：176毫秒', 1, '', '2024-05-07 12:50:00', '2024-05-07 12:50:00', '2024-05-07 12:50:00'),
	(7959, 81, '统计用户地域分布', '默认', 'auroraQuartz.statisticalUserArea', '统计用户地域分布 总共耗时：9毫秒', 1, '', '2024-05-07 13:00:00', '2024-05-07 13:00:00', '2024-05-07 13:00:00'),
	(7960, 84, '百度SEO', '默认', 'auroraQuartz.baiduSeo', '百度SEO 总共耗时：165毫秒', 1, '', '2024-05-07 13:00:00', '2024-05-07 13:00:00', '2024-05-07 13:00:00'),
	(7961, 84, '百度SEO', '默认', 'auroraQuartz.baiduSeo', '百度SEO 总共耗时：151毫秒', 1, '', '2024-05-07 13:10:00', '2024-05-07 13:10:00', '2024-05-07 13:10:00'),
	(7962, 84, '百度SEO', '默认', 'auroraQuartz.baiduSeo', '百度SEO 总共耗时：164毫秒', 1, '', '2024-05-07 13:20:00', '2024-05-07 13:20:00', '2024-05-07 13:20:00'),
	(7963, 84, '百度SEO', '默认', 'auroraQuartz.baiduSeo', '百度SEO 总共耗时：4604毫秒', 1, '', '2024-05-07 13:20:05', '2024-05-07 13:20:00', '2024-05-07 13:20:05'),
	(7964, 81, '统计用户地域分布', '默认', 'auroraQuartz.statisticalUserArea', '统计用户地域分布 总共耗时：10毫秒', 1, '', '2024-05-07 13:30:00', '2024-05-07 13:30:00', '2024-05-07 13:30:00'),
	(7965, 84, '百度SEO', '默认', 'auroraQuartz.baiduSeo', '百度SEO 总共耗时：155毫秒', 1, '', '2024-05-07 13:30:00', '2024-05-07 13:30:00', '2024-05-07 13:30:00'),
	(7966, 84, '百度SEO', '默认', 'auroraQuartz.baiduSeo', '百度SEO 总共耗时：4031毫秒', 1, '', '2024-05-07 13:30:04', '2024-05-07 13:30:00', '2024-05-07 13:30:04'),
	(7967, 84, '百度SEO', '默认', 'auroraQuartz.baiduSeo', '百度SEO 总共耗时：146毫秒', 1, '', '2024-05-07 13:40:00', '2024-05-07 13:40:00', '2024-05-07 13:40:00'),
	(7968, 84, '百度SEO', '默认', 'auroraQuartz.baiduSeo', '百度SEO 总共耗时：4838毫秒', 1, '', '2024-05-07 13:40:05', '2024-05-07 13:40:00', '2024-05-07 13:40:05'),
	(7969, 84, '百度SEO', '默认', 'auroraQuartz.baiduSeo', '百度SEO 总共耗时：206毫秒', 1, '', '2024-05-07 13:50:00', '2024-05-07 13:50:00', '2024-05-07 13:50:00'),
	(7970, 84, '百度SEO', '默认', 'auroraQuartz.baiduSeo', '百度SEO 总共耗时：3809毫秒', 1, '', '2024-05-07 13:50:04', '2024-05-07 13:50:00', '2024-05-07 13:50:04'),
	(7971, 81, '统计用户地域分布', '默认', 'auroraQuartz.statisticalUserArea', '统计用户地域分布 总共耗时：3毫秒', 1, '', '2024-05-07 14:00:00', '2024-05-07 14:00:00', '2024-05-07 14:00:00'),
	(7972, 84, '百度SEO', '默认', 'auroraQuartz.baiduSeo', '百度SEO 总共耗时：184毫秒', 1, '', '2024-05-07 14:00:00', '2024-05-07 14:00:00', '2024-05-07 14:00:00'),
	(7973, 84, '百度SEO', '默认', 'auroraQuartz.baiduSeo', '百度SEO 总共耗时：183毫秒', 1, '', '2024-05-07 14:10:00', '2024-05-07 14:10:00', '2024-05-07 14:10:00'),
	(7974, 84, '百度SEO', '默认', 'auroraQuartz.baiduSeo', '百度SEO 总共耗时：3692毫秒', 1, '', '2024-05-07 14:10:04', '2024-05-07 14:10:00', '2024-05-07 14:10:04'),
	(7975, 84, '百度SEO', '默认', 'auroraQuartz.baiduSeo', '百度SEO 总共耗时：154毫秒', 1, '', '2024-05-07 14:20:00', '2024-05-07 14:20:00', '2024-05-07 14:20:00'),
	(7976, 84, '百度SEO', '默认', 'auroraQuartz.baiduSeo', '百度SEO 总共耗时：3769毫秒', 1, '', '2024-05-07 14:20:04', '2024-05-07 14:20:00', '2024-05-07 14:20:04'),
	(7977, 81, '统计用户地域分布', '默认', 'auroraQuartz.statisticalUserArea', '统计用户地域分布 总共耗时：6毫秒', 1, '', '2024-05-07 14:30:00', '2024-05-07 14:30:00', '2024-05-07 14:30:00'),
	(7978, 84, '百度SEO', '默认', 'auroraQuartz.baiduSeo', '百度SEO 总共耗时：229毫秒', 1, '', '2024-05-07 14:30:00', '2024-05-07 14:30:00', '2024-05-07 14:30:00'),
	(7979, 84, '百度SEO', '默认', 'auroraQuartz.baiduSeo', '百度SEO 总共耗时：3017毫秒', 1, '', '2024-05-07 14:30:03', '2024-05-07 14:30:00', '2024-05-07 14:30:03'),
	(7980, 84, '百度SEO', '默认', 'auroraQuartz.baiduSeo', '百度SEO 总共耗时：184毫秒', 1, '', '2024-05-07 14:40:00', '2024-05-07 14:40:00', '2024-05-07 14:40:00'),
	(7981, 84, '百度SEO', '默认', 'auroraQuartz.baiduSeo', '百度SEO 总共耗时：3765毫秒', 1, '', '2024-05-07 14:40:04', '2024-05-07 14:40:00', '2024-05-07 14:40:04'),
	(7982, 84, '百度SEO', '默认', 'auroraQuartz.baiduSeo', '百度SEO 总共耗时：196毫秒', 1, '', '2024-05-07 14:50:00', '2024-05-07 14:50:00', '2024-05-07 14:50:00'),
	(7983, 84, '百度SEO', '默认', 'auroraQuartz.baiduSeo', '百度SEO 总共耗时：3904毫秒', 1, '', '2024-05-07 14:50:04', '2024-05-07 14:50:00', '2024-05-07 14:50:04'),
	(7984, 81, '统计用户地域分布', '默认', 'auroraQuartz.statisticalUserArea', '统计用户地域分布 总共耗时：8毫秒', 1, '', '2024-05-07 15:00:00', '2024-05-07 15:00:00', '2024-05-07 15:00:00'),
	(7985, 84, '百度SEO', '默认', 'auroraQuartz.baiduSeo', '百度SEO 总共耗时：185毫秒', 1, '', '2024-05-07 15:00:00', '2024-05-07 15:00:00', '2024-05-07 15:00:00'),
	(7986, 84, '百度SEO', '默认', 'auroraQuartz.baiduSeo', '百度SEO 总共耗时：4656毫秒', 1, '', '2024-05-07 15:00:05', '2024-05-07 15:00:00', '2024-05-07 15:00:05'),
	(7987, 84, '百度SEO', '默认', 'auroraQuartz.baiduSeo', '百度SEO 总共耗时：174毫秒', 1, '', '2024-05-07 15:10:00', '2024-05-07 15:10:00', '2024-05-07 15:10:00'),
	(7988, 84, '百度SEO', '默认', 'auroraQuartz.baiduSeo', '百度SEO 总共耗时：2919毫秒', 1, '', '2024-05-07 15:10:03', '2024-05-07 15:10:00', '2024-05-07 15:10:03'),
	(7989, 84, '百度SEO', '默认', 'auroraQuartz.baiduSeo', '百度SEO 总共耗时：186毫秒', 1, '', '2024-05-07 15:20:00', '2024-05-07 15:20:00', '2024-05-07 15:20:00'),
	(7990, 84, '百度SEO', '默认', 'auroraQuartz.baiduSeo', '百度SEO 总共耗时：3672毫秒', 1, '', '2024-05-07 15:20:04', '2024-05-07 15:20:00', '2024-05-07 15:20:04'),
	(7991, 81, '统计用户地域分布', '默认', 'auroraQuartz.statisticalUserArea', '统计用户地域分布 总共耗时：10毫秒', 1, '', '2024-05-07 15:30:00', '2024-05-07 15:30:00', '2024-05-07 15:30:00'),
	(7992, 84, '百度SEO', '默认', 'auroraQuartz.baiduSeo', '百度SEO 总共耗时：198毫秒', 1, '', '2024-05-07 15:30:00', '2024-05-07 15:30:00', '2024-05-07 15:30:00'),
	(7993, 84, '百度SEO', '默认', 'auroraQuartz.baiduSeo', '百度SEO 总共耗时：3599毫秒', 1, '', '2024-05-07 15:30:04', '2024-05-07 15:30:00', '2024-05-07 15:30:04'),
	(7994, 84, '百度SEO', '默认', 'auroraQuartz.baiduSeo', '百度SEO 总共耗时：191毫秒', 1, '', '2024-05-07 15:40:00', '2024-05-07 15:40:00', '2024-05-07 15:40:00'),
	(7995, 84, '百度SEO', '默认', 'auroraQuartz.baiduSeo', '百度SEO 总共耗时：3870毫秒', 1, '', '2024-05-07 15:40:04', '2024-05-07 15:40:00', '2024-05-07 15:40:04'),
	(7996, 84, '百度SEO', '默认', 'auroraQuartz.baiduSeo', '百度SEO 总共耗时：192毫秒', 1, '', '2024-05-07 15:50:00', '2024-05-07 15:50:00', '2024-05-07 15:50:00'),
	(7997, 84, '百度SEO', '默认', 'auroraQuartz.baiduSeo', '百度SEO 总共耗时：4687毫秒', 1, '', '2024-05-07 15:50:05', '2024-05-07 15:50:00', '2024-05-07 15:50:05'),
	(7998, 81, '统计用户地域分布', '默认', 'auroraQuartz.statisticalUserArea', '统计用户地域分布 总共耗时：5毫秒', 1, '', '2024-05-07 16:00:00', '2024-05-07 16:00:00', '2024-05-07 16:00:00'),
	(7999, 84, '百度SEO', '默认', 'auroraQuartz.baiduSeo', '百度SEO 总共耗时：182毫秒', 1, '', '2024-05-07 16:00:00', '2024-05-07 16:00:00', '2024-05-07 16:00:00'),
	(8000, 81, '统计用户地域分布', '默认', 'auroraQuartz.statisticalUserArea', '统计用户地域分布 总共耗时：99毫秒', 1, '', '2024-05-07 16:00:00', '2024-05-07 16:00:00', '2024-05-07 16:00:00'),
	(8001, 84, '百度SEO', '默认', 'auroraQuartz.baiduSeo', '百度SEO 总共耗时：3767毫秒', 1, '', '2024-05-07 16:00:04', '2024-05-07 16:00:00', '2024-05-07 16:00:04'),
	(8002, 84, '百度SEO', '默认', 'auroraQuartz.baiduSeo', '百度SEO 总共耗时：174毫秒', 1, '', '2024-05-07 16:10:00', '2024-05-07 16:10:00', '2024-05-07 16:10:00'),
	(8003, 84, '百度SEO', '默认', 'auroraQuartz.baiduSeo', '百度SEO 总共耗时：3512毫秒', 1, '', '2024-05-07 16:10:04', '2024-05-07 16:10:00', '2024-05-07 16:10:04'),
	(8004, 84, '百度SEO', '默认', 'auroraQuartz.baiduSeo', '百度SEO 总共耗时：189毫秒', 1, '', '2024-05-07 16:20:00', '2024-05-07 16:20:00', '2024-05-07 16:20:00'),
	(8005, 84, '百度SEO', '默认', 'auroraQuartz.baiduSeo', '百度SEO 总共耗时：2869毫秒', 1, '', '2024-05-07 16:20:03', '2024-05-07 16:20:00', '2024-05-07 16:20:03'),
	(8006, 81, '统计用户地域分布', '默认', 'auroraQuartz.statisticalUserArea', '统计用户地域分布 总共耗时：6毫秒', 1, '', '2024-05-07 16:30:00', '2024-05-07 16:30:00', '2024-05-07 16:30:00'),
	(8007, 84, '百度SEO', '默认', 'auroraQuartz.baiduSeo', '百度SEO 总共耗时：200毫秒', 1, '', '2024-05-07 16:30:00', '2024-05-07 16:30:00', '2024-05-07 16:30:00'),
	(8008, 84, '百度SEO', '默认', 'auroraQuartz.baiduSeo', '百度SEO 总共耗时：2757毫秒', 1, '', '2024-05-07 16:30:03', '2024-05-07 16:30:00', '2024-05-07 16:30:03'),
	(8009, 84, '百度SEO', '默认', 'auroraQuartz.baiduSeo', '百度SEO 总共耗时：180毫秒', 1, '', '2024-05-07 16:40:00', '2024-05-07 16:40:00', '2024-05-07 16:40:00'),
	(8010, 84, '百度SEO', '默认', 'auroraQuartz.baiduSeo', '百度SEO 总共耗时：2990毫秒', 1, '', '2024-05-07 16:40:03', '2024-05-07 16:40:00', '2024-05-07 16:40:03'),
	(8011, 84, '百度SEO', '默认', 'auroraQuartz.baiduSeo', '百度SEO 总共耗时：139毫秒', 1, '', '2024-05-07 16:50:00', '2024-05-07 16:50:00', '2024-05-07 16:50:00'),
	(8012, 84, '百度SEO', '默认', 'auroraQuartz.baiduSeo', '百度SEO 总共耗时：1635毫秒', 1, '', '2024-05-07 16:50:02', '2024-05-07 16:50:00', '2024-05-07 16:50:02'),
	(8013, 81, '统计用户地域分布', '默认', 'auroraQuartz.statisticalUserArea', '统计用户地域分布 总共耗时：4毫秒', 1, '', '2024-05-07 17:00:00', '2024-05-07 17:00:00', '2024-05-07 17:00:00'),
	(8014, 84, '百度SEO', '默认', 'auroraQuartz.baiduSeo', '百度SEO 总共耗时：197毫秒', 1, '', '2024-05-07 17:00:00', '2024-05-07 17:00:00', '2024-05-07 17:00:00'),
	(8015, 84, '百度SEO', '默认', 'auroraQuartz.baiduSeo', '百度SEO 总共耗时：3543毫秒', 1, '', '2024-05-07 17:00:04', '2024-05-07 17:00:00', '2024-05-07 17:00:04'),
	(8016, 84, '百度SEO', '默认', 'auroraQuartz.baiduSeo', '百度SEO 总共耗时：180毫秒', 1, '', '2024-05-07 17:10:00', '2024-05-07 17:10:00', '2024-05-07 17:10:00'),
	(8017, 84, '百度SEO', '默认', 'auroraQuartz.baiduSeo', '百度SEO 总共耗时：3619毫秒', 1, '', '2024-05-07 17:10:04', '2024-05-07 17:10:00', '2024-05-07 17:10:04');

-- 导出  表 peng-blog.t_menu 结构
CREATE TABLE IF NOT EXISTS `t_menu` (
  `id` int NOT NULL AUTO_INCREMENT COMMENT '主键',
  `name` varchar(20) CHARACTER SET utf8mb4 COLLATE utf8mb4_0900_ai_ci NOT NULL COMMENT '菜单名',
  `path` varchar(50) CHARACTER SET utf8mb4 COLLATE utf8mb4_0900_ai_ci NOT NULL COMMENT '菜单路径',
  `component` varchar(50) CHARACTER SET utf8mb4 COLLATE utf8mb4_0900_ai_ci NOT NULL COMMENT '组件',
  `icon` varchar(50) CHARACTER SET utf8mb4 COLLATE utf8mb4_0900_ai_ci NOT NULL COMMENT '菜单icon',
  `create_time` datetime NOT NULL COMMENT '创建时间',
  `update_time` datetime DEFAULT NULL COMMENT '更新时间',
  `order_num` tinyint(1) NOT NULL COMMENT '排序',
  `parent_id` int DEFAULT NULL COMMENT '父id',
  `is_hidden` tinyint(1) NOT NULL DEFAULT '0' COMMENT '是否隐藏  0否1是',
  PRIMARY KEY (`id`) USING BTREE
) ENGINE=InnoDB AUTO_INCREMENT=226 DEFAULT CHARSET=utf8mb4 COLLATE=utf8mb4_0900_ai_ci ROW_FORMAT=DYNAMIC COMMENT='菜单';

-- 正在导出表  peng-blog.t_menu 的数据：~34 rows (大约)
DELETE FROM `t_menu`;
INSERT INTO `t_menu` (`id`, `name`, `path`, `component`, `icon`, `create_time`, `update_time`, `order_num`, `parent_id`, `is_hidden`) VALUES
	(1, '首页', '/', '/home/Home.vue', 'el-icon-myshouye', '2021-01-26 17:06:51', '2024-05-01 12:19:38', 1, NULL, 0),
	(2, '文章管理', '/article-submenu', 'Layout', 'el-icon-mywenzhang-copy', '2021-01-25 20:43:07', '2024-05-01 12:19:45', 2, NULL, 0),
	(3, '消息管理', '/message-submenu', 'Layout', 'el-icon-myxiaoxi', '2021-01-25 20:44:17', '2024-05-01 12:20:12', 6, NULL, 0),
	(4, '系统管理', '/system-submenu', 'Layout', 'el-icon-myshezhi', '2021-01-25 20:45:57', '2021-01-25 20:45:59', 5, NULL, 0),
	(5, '个人中心', '/setting', '/setting/Setting.vue', 'el-icon-myuser', '2021-01-26 17:22:38', '2021-01-26 17:22:41', 7, NULL, 0),
	(6, '发布文章', '/articles', '/article/Article.vue', 'el-icon-myfabiaowenzhang', '2021-01-26 14:30:48', '2021-01-26 14:30:51', 1, 2, 0),
	(7, '修改文章', '/articles/*', '/article/Article.vue', 'el-icon-myfabiaowenzhang', '2021-01-26 14:31:32', '2022-07-28 16:28:06', 2, 2, 1),
	(8, '文章列表', '/article-list', '/article/ArticleList.vue', 'el-icon-mywenzhangliebiao', '2021-01-26 14:32:13', '2021-01-26 14:32:16', 3, 2, 0),
	(9, '分类管理', '/categories', '/category/Category.vue', 'el-icon-myfenlei', '2021-01-26 14:33:42', '2021-01-26 14:33:43', 4, 2, 0),
	(10, '标签管理', '/tags', '/tag/Tag.vue', 'el-icon-myicontag', '2021-01-26 14:34:33', '2021-01-26 14:34:36', 5, 2, 0),
	(11, '评论管理', '/comments', '/comment/Comment.vue', 'el-icon-mypinglunzu', '2021-01-26 14:35:31', '2021-01-26 14:35:34', 1, 3, 0),
	(13, '用户列表', '/users', '/user/User.vue', 'el-icon-myyonghuliebiao', '2021-01-26 14:38:09', '2021-01-26 14:38:12', 1, 202, 0),
	(14, '角色管理', '/roles', '/role/Role.vue', 'el-icon-myjiaoseliebiao', '2021-01-26 14:39:01', '2021-01-26 14:39:03', 2, 213, 0),
	(15, '接口管理', '/resources', '/resource/Resource.vue', 'el-icon-myjiekouguanli', '2021-01-26 14:40:14', '2021-08-07 20:00:28', 2, 213, 0),
	(16, '菜单管理', '/menus', '/menu/Menu.vue', 'el-icon-mycaidan', '2021-01-26 14:40:54', '2021-08-07 10:18:49', 2, 213, 0),
	(17, '友链管理', '/links', '/friendLink/FriendLink.vue', 'el-icon-mydashujukeshihuaico-', '2021-01-26 14:41:35', '2021-01-26 14:41:37', 3, 4, 0),
	(18, '关于我', '/about', '/about/About.vue', 'el-icon-myguanyuwo', '2021-01-26 14:42:05', '2021-01-26 14:42:10', 4, 4, 0),
	(19, '日志管理', '/log-submenu', 'Layout', 'el-icon-myguanyuwo', '2021-01-31 21:33:56', '2021-01-31 21:33:59', 6, NULL, 0),
	(20, '操作日志', '/operation/log', '/log/OperationLog.vue', 'el-icon-myguanyuwo', '2021-01-31 15:53:21', '2022-07-28 10:51:28', 1, 19, 0),
	(201, '在线用户', '/online/users', '/user/Online.vue', 'el-icon-myyonghuliebiao', '2021-02-05 14:59:51', '2021-02-05 14:59:53', 7, 202, 0),
	(202, '用户管理', '/users-submenu', 'Layout', 'el-icon-myyonghuliebiao', '2021-02-06 23:44:59', '2024-05-01 12:20:06', 6, NULL, 0),
	(205, '相册管理', '/album-submenu', 'Layout', 'el-icon-myimage-fill', '2021-08-03 15:10:54', '2024-05-01 12:19:57', 4, NULL, 0),
	(206, '相册列表', '/albums', '/album/Album.vue', 'el-icon-myzhaopian', '2021-08-03 20:29:19', '2021-08-04 11:45:47', 1, 205, 0),
	(208, '照片管理', '/albums/:albumId', '/album/Photo.vue', 'el-icon-myzhaopian', '2021-08-03 21:37:47', '2021-08-05 10:24:08', 1, 205, 1),
	(209, '定时任务', '/quartz', '/quartz/Quartz.vue', 'el-icon-myyemianpeizhi', '2021-08-04 11:36:27', '2021-08-07 20:01:26', 2, 4, 0),
	(210, '照片回收站', '/photos/delete', '/album/Delete.vue', 'el-icon-myhuishouzhan', '2021-08-05 13:55:19', NULL, 3, 205, 1),
	(213, '权限管理', '/permission-submenu', 'Layout', 'el-icon-mydaohanglantubiao_quanxianguanli', '2021-08-07 19:56:55', '2024-05-01 12:20:30', 7, NULL, 0),
	(214, '网站管理', '/website', '/website/Website.vue', 'el-icon-myxitong', '2021-08-07 20:06:41', NULL, 1, 4, 0),
	(220, '定时任务日志', '/quartz/log/:quartzId', '/log/QuartzLog.vue', 'el-icon-myguanyuwo', '2022-07-28 10:53:23', '2022-08-05 10:27:47', 2, 19, 1),
	(221, '说说管理', '/talk-submenu', 'Layout', 'el-icon-mypinglun', '2022-08-15 17:27:10', '2024-05-01 12:19:49', 3, NULL, 0),
	(222, '说说列表', '/talk-list', '/talk/TalkList.vue', 'el-icon-myiconfontdongtaidianji', '2022-08-15 17:29:05', NULL, 1, 221, 0),
	(223, '发布说说', '/talks', '/talk/Talk.vue', 'el-icon-myfabusekuai', '2022-08-15 17:34:26', '2022-08-16 16:06:04', 2, 221, 0),
	(224, '修改说说', '/talks/:talkId', '/talk/Talk.vue', 'el-icon-myfabusekuai', '2022-08-16 16:06:59', '2022-08-16 16:08:21', 3, 221, 1),
	(225, '异常日志', '/exception/log', '/log/ExceptionLog.vue', 'el-icon-myguanyuwo', '2022-08-25 13:40:08', '2022-08-25 13:40:31', 1, 19, 0);

-- 导出  表 peng-blog.t_operation_log 结构
CREATE TABLE IF NOT EXISTS `t_operation_log` (
  `id` int NOT NULL AUTO_INCREMENT COMMENT '主键id',
  `opt_module` varchar(20) CHARACTER SET utf8mb4 COLLATE utf8mb4_0900_ai_ci NOT NULL COMMENT '操作模块',
  `opt_type` varchar(20) CHARACTER SET utf8mb4 COLLATE utf8mb4_0900_ai_ci NOT NULL COMMENT '操作类型',
  `opt_uri` varchar(255) CHARACTER SET utf8mb4 COLLATE utf8mb4_0900_ai_ci NOT NULL COMMENT '操作url',
  `opt_method` varchar(255) CHARACTER SET utf8mb4 COLLATE utf8mb4_0900_ai_ci NOT NULL COMMENT '操作方法',
  `opt_desc` varchar(255) CHARACTER SET utf8mb4 COLLATE utf8mb4_0900_ai_ci NOT NULL COMMENT '操作描述',
  `request_param` longtext CHARACTER SET utf8mb4 COLLATE utf8mb4_0900_ai_ci NOT NULL COMMENT '请求参数',
  `request_method` varchar(20) CHARACTER SET utf8mb4 COLLATE utf8mb4_0900_ai_ci NOT NULL COMMENT '请求方式',
  `response_data` longtext CHARACTER SET utf8mb4 COLLATE utf8mb4_0900_ai_ci NOT NULL COMMENT '返回数据',
  `user_id` int NOT NULL COMMENT '用户id',
  `nickname` varchar(50) CHARACTER SET utf8mb4 COLLATE utf8mb4_0900_ai_ci NOT NULL COMMENT '用户昵称',
  `ip_address` varchar(255) CHARACTER SET utf8mb4 COLLATE utf8mb4_0900_ai_ci NOT NULL COMMENT '操作ip',
  `ip_source` varchar(255) CHARACTER SET utf8mb4 COLLATE utf8mb4_0900_ai_ci NOT NULL COMMENT '操作地址',
  `create_time` datetime NOT NULL COMMENT '创建时间',
  `update_time` datetime DEFAULT NULL COMMENT '更新时间',
  PRIMARY KEY (`id`) USING BTREE
) ENGINE=InnoDB AUTO_INCREMENT=1849 DEFAULT CHARSET=utf8mb4 COLLATE=utf8mb4_0900_ai_ci ROW_FORMAT=DYNAMIC COMMENT='操作日志';

-- 正在导出表  peng-blog.t_operation_log 的数据：~152 rows (大约)
DELETE FROM `t_operation_log`;
INSERT INTO `t_operation_log` (`id`, `opt_module`, `opt_type`, `opt_uri`, `opt_method`, `opt_desc`, `request_param`, `request_method`, `response_data`, `user_id`, `nickname`, `ip_address`, `ip_source`, `create_time`, `update_time`) VALUES
	(1671, '文章模块', '上传', '/admin/articles/images', 'com.aurora.controller.ArticleController.saveArticleImages', '上传文章图片', 'file', 'POST', '{"code":20000,"data":"http://150.158.199.226:9000/avatar/aurora/articles/a750e978055d5f07a50deafbf7a14eea.png","flag":true,"message":"操作成功"}', 1, '演示账号', '127.0.0.1', '内网IP|内网IP', '2024-04-30 14:04:43', NULL),
	(1672, '文章模块', '新增或修改', '/admin/articles', 'com.aurora.controller.ArticleController.saveOrUpdateArticle', '保存和修改文章', '[{"articleAbstract":"","articleContent":"　讲述小演员毕超（包贝尔 饰）因意外失忆误以为自己是个十恶不赦的大反派，还把与自己对戏的女演员冰冰（克拉拉 饰）也错认成了现实中的妻子（李嘉琦 饰），为了让妻子过上更好的生活，毕超下定决心完成反派“绑架大富豪”的使命，在这一过程中意外与老大（周大勇 饰）、老二（马旭东 饰）、老三（喳喳 饰）三名歹徒结下梁子，自此踏上了惨遭碾压的倒霉爆笑之旅。","articleCover":"http://150.158.199.226:9000/avatar/aurora/articles/a750e978055d5f07a50deafbf7a14eea.png","articleTitle":"大“反”派 ","categoryName":"分类","isFeatured":1,"isTop":1,"status":1,"tagNames":["你好"],"type":1}]', 'POST', '{"code":20000,"flag":true,"message":"操作成功"}', 1, '演示账号', '127.0.0.1', '内网IP|内网IP', '2024-04-30 14:04:48', NULL),
	(1673, '文章模块', '上传', '/admin/articles/images', 'com.aurora.controller.ArticleController.saveArticleImages', '上传文章图片', 'file', 'POST', '{"code":20000,"data":"http://150.158.199.226:9000/avatar/aurora/articles/a750e978055d5f07a50deafbf7a14eea.png","flag":true,"message":"操作成功"}', 1, '演示账号', '127.0.0.1', '内网IP|内网IP', '2024-04-30 14:05:31', NULL),
	(1674, '文章模块', '新增或修改', '/admin/articles', 'com.aurora.controller.ArticleController.saveOrUpdateArticle', '保存和修改文章', '[{"articleAbstract":"","articleContent":"文章曾是一位备受瞩目的青年演员，曾经演出过多部经典作品，并且和马伊琍的姐弟恋婚姻也一直是人们津津乐道的话题。本应该成为事业和爱情双丰收的赢家，然而由于一次错误的选择，他被演艺圈封杀了，婚姻也在几年的残喘后结束了。他离开娱乐圈后，走向了两个极端。\\n最近，有网友上传了一段文章的视频，引起了","articleCover":"http://150.158.199.226:9000/avatar/aurora/articles/a750e978055d5f07a50deafbf7a14eea.png","articleTitle":"原创 38岁文章近况曝光，满头白发眼神呆滞，和马伊琍状态相差大","categoryName":"分类","isFeatured":1,"isTop":1,"status":1,"tagNames":[],"type":1}]', 'POST', '{"code":20000,"flag":true,"message":"操作成功"}', 1, '演示账号', '127.0.0.1', '内网IP|内网IP', '2024-04-30 14:05:40', NULL),
	(1675, '文章模块', '上传', '/admin/articles/images', 'com.aurora.controller.ArticleController.saveArticleImages', '上传文章图片', 'file', 'POST', '{"code":20000,"data":"http://150.158.199.226:9000/avatar/aurora/articles/7a59b6752c12cfcf1e5f2739ca978096.jpg","flag":true,"message":"操作成功"}', 1, '演示账号', '127.0.0.1', '内网IP|内网IP', '2024-04-30 14:07:13', NULL),
	(1676, '文章模块', '新增或修改', '/admin/articles', 'com.aurora.controller.ArticleController.saveOrUpdateArticle', '保存和修改文章', '[{"articleAbstract":"","articleContent":"文章曾是一位十分有实力青年演员，演过很多经典的作品，和马伊琍的姐弟恋婚姻也一直被津津乐道，然而本应该是事业爱情双丰收的人生赢家，却因为走错一步，被演艺圈封杀，两人的婚姻也残喘了几年后走到了终点。两人离婚后的状态，好像走向了两个极端，","articleCover":"http://150.158.199.226:9000/avatar/aurora/articles/7a59b6752c12cfcf1e5f2739ca978096.jpg","articleTitle":"原创 38岁文章近况曝光，模样大变满头白发，前妻马伊琍状态却越来越好","categoryName":"分类","isFeatured":0,"isTop":0,"status":1,"tagNames":[],"type":1}]', 'POST', '{"code":20000,"flag":true,"message":"操作成功"}', 1, '演示账号', '127.0.0.1', '内网IP|内网IP', '2024-04-30 14:07:19', NULL),
	(1677, '文章模块', '上传', '/admin/articles/images', 'com.aurora.controller.ArticleController.saveArticleImages', '上传文章图片', 'file', 'POST', '{"code":20000,"data":"http://150.158.199.226:9000/avatar/aurora/articles/640eebffec0abf58eff776e8bf3c3be8.jpg","flag":true,"message":"操作成功"}', 1, '演示账号', '127.0.0.1', '内网IP|内网IP', '2024-04-30 14:08:49', NULL),
	(1678, '文章模块', '新增或修改', '/admin/articles', 'com.aurora.controller.ArticleController.saveOrUpdateArticle', '保存和修改文章', '[{"articleAbstract":"","articleContent":"2003年，参演的个人首部电视剧《拯救少年犯》播出。2006年，参演电视剧《与青春有关的日子》，开始在影视圈崭露头角。2007年，因主演电视剧《奋斗》而被大众所熟知。2010年-2011年，凭借《海洋天堂》获得第13届上海国际电影节电影频道传媒大奖 最佳男主角、第18届北京大学生电影节最受大学生欢迎男演员、第14届中国电影华表奖优秀新人男演员奖。2012年，凭借电影《失恋33天》获得第31届大众电影百花奖最佳男主角、第19届北京大学生电影节最受大学生欢迎男演员；同年，获得第26届中国电视金鹰奖最具人气演员奖；同年，成立北京君竹影视文化有限公司。2013年2月，主演的电影《西游·降魔篇》上映；同年11月，凭借《雪豹》获得第12届四川电视节金熊猫奖长篇电视剧类最佳男演员奖；[2]同年，执导的第一部影视作品《小爸爸》上映。2014年3月，主演的爱情片《我在路上最爱你》上映。2017年3月，凭借《少帅》获得2017中国电视剧品质盛典年度品质表","articleCover":"http://150.158.199.226:9000/avatar/aurora/articles/640eebffec0abf58eff776e8bf3c3be8.jpg","articleTitle":"第31届大众电影百花奖最佳男主角","categoryName":"分类","isFeatured":1,"isTop":1,"status":1,"tagNames":[],"type":1}]', 'POST', '{"code":20000,"flag":true,"message":"操作成功"}', 1, '演示账号', '127.0.0.1', '内网IP|内网IP', '2024-04-30 14:08:52', NULL),
	(1679, '文章模块', '上传', '/admin/articles/images', 'com.aurora.controller.ArticleController.saveArticleImages', '上传文章图片', 'file', 'POST', '{"code":20000,"data":"http://150.158.199.226:9000/avatar/aurora/articles/7625ce9218267a3607cc32c28d03169b.jpg","flag":true,"message":"操作成功"}', 1, '演示账号', '127.0.0.1', '内网IP|内网IP', '2024-04-30 14:09:19', NULL),
	(1680, '文章模块', '新增或修改', '/admin/articles', 'com.aurora.controller.ArticleController.saveOrUpdateArticle', '保存和修改文章', '[{"articleAbstract":"","articleContent":"导语：文章，中国男演员, 导演。2006年毕业于中央戏剧学院。其主演，导演的多部电影和电视剧引发社会热议。先后荣获大众电影百花奖，中国电影金鸡奖和华表奖，中国电视金鹰奖，中国电影表演艺术学会金凤凰奖及两届北京大学生电影节奖项。 文章自出道以来，优秀作品众多，最具代表性的十部作品为 «海洋天堂», «雪豹», ...","articleCover":"http://150.158.199.226:9000/avatar/aurora/articles/7625ce9218267a3607cc32c28d03169b.jpg","articleTitle":"先后荣获大众电影百花","categoryName":"分类","isFeatured":1,"isTop":1,"status":1,"tagNames":[],"type":1}]', 'POST', '{"code":20000,"flag":true,"message":"操作成功"}', 1, '演示账号', '127.0.0.1', '内网IP|内网IP', '2024-04-30 14:09:27', NULL),
	(1681, 'aurora信息', '上传', '/admin/config/images', 'com.aurora.controller.AuroraInfoController.savePhotoAlbumCover', '上传博客配置图片', 'file', 'POST', '{"code":20000,"data":"http://150.158.199.226:9000/avatar/aurora/config/b494ebfc16128f9dfc50302b0c57818a.jpg","flag":true,"message":"操作成功"}', 1, '演示账号', '127.0.0.1', '内网IP|内网IP', '2024-04-30 16:04:03', NULL),
	(1682, 'aurora信息', '上传', '/admin/config/images', 'com.aurora.controller.AuroraInfoController.savePhotoAlbumCover', '上传博客配置图片', 'file', 'POST', '{"code":20000,"data":"http://150.158.199.226:9000/avatar/aurora/config/b494ebfc16128f9dfc50302b0c57818a.jpg","flag":true,"message":"操作成功"}', 1, '演示账号', '127.0.0.1', '内网IP|内网IP', '2024-04-30 16:04:06', NULL),
	(1683, 'aurora信息', '上传', '/admin/config/images', 'com.aurora.controller.AuroraInfoController.savePhotoAlbumCover', '上传博客配置图片', 'file', 'POST', '{"code":20000,"data":"http://150.158.199.226:9000/avatar/aurora/config/b494ebfc16128f9dfc50302b0c57818a.jpg","flag":true,"message":"操作成功"}', 1, '演示账号', '127.0.0.1', '内网IP|内网IP', '2024-04-30 16:04:08', NULL),
	(1684, 'aurora信息', '修改', '/admin/website/config', 'com.aurora.controller.AuroraInfoController.updateWebsiteConfig', '更新网站配置', '[{"alipayQRCode":"https://static.linhaojun.top/config/da4c6d8c13f66a8dd6716ddb48d73299.jpg","author":"冰冰符号","authorAvatar":"http://150.158.199.226:9000/avatar/aurora/config/b494ebfc16128f9dfc50302b0c57818a.jpg","authorIntro":"一个疯狂的coder","beianNumber":"苏ICP备2022012376号","csdn":"","englishName":"BingBingSymbolBlog","favicon":"http://150.158.199.226:9000/avatar/aurora/config/b494ebfc16128f9dfc50302b0c57818a.jpg","gitee":"https://gitee.com/linhaojun","github":"https://github.com/linhaojun857","isCommentReview":0,"isEmailNotice":1,"isReward":1,"juejin":"","logo":"http://150.158.199.226:9000/avatar/aurora/config/b494ebfc16128f9dfc50302b0c57818a.jpg","multiLanguage":1,"name":"冰冰符号","notice":"代码已经开源，如果你感觉还行就给一个star吧。。。","qq":"","qqLogin":1,"stackoverflow":"","touristAvatar":"https://static.linhaojun.top/config/2af2e2db20740e712f0a011a6f8c9af5.jpg","twitter":"","userAvatar":"https://static.linhaojun.top/config/0af1901da1e64dfb99bb61db21e716c4.jpeg","weChat":"","websiteCreateTime":"2022-08-19","websiteTitle":"冰冰符号的个人博客","weiXinQRCode":"https://static.linhaojun.top/config/ed47edae605f74306f751c6fba9f14bd.png","weibo":"","zhihu":""}]', 'PUT', '{"code":20000,"flag":true,"message":"操作成功"}', 1, '演示账号', '127.0.0.1', '内网IP|内网IP', '2024-04-30 16:04:39', NULL),
	(1685, 'aurora信息', '上传', '/admin/config/images', 'com.aurora.controller.AuroraInfoController.savePhotoAlbumCover', '上传博客配置图片', 'file', 'POST', '{"code":20000,"data":"http://150.158.199.226:9000/avatar/aurora/config/b494ebfc16128f9dfc50302b0c57818a.jpg","flag":true,"message":"操作成功"}', 1, '演示账号', '127.0.0.1', '内网IP|内网IP', '2024-04-30 16:04:45', NULL),
	(1686, 'aurora信息', '上传', '/admin/config/images', 'com.aurora.controller.AuroraInfoController.savePhotoAlbumCover', '上传博客配置图片', 'file', 'POST', '{"code":20000,"data":"http://150.158.199.226:9000/avatar/aurora/config/b494ebfc16128f9dfc50302b0c57818a.jpg","flag":true,"message":"操作成功"}', 1, '演示账号', '127.0.0.1', '内网IP|内网IP', '2024-04-30 16:04:47', NULL),
	(1687, 'aurora信息', '上传', '/admin/config/images', 'com.aurora.controller.AuroraInfoController.savePhotoAlbumCover', '上传博客配置图片', 'file', 'POST', '{"code":20000,"data":"http://150.158.199.226:9000/avatar/aurora/config/b494ebfc16128f9dfc50302b0c57818a.jpg","flag":true,"message":"操作成功"}', 1, '演示账号', '127.0.0.1', '内网IP|内网IP', '2024-04-30 16:04:52', NULL),
	(1688, '说说模块', '上传', '/admin/talks/images', 'com.aurora.controller.TalkController.saveTalkImages', '上传说说图片', 'file', 'POST', '{"code":20000,"data":"http://150.158.199.226:9000/avatar/aurora/talks/1f99eecc2390d7f5e6c92f7b57099497.jpg","flag":true,"message":"操作成功"}', 1, '演示账号', '127.0.0.1', '内网IP|内网IP', '2024-04-30 17:16:53', NULL),
	(1689, '说说模块', '新增或修改', '/admin/talks', 'com.aurora.controller.TalkController.saveOrUpdateTalk', '保存或修改说说', '[{"content":"文章曾是一位备受瞩目的青年演员，曾经演出过多部经典作品，并且和马伊琍的姐弟恋婚姻也一直是人们津津乐道的话题。本应该成为事业和爱情双丰收的赢家，然而由于一次错误的选择，他被演艺圈封杀了，婚姻也在几年的残喘后结束了。他离开娱乐圈后，走向了两个极端。","images":"[\\"http://150.158.199.226:9000/avatar/aurora/talks/1f99eecc2390d7f5e6c92f7b57099497.jpg\\"]","isTop":0,"status":1}]', 'POST', '{"code":20000,"flag":true,"message":"操作成功"}', 1, '演示账号', '127.0.0.1', '内网IP|内网IP', '2024-04-30 17:16:54', NULL),
	(1690, '说说模块', '上传', '/admin/talks/images', 'com.aurora.controller.TalkController.saveTalkImages', '上传说说图片', 'file', 'POST', '{"code":20000,"data":"http://150.158.199.226:9000/avatar/aurora/talks/bb307cfffffe16167d5b1ce6f916aaa4.png","flag":true,"message":"操作成功"}', 1, '演示账号', '127.0.0.1', '内网IP|内网IP', '2024-04-30 17:17:13', NULL),
	(1691, '说说模块', '新增或修改', '/admin/talks', 'com.aurora.controller.TalkController.saveOrUpdateTalk', '保存或修改说说', '[{"content":"近日，有网友上传了一段文章的近期视频，文章的状态变化之大，引发网友热议。视频中，文章一身黑色西装坐在台上，已经久未露面的他看起来，身材消瘦， 面色暗淡，脸上多了不少皱纹，面部表情看起来有点尴尬，目光呆滞无光，早已经没有当年的意气风发。","images":"[\\"http://150.158.199.226:9000/avatar/aurora/talks/bb307cfffffe16167d5b1ce6f916aaa4.png\\"]","isTop":0,"status":1}]', 'POST', '{"code":20000,"flag":true,"message":"操作成功"}', 1, '演示账号', '127.0.0.1', '内网IP|内网IP', '2024-04-30 17:17:15', NULL),
	(1692, '用户信息模块', '修改', '/users/avatar', 'com.aurora.controller.UserInfoController.updateUserAvatar', '更新用户头像', 'file', 'POST', '{"code":20000,"data":"http://150.158.199.226:9000/avatar/aurora/avatar/b494ebfc16128f9dfc50302b0c57818a.jpg","flag":true,"message":"操作成功"}', 1, '演示账号', '127.0.0.1', '内网IP|内网IP', '2024-04-30 17:17:26', NULL),
	(1693, '说说模块', '上传', '/admin/talks/images', 'com.aurora.controller.TalkController.saveTalkImages', '上传说说图片', 'file', 'POST', '{"code":20000,"data":"http://150.158.199.226:9000/avatar/aurora/talks/48f326e0b4246458c6f18ead713a209f.jpg","flag":true,"message":"操作成功"}', 1, '演示账号', '127.0.0.1', '内网IP|内网IP', '2024-04-30 17:17:44', NULL),
	(1694, '说说模块', '新增或修改', '/admin/talks', 'com.aurora.controller.TalkController.saveOrUpdateTalk', '保存或修改说说', '[{"content":"最引人注意的是，文章满头白发，看起来十分苍老。值得注意的是，文章才38岁，正值青壮之年，怎么可能会有这么多白发呢？但是，有网友表示可能是染的，因为他在话剧中扮演的角色需要这种形象。当天，他的西装也是老式的款式，不合身，这也是为了更好地融入角色。","images":"[\\"http://150.158.199.226:9000/avatar/aurora/talks/48f326e0b4246458c6f18ead713a209f.jpg\\"]","isTop":0,"status":1}]', 'POST', '{"code":20000,"flag":true,"message":"操作成功"}', 1, '演示账号', '127.0.0.1', '内网IP|内网IP', '2024-04-30 17:17:46', NULL),
	(1695, '说说模块', '上传', '/admin/talks/images', 'com.aurora.controller.TalkController.saveTalkImages', '上传说说图片', 'file', 'POST', '{"code":20000,"data":"http://150.158.199.226:9000/avatar/aurora/talks/4aae0c758b71f0f8622231b5a8337ca3.jpg","flag":true,"message":"操作成功"}', 1, '演示账号', '127.0.0.1', '内网IP|内网IP', '2024-04-30 17:18:03', NULL),
	(1696, '说说模块', '新增或修改', '/admin/talks', 'com.aurora.controller.TalkController.saveOrUpdateTalk', '保存或修改说说', '[{"content":"最引人注目的还是文章 满头的白发，看起来十分苍老，要知道文章才仅仅38岁，正值青壮之年， 怎么也不至于白发。不过，有网友直言大概是染的，可能是话剧里的角色需要，正如当天，文章的西装也是老款式，十分不合身，也是衬托角色。","images":"[\\"http://150.158.199.226:9000/avatar/aurora/talks/4aae0c758b71f0f8622231b5a8337ca3.jpg\\"]","isTop":0,"status":1}]', 'POST', '{"code":20000,"flag":true,"message":"操作成功"}', 1, '演示账号', '127.0.0.1', '内网IP|内网IP', '2024-04-30 17:18:05', NULL),
	(1697, '相册模块', '上传', '/admin/photos/albums/upload', 'com.aurora.controller.PhotoAlbumController.savePhotoAlbumCover', '上传相册封面', 'file', 'POST', '{"code":20000,"data":"http://150.158.199.226:9000/avatar/aurora/photos/8fe21aab88a5ba6c0e830ab2786e6b17.jpg","flag":true,"message":"操作成功"}', 1, '演示账号', '127.0.0.1', '内网IP|内网IP', '2024-04-30 17:18:36', NULL),
	(1698, '相册模块', '上传', '/admin/photos/albums/upload', 'com.aurora.controller.PhotoAlbumController.savePhotoAlbumCover', '上传相册封面', 'file', 'POST', '{"code":20000,"data":"http://150.158.199.226:9000/avatar/aurora/photos/8ffbdf491f518b6cae517ce51e0ddf69.jpg","flag":true,"message":"操作成功"}', 1, '演示账号', '127.0.0.1', '内网IP|内网IP', '2024-04-30 17:18:36', NULL),
	(1699, '相册模块', '上传', '/admin/photos/albums/upload', 'com.aurora.controller.PhotoAlbumController.savePhotoAlbumCover', '上传相册封面', 'file', 'POST', '{"code":20000,"data":"http://150.158.199.226:9000/avatar/aurora/photos/48f326e0b4246458c6f18ead713a209f.jpg","flag":true,"message":"操作成功"}', 1, '演示账号', '127.0.0.1', '内网IP|内网IP', '2024-04-30 17:18:36', NULL),
	(1700, '相册模块', '上传', '/admin/photos/albums/upload', 'com.aurora.controller.PhotoAlbumController.savePhotoAlbumCover', '上传相册封面', 'file', 'POST', '{"code":20000,"data":"http://150.158.199.226:9000/avatar/aurora/photos/a235ff221b7d714409a69e80b63744cc.jpg","flag":true,"message":"操作成功"}', 1, '演示账号', '127.0.0.1', '内网IP|内网IP', '2024-04-30 17:18:36', NULL),
	(1701, '相册模块', '上传', '/admin/photos/albums/upload', 'com.aurora.controller.PhotoAlbumController.savePhotoAlbumCover', '上传相册封面', 'file', 'POST', '{"code":20000,"data":"http://150.158.199.226:9000/avatar/aurora/photos/b0f00753326528c8409d2c6b47df8e97.jpg","flag":true,"message":"操作成功"}', 1, '演示账号', '127.0.0.1', '内网IP|内网IP', '2024-04-30 17:18:37', NULL),
	(1702, '相册模块', '上传', '/admin/photos/albums/upload', 'com.aurora.controller.PhotoAlbumController.savePhotoAlbumCover', '上传相册封面', 'file', 'POST', '{"code":20000,"data":"http://150.158.199.226:9000/avatar/aurora/photos/7625ce9218267a3607cc32c28d03169b.jpg","flag":true,"message":"操作成功"}', 1, '演示账号', '127.0.0.1', '内网IP|内网IP', '2024-04-30 17:18:37', NULL),
	(1703, '相册模块', '上传', '/admin/photos/albums/upload', 'com.aurora.controller.PhotoAlbumController.savePhotoAlbumCover', '上传相册封面', 'file', 'POST', '{"code":20000,"data":"http://150.158.199.226:9000/avatar/aurora/photos/ac16e8851e3432c3c208e114811c2d22.jpg","flag":true,"message":"操作成功"}', 1, '演示账号', '127.0.0.1', '内网IP|内网IP', '2024-04-30 17:18:37', NULL),
	(1704, '相册模块', '上传', '/admin/photos/albums/upload', 'com.aurora.controller.PhotoAlbumController.savePhotoAlbumCover', '上传相册封面', 'file', 'POST', '{"code":20000,"data":"http://150.158.199.226:9000/avatar/aurora/photos/7a59b6752c12cfcf1e5f2739ca978096.jpg","flag":true,"message":"操作成功"}', 1, '演示账号', '127.0.0.1', '内网IP|内网IP', '2024-04-30 17:18:38', NULL),
	(1705, '相册模块', '上传', '/admin/photos/albums/upload', 'com.aurora.controller.PhotoAlbumController.savePhotoAlbumCover', '上传相册封面', 'file', 'POST', '{"code":20000,"data":"http://150.158.199.226:9000/avatar/aurora/photos/1adce1441c027741e8a2335a8704c851.png","flag":true,"message":"操作成功"}', 1, '演示账号', '127.0.0.1', '内网IP|内网IP', '2024-04-30 17:18:38', NULL),
	(1706, '相册模块', '上传', '/admin/photos/albums/upload', 'com.aurora.controller.PhotoAlbumController.savePhotoAlbumCover', '上传相册封面', 'file', 'POST', '{"code":20000,"data":"http://150.158.199.226:9000/avatar/aurora/photos/6efad6e715b6ec91054e2f4639db5684.png","flag":true,"message":"操作成功"}', 1, '演示账号', '127.0.0.1', '内网IP|内网IP', '2024-04-30 17:18:38', NULL),
	(1707, '相册模块', '上传', '/admin/photos/albums/upload', 'com.aurora.controller.PhotoAlbumController.savePhotoAlbumCover', '上传相册封面', 'file', 'POST', '{"code":20000,"data":"http://150.158.199.226:9000/avatar/aurora/photos/a750e978055d5f07a50deafbf7a14eea.png","flag":true,"message":"操作成功"}', 1, '演示账号', '127.0.0.1', '内网IP|内网IP', '2024-04-30 17:18:38', NULL),
	(1708, '相册模块', '上传', '/admin/photos/albums/upload', 'com.aurora.controller.PhotoAlbumController.savePhotoAlbumCover', '上传相册封面', 'file', 'POST', '{"code":20000,"data":"http://150.158.199.226:9000/avatar/aurora/photos/1f99eecc2390d7f5e6c92f7b57099497.jpg","flag":true,"message":"操作成功"}', 1, '演示账号', '127.0.0.1', '内网IP|内网IP', '2024-04-30 17:18:38', NULL),
	(1709, '相册模块', '上传', '/admin/photos/albums/upload', 'com.aurora.controller.PhotoAlbumController.savePhotoAlbumCover', '上传相册封面', 'file', 'POST', '{"code":20000,"data":"http://150.158.199.226:9000/avatar/aurora/photos/c30d91d02093eb70009ae5024937fc0e.jpg","flag":true,"message":"操作成功"}', 1, '演示账号', '127.0.0.1', '内网IP|内网IP', '2024-04-30 17:18:39', NULL),
	(1710, '相册模块', '上传', '/admin/photos/albums/upload', 'com.aurora.controller.PhotoAlbumController.savePhotoAlbumCover', '上传相册封面', 'file', 'POST', '{"code":20000,"data":"http://150.158.199.226:9000/avatar/aurora/photos/640eebffec0abf58eff776e8bf3c3be8.jpg","flag":true,"message":"操作成功"}', 1, '演示账号', '127.0.0.1', '内网IP|内网IP', '2024-04-30 17:18:40', NULL),
	(1711, '相册模块', '上传', '/admin/photos/albums/upload', 'com.aurora.controller.PhotoAlbumController.savePhotoAlbumCover', '上传相册封面', 'file', 'POST', '{"code":20000,"data":"http://150.158.199.226:9000/avatar/aurora/photos/86bd616bf9cc63162c4c39105c1e9332.png","flag":true,"message":"操作成功"}', 1, '演示账号', '127.0.0.1', '内网IP|内网IP', '2024-04-30 17:18:40', NULL),
	(1712, '相册模块', '上传', '/admin/photos/albums/upload', 'com.aurora.controller.PhotoAlbumController.savePhotoAlbumCover', '上传相册封面', 'file', 'POST', '{"code":20000,"data":"http://150.158.199.226:9000/avatar/aurora/photos/70fc13b1106c237ad73e5320b9a02c21.png","flag":true,"message":"操作成功"}', 1, '演示账号', '127.0.0.1', '内网IP|内网IP', '2024-04-30 17:18:42', NULL),
	(1713, '相册模块', '上传', '/admin/photos/albums/upload', 'com.aurora.controller.PhotoAlbumController.savePhotoAlbumCover', '上传相册封面', 'file', 'POST', '{"code":20000,"data":"http://150.158.199.226:9000/avatar/aurora/photos/03f6665cd7ad422dd1797054610b5619.png","flag":true,"message":"操作成功"}', 1, '演示账号', '127.0.0.1', '内网IP|内网IP', '2024-04-30 17:18:42', NULL),
	(1714, '相册模块', '新增或修改', '/admin/photos/albums', 'com.aurora.controller.PhotoAlbumController.saveOrUpdatePhotoAlbum', '保存或更新相册', '[{"albumCover":"http://150.158.199.226:9000/avatar/aurora/photos/03f6665cd7ad422dd1797054610b5619.png","albumDesc":"你好","albumName":"你好","status":1}]', 'POST', '{"code":20000,"flag":true,"message":"操作成功"}', 1, '演示账号', '127.0.0.1', '内网IP|内网IP', '2024-04-30 17:18:43', NULL),
	(1715, '照片模块', '上传', '/admin/photos/upload', 'com.aurora.controller.PhotoController.savePhotoAlbumCover', '上传照片', 'file', 'POST', '{"code":20000,"data":"http://150.158.199.226:9000/avatar/aurora/photos/48f326e0b4246458c6f18ead713a209f.jpg","flag":true,"message":"操作成功"}', 1, '演示账号', '127.0.0.1', '内网IP|内网IP', '2024-04-30 17:18:53', NULL),
	(1716, '照片模块', '上传', '/admin/photos/upload', 'com.aurora.controller.PhotoController.savePhotoAlbumCover', '上传照片', 'file', 'POST', '{"code":20000,"data":"http://150.158.199.226:9000/avatar/aurora/photos/8ffbdf491f518b6cae517ce51e0ddf69.jpg","flag":true,"message":"操作成功"}', 1, '演示账号', '127.0.0.1', '内网IP|内网IP', '2024-04-30 17:18:53', NULL),
	(1717, '照片模块', '上传', '/admin/photos/upload', 'com.aurora.controller.PhotoController.savePhotoAlbumCover', '上传照片', 'file', 'POST', '{"code":20000,"data":"http://150.158.199.226:9000/avatar/aurora/photos/8fe21aab88a5ba6c0e830ab2786e6b17.jpg","flag":true,"message":"操作成功"}', 1, '演示账号', '127.0.0.1', '内网IP|内网IP', '2024-04-30 17:18:53', NULL),
	(1718, '照片模块', '上传', '/admin/photos/upload', 'com.aurora.controller.PhotoController.savePhotoAlbumCover', '上传照片', 'file', 'POST', '{"code":20000,"data":"http://150.158.199.226:9000/avatar/aurora/photos/a235ff221b7d714409a69e80b63744cc.jpg","flag":true,"message":"操作成功"}', 1, '演示账号', '127.0.0.1', '内网IP|内网IP', '2024-04-30 17:18:53', NULL),
	(1719, '照片模块', '上传', '/admin/photos/upload', 'com.aurora.controller.PhotoController.savePhotoAlbumCover', '上传照片', 'file', 'POST', '{"code":20000,"data":"http://150.158.199.226:9000/avatar/aurora/photos/1adce1441c027741e8a2335a8704c851.png","flag":true,"message":"操作成功"}', 1, '演示账号', '127.0.0.1', '内网IP|内网IP', '2024-04-30 17:18:53', NULL),
	(1720, '照片模块', '上传', '/admin/photos/upload', 'com.aurora.controller.PhotoController.savePhotoAlbumCover', '上传照片', 'file', 'POST', '{"code":20000,"data":"http://150.158.199.226:9000/avatar/aurora/photos/a750e978055d5f07a50deafbf7a14eea.png","flag":true,"message":"操作成功"}', 1, '演示账号', '127.0.0.1', '内网IP|内网IP', '2024-04-30 17:18:54', NULL),
	(1721, '照片模块', '上传', '/admin/photos/upload', 'com.aurora.controller.PhotoController.savePhotoAlbumCover', '上传照片', 'file', 'POST', '{"code":20000,"data":"http://150.158.199.226:9000/avatar/aurora/photos/b0f00753326528c8409d2c6b47df8e97.jpg","flag":true,"message":"操作成功"}', 1, '演示账号', '127.0.0.1', '内网IP|内网IP', '2024-04-30 17:18:54', NULL),
	(1722, '照片模块', '上传', '/admin/photos/upload', 'com.aurora.controller.PhotoController.savePhotoAlbumCover', '上传照片', 'file', 'POST', '{"code":20000,"data":"http://150.158.199.226:9000/avatar/aurora/photos/6efad6e715b6ec91054e2f4639db5684.png","flag":true,"message":"操作成功"}', 1, '演示账号', '127.0.0.1', '内网IP|内网IP', '2024-04-30 17:18:54', NULL),
	(1723, '照片模块', '上传', '/admin/photos/upload', 'com.aurora.controller.PhotoController.savePhotoAlbumCover', '上传照片', 'file', 'POST', '{"code":20000,"data":"http://150.158.199.226:9000/avatar/aurora/photos/7625ce9218267a3607cc32c28d03169b.jpg","flag":true,"message":"操作成功"}', 1, '演示账号', '127.0.0.1', '内网IP|内网IP', '2024-04-30 17:18:54', NULL),
	(1724, '照片模块', '上传', '/admin/photos/upload', 'com.aurora.controller.PhotoController.savePhotoAlbumCover', '上传照片', 'file', 'POST', '{"code":20000,"data":"http://150.158.199.226:9000/avatar/aurora/photos/1f99eecc2390d7f5e6c92f7b57099497.jpg","flag":true,"message":"操作成功"}', 1, '演示账号', '127.0.0.1', '内网IP|内网IP', '2024-04-30 17:18:54', NULL),
	(1725, '照片模块', '上传', '/admin/photos/upload', 'com.aurora.controller.PhotoController.savePhotoAlbumCover', '上传照片', 'file', 'POST', '{"code":20000,"data":"http://150.158.199.226:9000/avatar/aurora/photos/7a59b6752c12cfcf1e5f2739ca978096.jpg","flag":true,"message":"操作成功"}', 1, '演示账号', '127.0.0.1', '内网IP|内网IP', '2024-04-30 17:18:55', NULL),
	(1726, '照片模块', '上传', '/admin/photos/upload', 'com.aurora.controller.PhotoController.savePhotoAlbumCover', '上传照片', 'file', 'POST', '{"code":20000,"data":"http://150.158.199.226:9000/avatar/aurora/photos/ac16e8851e3432c3c208e114811c2d22.jpg","flag":true,"message":"操作成功"}', 1, '演示账号', '127.0.0.1', '内网IP|内网IP', '2024-04-30 17:18:55', NULL),
	(1727, '照片模块', '上传', '/admin/photos/upload', 'com.aurora.controller.PhotoController.savePhotoAlbumCover', '上传照片', 'file', 'POST', '{"code":20000,"data":"http://150.158.199.226:9000/avatar/aurora/photos/c30d91d02093eb70009ae5024937fc0e.jpg","flag":true,"message":"操作成功"}', 1, '演示账号', '127.0.0.1', '内网IP|内网IP', '2024-04-30 17:18:55', NULL),
	(1728, '照片模块', '上传', '/admin/photos/upload', 'com.aurora.controller.PhotoController.savePhotoAlbumCover', '上传照片', 'file', 'POST', '{"code":20000,"data":"http://150.158.199.226:9000/avatar/aurora/photos/640eebffec0abf58eff776e8bf3c3be8.jpg","flag":true,"message":"操作成功"}', 1, '演示账号', '127.0.0.1', '内网IP|内网IP', '2024-04-30 17:18:56', NULL),
	(1729, '照片模块', '上传', '/admin/photos/upload', 'com.aurora.controller.PhotoController.savePhotoAlbumCover', '上传照片', 'file', 'POST', '{"code":20000,"data":"http://150.158.199.226:9000/avatar/aurora/photos/86bd616bf9cc63162c4c39105c1e9332.png","flag":true,"message":"操作成功"}', 1, '演示账号', '127.0.0.1', '内网IP|内网IP', '2024-04-30 17:18:58', NULL),
	(1730, '照片模块', '上传', '/admin/photos/upload', 'com.aurora.controller.PhotoController.savePhotoAlbumCover', '上传照片', 'file', 'POST', '{"code":20000,"data":"http://150.158.199.226:9000/avatar/aurora/photos/03f6665cd7ad422dd1797054610b5619.png","flag":true,"message":"操作成功"}', 1, '演示账号', '127.0.0.1', '内网IP|内网IP', '2024-04-30 17:18:58', NULL),
	(1731, '照片模块', '上传', '/admin/photos/upload', 'com.aurora.controller.PhotoController.savePhotoAlbumCover', '上传照片', 'file', 'POST', '{"code":20000,"data":"http://150.158.199.226:9000/avatar/aurora/photos/4aae0c758b71f0f8622231b5a8337ca3.jpg","flag":true,"message":"操作成功"}', 1, '演示账号', '127.0.0.1', '内网IP|内网IP', '2024-04-30 17:19:00', NULL),
	(1732, '照片模块', '上传', '/admin/photos/upload', 'com.aurora.controller.PhotoController.savePhotoAlbumCover', '上传照片', 'file', 'POST', '{"code":20000,"data":"http://150.158.199.226:9000/avatar/aurora/photos/70fc13b1106c237ad73e5320b9a02c21.png","flag":true,"message":"操作成功"}', 1, '演示账号', '127.0.0.1', '内网IP|内网IP', '2024-04-30 17:19:01', NULL),
	(1733, '照片模块', '新增', '/admin/photos', 'com.aurora.controller.PhotoController.savePhotos', '保存照片', '[{"albumId":10,"photoUrls":["http://150.158.199.226:9000/avatar/aurora/photos/8fe21aab88a5ba6c0e830ab2786e6b17.jpg","http://150.158.199.226:9000/avatar/aurora/photos/48f326e0b4246458c6f18ead713a209f.jpg","http://150.158.199.226:9000/avatar/aurora/photos/8ffbdf491f518b6cae517ce51e0ddf69.jpg","http://150.158.199.226:9000/avatar/aurora/photos/a235ff221b7d714409a69e80b63744cc.jpg","http://150.158.199.226:9000/avatar/aurora/photos/7a59b6752c12cfcf1e5f2739ca978096.jpg","http://150.158.199.226:9000/avatar/aurora/photos/ac16e8851e3432c3c208e114811c2d22.jpg","http://150.158.199.226:9000/avatar/aurora/photos/1adce1441c027741e8a2335a8704c851.png","http://150.158.199.226:9000/avatar/aurora/photos/a750e978055d5f07a50deafbf7a14eea.png","http://150.158.199.226:9000/avatar/aurora/photos/b0f00753326528c8409d2c6b47df8e97.jpg","http://150.158.199.226:9000/avatar/aurora/photos/6efad6e715b6ec91054e2f4639db5684.png","http://150.158.199.226:9000/avatar/aurora/photos/7625ce9218267a3607cc32c28d03169b.jpg","http://150.158.199.226:9000/avatar/aurora/photos/1f99eecc2390d7f5e6c92f7b57099497.jpg","http://150.158.199.226:9000/avatar/aurora/photos/c30d91d02093eb70009ae5024937fc0e.jpg","http://150.158.199.226:9000/avatar/aurora/photos/640eebffec0abf58eff776e8bf3c3be8.jpg","http://150.158.199.226:9000/avatar/aurora/photos/86bd616bf9cc63162c4c39105c1e9332.png","http://150.158.199.226:9000/avatar/aurora/photos/03f6665cd7ad422dd1797054610b5619.png","http://150.158.199.226:9000/avatar/aurora/photos/4aae0c758b71f0f8622231b5a8337ca3.jpg"]}]', 'POST', '{"code":20000,"flag":true,"message":"操作成功"}', 1, '演示账号', '127.0.0.1', '内网IP|内网IP', '2024-04-30 17:19:01', NULL),
	(1734, '相册模块', '上传', '/admin/photos/albums/upload', 'com.aurora.controller.PhotoAlbumController.savePhotoAlbumCover', '上传相册封面', 'file', 'POST', '{"code":20000,"data":"http://150.158.199.226:9000/avatar/aurora/photos/06904f2c62c8a792a2252574170c2d2a.jpg","flag":true,"message":"操作成功"}', 1, '演示账号', '127.0.0.1', '内网IP|内网IP', '2024-04-30 17:19:20', NULL),
	(1735, '相册模块', '上传', '/admin/photos/albums/upload', 'com.aurora.controller.PhotoAlbumController.savePhotoAlbumCover', '上传相册封面', 'file', 'POST', '{"code":20000,"data":"http://150.158.199.226:9000/avatar/aurora/photos/5539a76464e500baf72c9831cd495562.jpg","flag":true,"message":"操作成功"}', 1, '演示账号', '127.0.0.1', '内网IP|内网IP', '2024-04-30 17:19:20', NULL),
	(1736, '相册模块', '上传', '/admin/photos/albums/upload', 'com.aurora.controller.PhotoAlbumController.savePhotoAlbumCover', '上传相册封面', 'file', 'POST', '{"code":20000,"data":"http://150.158.199.226:9000/avatar/aurora/photos/b74bda56b9ccafa8b7e1fd64e2e898d1.jpg","flag":true,"message":"操作成功"}', 1, '演示账号', '127.0.0.1', '内网IP|内网IP', '2024-04-30 17:19:20', NULL),
	(1737, '相册模块', '上传', '/admin/photos/albums/upload', 'com.aurora.controller.PhotoAlbumController.savePhotoAlbumCover', '上传相册封面', 'file', 'POST', '{"code":20000,"data":"http://150.158.199.226:9000/avatar/aurora/photos/904e34e346e1efb1865971211628b5aa.jpg","flag":true,"message":"操作成功"}', 1, '演示账号', '127.0.0.1', '内网IP|内网IP', '2024-04-30 17:19:20', NULL),
	(1738, '相册模块', '上传', '/admin/photos/albums/upload', 'com.aurora.controller.PhotoAlbumController.savePhotoAlbumCover', '上传相册封面', 'file', 'POST', '{"code":20000,"data":"http://150.158.199.226:9000/avatar/aurora/photos/30630bd9aff9a5b311993b5a7d314d9a.jpg","flag":true,"message":"操作成功"}', 1, '演示账号', '127.0.0.1', '内网IP|内网IP', '2024-04-30 17:19:20', NULL),
	(1739, '相册模块', '上传', '/admin/photos/albums/upload', 'com.aurora.controller.PhotoAlbumController.savePhotoAlbumCover', '上传相册封面', 'file', 'POST', '{"code":20000,"data":"http://150.158.199.226:9000/avatar/aurora/photos/4ef38b4ea39ad2d677cd4a05143ccb13.jpg","flag":true,"message":"操作成功"}', 1, '演示账号', '127.0.0.1', '内网IP|内网IP', '2024-04-30 17:19:21', NULL),
	(1740, '相册模块', '上传', '/admin/photos/albums/upload', 'com.aurora.controller.PhotoAlbumController.savePhotoAlbumCover', '上传相册封面', 'file', 'POST', '{"code":20000,"data":"http://150.158.199.226:9000/avatar/aurora/photos/f3e5496f84a765bf8f2a216f6bc7769a.png","flag":true,"message":"操作成功"}', 1, '演示账号', '127.0.0.1', '内网IP|内网IP', '2024-04-30 17:19:21', NULL),
	(1741, '相册模块', '上传', '/admin/photos/albums/upload', 'com.aurora.controller.PhotoAlbumController.savePhotoAlbumCover', '上传相册封面', 'file', 'POST', '{"code":20000,"data":"http://150.158.199.226:9000/avatar/aurora/photos/bb307cfffffe16167d5b1ce6f916aaa4.png","flag":true,"message":"操作成功"}', 1, '演示账号', '127.0.0.1', '内网IP|内网IP', '2024-04-30 17:19:21', NULL),
	(1742, '相册模块', '上传', '/admin/photos/albums/upload', 'com.aurora.controller.PhotoAlbumController.savePhotoAlbumCover', '上传相册封面', 'file', 'POST', '{"code":20000,"data":"http://150.158.199.226:9000/avatar/aurora/photos/25a8ce4187ca09c9de636e634f0640bc.png","flag":true,"message":"操作成功"}', 1, '演示账号', '127.0.0.1', '内网IP|内网IP', '2024-04-30 17:19:21', NULL),
	(1743, '相册模块', '上传', '/admin/photos/albums/upload', 'com.aurora.controller.PhotoAlbumController.savePhotoAlbumCover', '上传相册封面', 'file', 'POST', '{"code":20000,"data":"http://150.158.199.226:9000/avatar/aurora/photos/76505bb8b7090b2d42fa6d225c4733cc.png","flag":true,"message":"操作成功"}', 1, '演示账号', '127.0.0.1', '内网IP|内网IP', '2024-04-30 17:19:21', NULL),
	(1744, '相册模块', '上传', '/admin/photos/albums/upload', 'com.aurora.controller.PhotoAlbumController.savePhotoAlbumCover', '上传相册封面', 'file', 'POST', '{"code":20000,"data":"http://150.158.199.226:9000/avatar/aurora/photos/4aae0c758b71f0f8622231b5a8337ca3.jpg","flag":true,"message":"操作成功"}', 1, '演示账号', '127.0.0.1', '内网IP|内网IP', '2024-04-30 17:19:23', NULL),
	(1745, '相册模块', '新增或修改', '/admin/photos/albums', 'com.aurora.controller.PhotoAlbumController.saveOrUpdatePhotoAlbum', '保存或更新相册', '[{"albumCover":"http://150.158.199.226:9000/avatar/aurora/photos/4aae0c758b71f0f8622231b5a8337ca3.jpg","albumDesc":"我好","albumName":"我好","status":1}]', 'POST', '{"code":20000,"flag":true,"message":"操作成功"}', 1, '演示账号', '127.0.0.1', '内网IP|内网IP', '2024-04-30 17:19:26', NULL),
	(1746, '照片模块', '上传', '/admin/photos/upload', 'com.aurora.controller.PhotoController.savePhotoAlbumCover', '上传照片', 'file', 'POST', '{"code":20000,"data":"http://150.158.199.226:9000/avatar/aurora/photos/5539a76464e500baf72c9831cd495562.jpg","flag":true,"message":"操作成功"}', 1, '演示账号', '127.0.0.1', '内网IP|内网IP', '2024-04-30 17:19:36', NULL),
	(1747, '照片模块', '上传', '/admin/photos/upload', 'com.aurora.controller.PhotoController.savePhotoAlbumCover', '上传照片', 'file', 'POST', '{"code":20000,"data":"http://150.158.199.226:9000/avatar/aurora/photos/8ffbdf491f518b6cae517ce51e0ddf69.jpg","flag":true,"message":"操作成功"}', 1, '演示账号', '127.0.0.1', '内网IP|内网IP', '2024-04-30 17:19:36', NULL),
	(1748, '照片模块', '上传', '/admin/photos/upload', 'com.aurora.controller.PhotoController.savePhotoAlbumCover', '上传照片', 'file', 'POST', '{"code":20000,"data":"http://150.158.199.226:9000/avatar/aurora/photos/06904f2c62c8a792a2252574170c2d2a.jpg","flag":true,"message":"操作成功"}', 1, '演示账号', '127.0.0.1', '内网IP|内网IP', '2024-04-30 17:19:36', NULL),
	(1749, '照片模块', '上传', '/admin/photos/upload', 'com.aurora.controller.PhotoController.savePhotoAlbumCover', '上传照片', 'file', 'POST', '{"code":20000,"data":"http://150.158.199.226:9000/avatar/aurora/photos/b74bda56b9ccafa8b7e1fd64e2e898d1.jpg","flag":true,"message":"操作成功"}', 1, '演示账号', '127.0.0.1', '内网IP|内网IP', '2024-04-30 17:19:36', NULL),
	(1750, '照片模块', '上传', '/admin/photos/upload', 'com.aurora.controller.PhotoController.savePhotoAlbumCover', '上传照片', 'file', 'POST', '{"code":20000,"data":"http://150.158.199.226:9000/avatar/aurora/photos/904e34e346e1efb1865971211628b5aa.jpg","flag":true,"message":"操作成功"}', 1, '演示账号', '127.0.0.1', '内网IP|内网IP', '2024-04-30 17:19:36', NULL),
	(1751, '照片模块', '上传', '/admin/photos/upload', 'com.aurora.controller.PhotoController.savePhotoAlbumCover', '上传照片', 'file', 'POST', '{"code":20000,"data":"http://150.158.199.226:9000/avatar/aurora/photos/ac16e8851e3432c3c208e114811c2d22.jpg","flag":true,"message":"操作成功"}', 1, '演示账号', '127.0.0.1', '内网IP|内网IP', '2024-04-30 17:19:36', NULL),
	(1752, '照片模块', '上传', '/admin/photos/upload', 'com.aurora.controller.PhotoController.savePhotoAlbumCover', '上传照片', 'file', 'POST', '{"code":20000,"data":"http://150.158.199.226:9000/avatar/aurora/photos/bb307cfffffe16167d5b1ce6f916aaa4.png","flag":true,"message":"操作成功"}', 1, '演示账号', '127.0.0.1', '内网IP|内网IP', '2024-04-30 17:19:37', NULL),
	(1753, '照片模块', '上传', '/admin/photos/upload', 'com.aurora.controller.PhotoController.savePhotoAlbumCover', '上传照片', 'file', 'POST', '{"code":20000,"data":"http://150.158.199.226:9000/avatar/aurora/photos/30630bd9aff9a5b311993b5a7d314d9a.jpg","flag":true,"message":"操作成功"}', 1, '演示账号', '127.0.0.1', '内网IP|内网IP', '2024-04-30 17:19:37', NULL),
	(1754, '照片模块', '上传', '/admin/photos/upload', 'com.aurora.controller.PhotoController.savePhotoAlbumCover', '上传照片', 'file', 'POST', '{"code":20000,"data":"http://150.158.199.226:9000/avatar/aurora/photos/4ef38b4ea39ad2d677cd4a05143ccb13.jpg","flag":true,"message":"操作成功"}', 1, '演示账号', '127.0.0.1', '内网IP|内网IP', '2024-04-30 17:19:37', NULL),
	(1755, '照片模块', '上传', '/admin/photos/upload', 'com.aurora.controller.PhotoController.savePhotoAlbumCover', '上传照片', 'file', 'POST', '{"code":20000,"data":"http://150.158.199.226:9000/avatar/aurora/photos/f3e5496f84a765bf8f2a216f6bc7769a.png","flag":true,"message":"操作成功"}', 1, '演示账号', '127.0.0.1', '内网IP|内网IP', '2024-04-30 17:19:37', NULL),
	(1756, '照片模块', '上传', '/admin/photos/upload', 'com.aurora.controller.PhotoController.savePhotoAlbumCover', '上传照片', 'file', 'POST', '{"code":20000,"data":"http://150.158.199.226:9000/avatar/aurora/photos/25a8ce4187ca09c9de636e634f0640bc.png","flag":true,"message":"操作成功"}', 1, '演示账号', '127.0.0.1', '内网IP|内网IP', '2024-04-30 17:19:37', NULL),
	(1757, '照片模块', '上传', '/admin/photos/upload', 'com.aurora.controller.PhotoController.savePhotoAlbumCover', '上传照片', 'file', 'POST', '{"code":20000,"data":"http://150.158.199.226:9000/avatar/aurora/photos/88c3b243dc628925877388e2ad75174e.png","flag":true,"message":"操作成功"}', 1, '演示账号', '127.0.0.1', '内网IP|内网IP', '2024-04-30 17:19:38', NULL),
	(1758, '照片模块', '上传', '/admin/photos/upload', 'com.aurora.controller.PhotoController.savePhotoAlbumCover', '上传照片', 'file', 'POST', '{"code":20000,"data":"http://150.158.199.226:9000/avatar/aurora/photos/76505bb8b7090b2d42fa6d225c4733cc.png","flag":true,"message":"操作成功"}', 1, '演示账号', '127.0.0.1', '内网IP|内网IP', '2024-04-30 17:19:38', NULL),
	(1759, '照片模块', '上传', '/admin/photos/upload', 'com.aurora.controller.PhotoController.savePhotoAlbumCover', '上传照片', 'file', 'POST', '{"code":20000,"data":"http://150.158.199.226:9000/avatar/aurora/photos/86bd616bf9cc63162c4c39105c1e9332.png","flag":true,"message":"操作成功"}', 1, '演示账号', '127.0.0.1', '内网IP|内网IP', '2024-04-30 17:19:38', NULL),
	(1760, '照片模块', '上传', '/admin/photos/upload', 'com.aurora.controller.PhotoController.savePhotoAlbumCover', '上传照片', 'file', 'POST', '{"code":20000,"data":"http://150.158.199.226:9000/avatar/aurora/photos/03f6665cd7ad422dd1797054610b5619.png","flag":true,"message":"操作成功"}', 1, '演示账号', '127.0.0.1', '内网IP|内网IP', '2024-04-30 17:19:39', NULL),
	(1761, '照片模块', '上传', '/admin/photos/upload', 'com.aurora.controller.PhotoController.savePhotoAlbumCover', '上传照片', 'file', 'POST', '{"code":20000,"data":"http://150.158.199.226:9000/avatar/aurora/photos/4aae0c758b71f0f8622231b5a8337ca3.jpg","flag":true,"message":"操作成功"}', 1, '演示账号', '127.0.0.1', '内网IP|内网IP', '2024-04-30 17:19:40', NULL),
	(1762, '照片模块', '上传', '/admin/photos/upload', 'com.aurora.controller.PhotoController.savePhotoAlbumCover', '上传照片', 'file', 'POST', '{"code":20000,"data":"http://150.158.199.226:9000/avatar/aurora/photos/70fc13b1106c237ad73e5320b9a02c21.png","flag":true,"message":"操作成功"}', 1, '演示账号', '127.0.0.1', '内网IP|内网IP', '2024-04-30 17:19:41', NULL),
	(1763, '照片模块', '新增', '/admin/photos', 'com.aurora.controller.PhotoController.savePhotos', '保存照片', '[{"albumId":11,"photoUrls":["http://150.158.199.226:9000/avatar/aurora/photos/8ffbdf491f518b6cae517ce51e0ddf69.jpg","http://150.158.199.226:9000/avatar/aurora/photos/06904f2c62c8a792a2252574170c2d2a.jpg","http://150.158.199.226:9000/avatar/aurora/photos/b74bda56b9ccafa8b7e1fd64e2e898d1.jpg","http://150.158.199.226:9000/avatar/aurora/photos/5539a76464e500baf72c9831cd495562.jpg","http://150.158.199.226:9000/avatar/aurora/photos/904e34e346e1efb1865971211628b5aa.jpg","http://150.158.199.226:9000/avatar/aurora/photos/ac16e8851e3432c3c208e114811c2d22.jpg","http://150.158.199.226:9000/avatar/aurora/photos/88c3b243dc628925877388e2ad75174e.png","http://150.158.199.226:9000/avatar/aurora/photos/bb307cfffffe16167d5b1ce6f916aaa4.png","http://150.158.199.226:9000/avatar/aurora/photos/30630bd9aff9a5b311993b5a7d314d9a.jpg","http://150.158.199.226:9000/avatar/aurora/photos/4ef38b4ea39ad2d677cd4a05143ccb13.jpg","http://150.158.199.226:9000/avatar/aurora/photos/f3e5496f84a765bf8f2a216f6bc7769a.png","http://150.158.199.226:9000/avatar/aurora/photos/25a8ce4187ca09c9de636e634f0640bc.png","http://150.158.199.226:9000/avatar/aurora/photos/03f6665cd7ad422dd1797054610b5619.png","http://150.158.199.226:9000/avatar/aurora/photos/76505bb8b7090b2d42fa6d225c4733cc.png","http://150.158.199.226:9000/avatar/aurora/photos/86bd616bf9cc63162c4c39105c1e9332.png","http://150.158.199.226:9000/avatar/aurora/photos/4aae0c758b71f0f8622231b5a8337ca3.jpg","http://150.158.199.226:9000/avatar/aurora/photos/70fc13b1106c237ad73e5320b9a02c21.png"]}]', 'POST', '{"code":20000,"flag":true,"message":"操作成功"}', 1, '演示账号', '127.0.0.1', '内网IP|内网IP', '2024-04-30 17:19:44', NULL),
	(1764, '分类模块', '新增或修改', '/admin/categories', 'com.aurora.controller.CategoryController.saveOrUpdateCategory', '添加或修改分类', '[{"categoryName":"程序"}]', 'POST', '{"code":20000,"flag":true,"message":"操作成功"}', 1, '演示账号', '127.0.0.1', '内网IP|内网IP', '2024-04-30 17:33:44', NULL),
	(1765, '分类模块', '新增或修改', '/admin/categories', 'com.aurora.controller.CategoryController.saveOrUpdateCategory', '添加或修改分类', '[{"categoryName":"C语言"}]', 'POST', '{"code":20000,"flag":true,"message":"操作成功"}', 1, '演示账号', '127.0.0.1', '内网IP|内网IP', '2024-04-30 17:33:49', NULL),
	(1766, '分类模块', '新增或修改', '/admin/categories', 'com.aurora.controller.CategoryController.saveOrUpdateCategory', '添加或修改分类', '[{"categoryName":"Java"}]', 'POST', '{"code":20000,"flag":true,"message":"操作成功"}', 1, '演示账号', '127.0.0.1', '内网IP|内网IP', '2024-04-30 17:33:54', NULL),
	(1767, 'aurora信息', '修改', '/admin/website/config', 'com.aurora.controller.AuroraInfoController.updateWebsiteConfig', '更新网站配置', '[{"alipayQRCode":"https://static.linhaojun.top/config/da4c6d8c13f66a8dd6716ddb48d73299.jpg","author":"冰冰符号","authorAvatar":"http://150.158.199.226:9000/avatar/aurora/config/b494ebfc16128f9dfc50302b0c57818a.jpg","authorIntro":"一个疯狂的coder","beianNumber":"苏ICP备2022012376号","csdn":"https://github.com/linhaojun857","englishName":"BingBingSymbolBlog","favicon":"http://150.158.199.226:9000/avatar/aurora/config/b494ebfc16128f9dfc50302b0c57818a.jpg","gitee":"https://gitee.com/linhaojun","github":"https://github.com/linhaojun857","isCommentReview":0,"isEmailNotice":1,"isReward":1,"juejin":"https://github.com/linhaojun857","logo":"http://150.158.199.226:9000/avatar/aurora/config/b494ebfc16128f9dfc50302b0c57818a.jpg","multiLanguage":1,"name":"冰冰符号","notice":"代码已经开源，如果你感觉还行就给一个star吧。。。","qq":"","qqLogin":1,"stackoverflow":"","touristAvatar":"https://static.linhaojun.top/config/2af2e2db20740e712f0a011a6f8c9af5.jpg","twitter":"","userAvatar":"https://static.linhaojun.top/config/0af1901da1e64dfb99bb61db21e716c4.jpeg","weChat":"","websiteCreateTime":"2022-08-19","websiteTitle":"冰冰符号的个人博客","weiXinQRCode":"https://static.linhaojun.top/config/ed47edae605f74306f751c6fba9f14bd.png","weibo":"","zhihu":"https://github.com/linhaojun857"}]', 'PUT', '{"code":20000,"flag":true,"message":"操作成功"}', 1, '演示账号', '127.0.0.1', '内网IP|内网IP', '2024-04-30 17:54:41', NULL),
	(1768, 'aurora信息', '修改', '/admin/website/config', 'com.aurora.controller.AuroraInfoController.updateWebsiteConfig', '更新网站配置', '[{"alipayQRCode":"https://static.linhaojun.top/config/da4c6d8c13f66a8dd6716ddb48d73299.jpg","author":"冰冰符号","authorAvatar":"http://150.158.199.226:9000/avatar/aurora/config/b494ebfc16128f9dfc50302b0c57818a.jpg","authorIntro":"一个疯狂的coder","beianNumber":"苏ICP备2022012376号","csdn":"https://github.com/linhaojun857","englishName":"BingBingSymbolBlog","favicon":"http://150.158.199.226:9000/avatar/aurora/config/b494ebfc16128f9dfc50302b0c57818a.jpg","gitee":"","github":"https://github.com/linhaojun857","isCommentReview":0,"isEmailNotice":1,"isReward":1,"juejin":"https://github.com/linhaojun857","logo":"http://150.158.199.226:9000/avatar/aurora/config/b494ebfc16128f9dfc50302b0c57818a.jpg","multiLanguage":1,"name":"冰冰符号","notice":"代码已经开源，如果你感觉还行就给一个star吧。。。","qq":"","qqLogin":1,"stackoverflow":"","touristAvatar":"https://static.linhaojun.top/config/2af2e2db20740e712f0a011a6f8c9af5.jpg","twitter":"","userAvatar":"https://static.linhaojun.top/config/0af1901da1e64dfb99bb61db21e716c4.jpeg","weChat":"","websiteCreateTime":"2022-08-19","websiteTitle":"冰冰符号的个人博客","weiXinQRCode":"https://static.linhaojun.top/config/ed47edae605f74306f751c6fba9f14bd.png","weibo":"","zhihu":"https://github.com/linhaojun857"}]', 'PUT', '{"code":20000,"flag":true,"message":"操作成功"}', 1, '演示账号', '127.0.0.1', '内网IP|内网IP', '2024-04-30 17:55:12', NULL),
	(1769, '标签模块', '新增或修改', '/admin/tags', 'com.aurora.controller.TagController.saveOrUpdateTag', '添加或修改标签', '[{"tagName":"我好"}]', 'POST', '{"code":20000,"flag":true,"message":"操作成功"}', 1, '演示账号', '127.0.0.1', '内网IP|内网IP', '2024-04-30 18:12:30', NULL),
	(1770, '标签模块', '新增或修改', '/admin/tags', 'com.aurora.controller.TagController.saveOrUpdateTag', '添加或修改标签', '[{"tagName":"打击好"}]', 'POST', '{"code":20000,"flag":true,"message":"操作成功"}', 1, '演示账号', '127.0.0.1', '内网IP|内网IP', '2024-04-30 18:12:34', NULL),
	(1771, '标签模块', '新增或修改', '/admin/tags', 'com.aurora.controller.TagController.saveOrUpdateTag', '添加或修改标签', '[{"tagName":"Java"}]', 'POST', '{"code":20000,"flag":true,"message":"操作成功"}', 1, '演示账号', '127.0.0.1', '内网IP|内网IP', '2024-04-30 18:12:45', NULL),
	(1772, '标签模块', '新增或修改', '/admin/tags', 'com.aurora.controller.TagController.saveOrUpdateTag', '添加或修改标签', '[{"tagName":"Python"}]', 'POST', '{"code":20000,"flag":true,"message":"操作成功"}', 1, '演示账号', '127.0.0.1', '内网IP|内网IP', '2024-04-30 18:12:48', NULL),
	(1773, '标签模块', '新增或修改', '/admin/tags', 'com.aurora.controller.TagController.saveOrUpdateTag', '添加或修改标签', '[{"tagName":"Spring"}]', 'POST', '{"code":20000,"flag":true,"message":"操作成功"}', 1, '演示账号', '127.0.0.1', '内网IP|内网IP', '2024-04-30 18:12:52', NULL),
	(1774, '相册模块', '新增或修改', '/admin/photos/albums', 'com.aurora.controller.PhotoAlbumController.saveOrUpdatePhotoAlbum', '保存或更新相册', '[{"albumCover":"http://150.158.199.226:9000/avatar/aurora/photos/4aae0c758b71f0f8622231b5a8337ca3.jpg","albumDesc":"描述了我从小时候到长大的历程","albumName":"未来的欢乐时光","id":11,"status":1}]', 'POST', '{"code":20000,"flag":true,"message":"操作成功"}', 1, '演示账号', '127.0.0.1', '内网IP|内网IP', '2024-04-30 18:34:00', NULL),
	(1775, '相册模块', '新增或修改', '/admin/photos/albums', 'com.aurora.controller.PhotoAlbumController.saveOrUpdatePhotoAlbum', '保存或更新相册', '[{"albumCover":"http://150.158.199.226:9000/avatar/aurora/photos/03f6665cd7ad422dd1797054610b5619.png","albumDesc":"时间像一把杀猪刀，正在杀猪...","albumName":"时间枷锁","id":10,"status":1}]', 'POST', '{"code":20000,"flag":true,"message":"操作成功"}', 1, '演示账号', '127.0.0.1', '内网IP|内网IP', '2024-04-30 18:34:34', NULL),
	(1776, '相册模块', '上传', '/admin/photos/albums/upload', 'com.aurora.controller.PhotoAlbumController.savePhotoAlbumCover', '上传相册封面', 'file', 'POST', '{"code":20000,"data":"http://150.158.199.226:9000/avatar/aurora/photos/1f99eecc2390d7f5e6c92f7b57099497.jpg","flag":true,"message":"操作成功"}', 1, '演示账号', '127.0.0.1', '内网IP|内网IP', '2024-04-30 18:35:14', NULL),
	(1777, '相册模块', '新增或修改', '/admin/photos/albums', 'com.aurora.controller.PhotoAlbumController.saveOrUpdatePhotoAlbum', '保存或更新相册', '[{"albumCover":"http://150.158.199.226:9000/avatar/aurora/photos/1f99eecc2390d7f5e6c92f7b57099497.jpg","albumDesc":"一予以","albumName":"一予以","status":1}]', 'POST', '{"code":20000,"flag":true,"message":"操作成功"}', 1, '演示账号', '127.0.0.1', '内网IP|内网IP', '2024-04-30 18:35:15', NULL),
	(1778, '相册模块', '上传', '/admin/photos/albums/upload', 'com.aurora.controller.PhotoAlbumController.savePhotoAlbumCover', '上传相册封面', 'file', 'POST', '{"code":20000,"data":"http://150.158.199.226:9000/avatar/aurora/photos/86bd616bf9cc63162c4c39105c1e9332.png","flag":true,"message":"操作成功"}', 1, '演示账号', '127.0.0.1', '内网IP|内网IP', '2024-04-30 18:35:27', NULL),
	(1779, '相册模块', '新增或修改', '/admin/photos/albums', 'com.aurora.controller.PhotoAlbumController.saveOrUpdatePhotoAlbum', '保存或更新相册', '[{"albumCover":"http://150.158.199.226:9000/avatar/aurora/photos/86bd616bf9cc63162c4c39105c1e9332.png","albumDesc":"王者相逢","albumName":"王者相逢","status":1}]', 'POST', '{"code":20000,"flag":true,"message":"操作成功"}', 1, '演示账号', '127.0.0.1', '内网IP|内网IP', '2024-04-30 18:35:28', NULL),
	(1780, '相册模块', '上传', '/admin/photos/albums/upload', 'com.aurora.controller.PhotoAlbumController.savePhotoAlbumCover', '上传相册封面', 'file', 'POST', '{"code":20000,"data":"http://150.158.199.226:9000/avatar/aurora/photos/30630bd9aff9a5b311993b5a7d314d9a.jpg","flag":true,"message":"操作成功"}', 1, '演示账号', '127.0.0.1', '内网IP|内网IP', '2024-04-30 18:35:38', NULL),
	(1781, '相册模块', '新增或修改', '/admin/photos/albums', 'com.aurora.controller.PhotoAlbumController.saveOrUpdatePhotoAlbum', '保存或更新相册', '[{"albumCover":"http://150.158.199.226:9000/avatar/aurora/photos/30630bd9aff9a5b311993b5a7d314d9a.jpg","albumDesc":"时光嚷嚷","albumName":"时光嚷嚷","status":1}]', 'POST', '{"code":20000,"flag":true,"message":"操作成功"}', 1, '演示账号', '127.0.0.1', '内网IP|内网IP', '2024-04-30 18:35:39', NULL),
	(1782, '相册模块', '上传', '/admin/photos/albums/upload', 'com.aurora.controller.PhotoAlbumController.savePhotoAlbumCover', '上传相册封面', 'file', 'POST', '{"code":20000,"data":"http://150.158.199.226:9000/avatar/aurora/photos/b0f00753326528c8409d2c6b47df8e97.jpg","flag":true,"message":"操作成功"}', 1, '演示账号', '127.0.0.1', '内网IP|内网IP', '2024-04-30 18:35:53', NULL),
	(1783, '相册模块', '新增或修改', '/admin/photos/albums', 'com.aurora.controller.PhotoAlbumController.saveOrUpdatePhotoAlbum', '保存或更新相册', '[{"albumCover":"http://150.158.199.226:9000/avatar/aurora/photos/b0f00753326528c8409d2c6b47df8e97.jpg","albumDesc":"漂亮美女","albumName":"漂亮美女","status":1}]', 'POST', '{"code":20000,"flag":true,"message":"操作成功"}', 1, '演示账号', '127.0.0.1', '内网IP|内网IP', '2024-04-30 18:35:59', NULL),
	(1784, '相册模块', '上传', '/admin/photos/albums/upload', 'com.aurora.controller.PhotoAlbumController.savePhotoAlbumCover', '上传相册封面', 'file', 'POST', '{"code":20000,"data":"http://150.158.199.226:9000/avatar/aurora/photos/88c3b243dc628925877388e2ad75174e.png","flag":true,"message":"操作成功"}', 1, '演示账号', '127.0.0.1', '内网IP|内网IP', '2024-04-30 18:36:15', NULL),
	(1785, '相册模块', '新增或修改', '/admin/photos/albums', 'com.aurora.controller.PhotoAlbumController.saveOrUpdatePhotoAlbum', '保存或更新相册', '[{"albumCover":"http://150.158.199.226:9000/avatar/aurora/photos/88c3b243dc628925877388e2ad75174e.png","albumDesc":"时光机","albumName":"时光机","status":1}]', 'POST', '{"code":20000,"flag":true,"message":"操作成功"}', 1, '演示账号', '127.0.0.1', '内网IP|内网IP', '2024-04-30 18:36:16', NULL),
	(1786, '菜单模块', '新增或修改', '/admin/menus', 'com.aurora.controller.MenuController.saveOrUpdateMenu', '新增或修改菜单', '[{"component":"Layout","icon":"el-icon-mypinglun","id":221,"isHidden":0,"name":"说说管理","orderNum":1,"path":"/talk-submenu"}]', 'POST', '{"code":20000,"flag":true,"message":"操作成功"}', 1, '演示账号', '127.0.0.1', '内网IP|内网IP', '2024-05-01 12:19:16', NULL),
	(1787, '菜单模块', '新增或修改', '/admin/menus', 'com.aurora.controller.MenuController.saveOrUpdateMenu', '新增或修改菜单', '[{"component":"Layout","icon":"el-icon-mywenzhang-copy","id":2,"isHidden":0,"name":"文章管理","orderNum":1,"path":"/article-submenu"}]', 'POST', '{"code":20000,"flag":true,"message":"操作成功"}', 1, '演示账号', '127.0.0.1', '内网IP|内网IP', '2024-05-01 12:19:33', NULL),
	(1788, '菜单模块', '新增或修改', '/admin/menus', 'com.aurora.controller.MenuController.saveOrUpdateMenu', '新增或修改菜单', '[{"component":"/home/Home.vue","icon":"el-icon-myshouye","id":1,"isHidden":0,"name":"首页","orderNum":1,"path":"/"}]', 'POST', '{"code":20000,"flag":true,"message":"操作成功"}', 1, '演示账号', '127.0.0.1', '内网IP|内网IP', '2024-05-01 12:19:38', NULL),
	(1789, '菜单模块', '新增或修改', '/admin/menus', 'com.aurora.controller.MenuController.saveOrUpdateMenu', '新增或修改菜单', '[{"component":"Layout","icon":"el-icon-mywenzhang-copy","id":2,"isHidden":0,"name":"文章管理","orderNum":2,"path":"/article-submenu"}]', 'POST', '{"code":20000,"flag":true,"message":"操作成功"}', 1, '演示账号', '127.0.0.1', '内网IP|内网IP', '2024-05-01 12:19:45', NULL),
	(1790, '菜单模块', '新增或修改', '/admin/menus', 'com.aurora.controller.MenuController.saveOrUpdateMenu', '新增或修改菜单', '[{"component":"Layout","icon":"el-icon-mypinglun","id":221,"isHidden":0,"name":"说说管理","orderNum":3,"path":"/talk-submenu"}]', 'POST', '{"code":20000,"flag":true,"message":"操作成功"}', 1, '演示账号', '127.0.0.1', '内网IP|内网IP', '2024-05-01 12:19:49', NULL),
	(1791, '菜单模块', '新增或修改', '/admin/menus', 'com.aurora.controller.MenuController.saveOrUpdateMenu', '新增或修改菜单', '[{"component":"Layout","icon":"el-icon-myimage-fill","id":205,"isHidden":0,"name":"相册管理","orderNum":4,"path":"/album-submenu"}]', 'POST', '{"code":20000,"flag":true,"message":"操作成功"}', 1, '演示账号', '127.0.0.1', '内网IP|内网IP', '2024-05-01 12:19:57', NULL),
	(1792, '菜单模块', '新增或修改', '/admin/menus', 'com.aurora.controller.MenuController.saveOrUpdateMenu', '新增或修改菜单', '[{"component":"Layout","icon":"el-icon-myyonghuliebiao","id":202,"isHidden":0,"name":"用户管理","orderNum":6,"path":"/users-submenu"}]', 'POST', '{"code":20000,"flag":true,"message":"操作成功"}', 1, '演示账号', '127.0.0.1', '内网IP|内网IP', '2024-05-01 12:20:06', NULL),
	(1793, '菜单模块', '新增或修改', '/admin/menus', 'com.aurora.controller.MenuController.saveOrUpdateMenu', '新增或修改菜单', '[{"component":"Layout","icon":"el-icon-myxiaoxi","id":3,"isHidden":0,"name":"消息管理","orderNum":6,"path":"/message-submenu"}]', 'POST', '{"code":20000,"flag":true,"message":"操作成功"}', 1, '演示账号', '127.0.0.1', '内网IP|内网IP', '2024-05-01 12:20:12', NULL),
	(1794, '菜单模块', '新增或修改', '/admin/menus', 'com.aurora.controller.MenuController.saveOrUpdateMenu', '新增或修改菜单', '[{"component":"Layout","icon":"el-icon-mydaohanglantubiao_quanxianguanli","id":213,"isHidden":0,"name":"权限管理","orderNum":7,"path":"/permission-submenu"}]', 'POST', '{"code":20000,"flag":true,"message":"操作成功"}', 1, '演示账号', '127.0.0.1', '内网IP|内网IP', '2024-05-01 12:20:30', NULL),
	(1795, '文章模块', '新增或修改', '/admin/articles', 'com.aurora.controller.ArticleController.saveOrUpdateArticle', '保存和修改文章', '[{"articleAbstract":"","articleContent":"1","articleCover":"","articleTitle":"1","isFeatured":0,"isTop":0,"status":3,"tagNames":[],"type":1}]', 'POST', '{"code":20000,"flag":true,"message":"操作成功"}', 1, '演示账号', '127.0.0.1', '内网IP|内网IP', '2024-05-01 13:40:26', NULL),
	(1796, '文章模块', '新增或修改', '/admin/articles', 'com.aurora.controller.ArticleController.saveOrUpdateArticle', '保存和修改文章', '[{"articleAbstract":"","articleContent":"1","articleCover":"","articleTitle":"输入文章标题1","isTop":0,"status":3,"tagNames":[],"type":1}]', 'POST', '{"code":20000,"flag":true,"message":"操作成功"}', 1, '演示账号', '127.0.0.1', '内网IP|内网IP', '2024-05-01 13:40:32', NULL),
	(1797, '文章模块', '新增或修改', '/admin/articles', 'com.aurora.controller.ArticleController.saveOrUpdateArticle', '保存和修改文章', '[{"articleAbstract":"","articleContent":"1","articleCover":"","articleTitle":"1","isTop":0,"status":3,"tagNames":[],"type":1}]', 'POST', '{"code":20000,"flag":true,"message":"操作成功"}', 1, '演示账号', '127.0.0.1', '内网IP|内网IP', '2024-05-01 13:40:51', NULL),
	(1798, '文章模块', '新增或修改', '/admin/articles', 'com.aurora.controller.ArticleController.saveOrUpdateArticle', '保存和修改文章', '[{"articleAbstract":"","articleContent":"1","articleCover":"","articleTitle":"1","id":142,"isFeatured":0,"isTop":0,"status":3,"tagNames":[],"type":1}]', 'POST', '{"code":20000,"flag":true,"message":"操作成功"}', 1, '演示账号', '127.0.0.1', '内网IP|内网IP', '2024-05-01 13:44:26', NULL),
	(1799, '标签模块', '新增或修改', '/admin/tags', 'com.aurora.controller.TagController.saveOrUpdateTag', '添加或修改标签', '[{"tagName":"1"}]', 'POST', '{"code":20000,"flag":true,"message":"操作成功"}', 1, '演示账号', '127.0.0.1', '内网IP|内网IP', '2024-05-01 14:41:46', NULL),
	(1800, '用户信息模块', '修改', '/users/info', 'com.aurora.controller.UserInfoController.updateUserInfo', '更新用户信息', '[{"intro":"一个Coder","nickname":"CunfuPeng","website":"http://bingbingfuhao.cn"}]', 'PUT', '{"code":20000,"flag":true,"message":"操作成功"}', 1, '演示账号', '127.0.0.1', '内网IP|内网IP', '2024-05-06 08:36:46', NULL),
	(1801, '角色模块', '新增或修改', '/admin/role', 'com.aurora.controller.RoleController.saveOrUpdateRole', '保存或更新角色', '[{"id":1,"menuIds":[1,2,6,7,8,9,10,221,222,223,224,205,206,208,210,4,214,209,17,18,3,11,19,20,225,220,202,13,201,5,213,14,15,16],"roleName":"管理员"}]', 'POST', '{"code":20000,"flag":true,"message":"操作成功"}', 1, '演示账号', '127.0.0.1', '内网IP|内网IP', '2024-05-06 08:37:11', NULL),
	(1802, '角色模块', '新增或修改', '/admin/role', 'com.aurora.controller.RoleController.saveOrUpdateRole', '保存或更新角色', '[{"id":1,"menuIds":[1,2,6,7,8,9,10,221,222,223,224,205,206,208,210,4,214,209,17,18,3,11,19,20,225,220,202,13,201,5,213,14,15,16],"roleName":"管理员"}]', 'POST', '{"code":20000,"flag":true,"message":"操作成功"}', 1, '演示账号', '127.0.0.1', '内网IP|内网IP', '2024-05-06 08:37:13', NULL),
	(1803, '角色模块', '新增或修改', '/admin/role', 'com.aurora.controller.RoleController.saveOrUpdateRole', '保存或更新角色', '[{"id":2,"resourceIds":[1146,1167],"roleName":"普通用户"}]', 'POST', '{"code":20000,"flag":true,"message":"操作成功"}', 1, '演示账号', '127.0.0.1', '内网IP|内网IP', '2024-05-06 08:37:23', NULL),
	(1804, '角色模块', '新增或修改', '/admin/role', 'com.aurora.controller.RoleController.saveOrUpdateRole', '保存或更新角色', '[{"id":14,"resourceIds":[1070,1148,1081,1084,1101,1089,1092,1093,1097,1100,1108,1072,1080,1130,1133,1110,1143,1140,1141,1115,1118,1104,1126,1139,1128,1145,1085,1134,1122,1127,1187],"roleName":"测试人员"}]', 'POST', '{"code":20000,"flag":true,"message":"操作成功"}', 1, 'CunfuPeng', '127.0.0.1', '内网IP|内网IP', '2024-05-06 08:37:51', NULL),
	(1805, '角色模块', '新增或修改', '/admin/role', 'com.aurora.controller.RoleController.saveOrUpdateRole', '保存或更新角色', '[{"id":14,"resourceIds":[1070,1148,1081,1084,1101,1089,1092,1093,1097,1100,1108,1072,1080,1130,1133,1110,1143,1140,1141,1115,1118,1104,1126,1139,1128,1145,1085,1134,1122,1127,1187],"roleName":"测试人员"}]', 'POST', '{"code":20000,"flag":true,"message":"操作成功"}', 1, 'CunfuPeng', '127.0.0.1', '内网IP|内网IP', '2024-05-06 08:37:53', NULL),
	(1806, 'aurora信息', '修改', '/admin/website/config', 'com.aurora.controller.AuroraInfoController.updateWebsiteConfig', '更新网站配置', '[{"alipayQRCode":"https://static.linhaojun.top/config/da4c6d8c13f66a8dd6716ddb48d73299.jpg","author":"冰冰符号","authorAvatar":"http://150.158.199.226:9000/avatar/aurora/config/b494ebfc16128f9dfc50302b0c57818a.jpg","authorIntro":"一个疯狂的coder","beianNumber":"湘ICP备2022021827号","csdn":"https://github.com/linhaojun857","englishName":"BingBingSymbolBlog","favicon":"http://150.158.199.226:9000/avatar/aurora/config/b494ebfc16128f9dfc50302b0c57818a.jpg","gitee":"","github":"https://github.com/linhaojun857","isCommentReview":0,"isEmailNotice":1,"isReward":1,"juejin":"https://github.com/linhaojun857","logo":"http://150.158.199.226:9000/avatar/aurora/config/b494ebfc16128f9dfc50302b0c57818a.jpg","multiLanguage":1,"name":"冰冰符号","notice":"代码已经开源，如果你感觉还行就给一个star吧。。。","qq":"","qqLogin":0,"stackoverflow":"","touristAvatar":"https://static.linhaojun.top/config/2af2e2db20740e712f0a011a6f8c9af5.jpg","twitter":"","userAvatar":"https://static.linhaojun.top/config/0af1901da1e64dfb99bb61db21e716c4.jpeg","weChat":"","websiteCreateTime":"2024-04-01","websiteTitle":"冰冰符号的个人博客","weiXinQRCode":"https://static.linhaojun.top/config/ed47edae605f74306f751c6fba9f14bd.png","weibo":"","zhihu":"https://github.com/linhaojun857"}]', 'PUT', '{"code":20000,"flag":true,"message":"操作成功"}', 1, 'CunfuPeng', '127.0.0.1', '内网IP|内网IP', '2024-05-06 08:39:49', NULL),
	(1807, 'aurora信息', '修改', '/admin/website/config', 'com.aurora.controller.AuroraInfoController.updateWebsiteConfig', '更新网站配置', '[{"alipayQRCode":"https://static.linhaojun.top/config/da4c6d8c13f66a8dd6716ddb48d73299.jpg","author":"冰冰符号","authorAvatar":"http://150.158.199.226:9000/avatar/aurora/config/b494ebfc16128f9dfc50302b0c57818a.jpg","authorIntro":"一个疯狂的coder","beianNumber":"湘ICP备2022021827号","csdn":"https://blog.csdn.net/HuaQi666","englishName":"BingBingSymbolBlog","favicon":"http://150.158.199.226:9000/avatar/aurora/config/b494ebfc16128f9dfc50302b0c57818a.jpg","gitee":"https://gitee.com/huaqiwill","github":"https://github.com/huaqiwill","isCommentReview":0,"isEmailNotice":1,"isReward":1,"juejin":"","logo":"http://150.158.199.226:9000/avatar/aurora/config/b494ebfc16128f9dfc50302b0c57818a.jpg","multiLanguage":1,"name":"冰冰符号","notice":"代码已经开源，如果你感觉还行就给一个star吧。。。","qq":"3173484026","qqLogin":0,"stackoverflow":"","touristAvatar":"https://static.linhaojun.top/config/2af2e2db20740e712f0a011a6f8c9af5.jpg","twitter":"","userAvatar":"https://static.linhaojun.top/config/0af1901da1e64dfb99bb61db21e716c4.jpeg","weChat":"","websiteCreateTime":"2024-04-01","websiteTitle":"冰冰符号的个人博客","weiXinQRCode":"https://static.linhaojun.top/config/ed47edae605f74306f751c6fba9f14bd.png","weibo":"","zhihu":""}]', 'PUT', '{"code":20000,"flag":true,"message":"操作成功"}', 1, 'CunfuPeng', '127.0.0.1', '内网IP|内网IP', '2024-05-06 08:42:38', NULL),
	(1808, 'aurora信息', '上传', '/admin/config/images', 'com.aurora.controller.AuroraInfoController.savePhotoAlbumCover', '上传博客配置图片', 'file', 'POST', '{"code":20000,"data":"http://150.158.199.226:9000/avatar/aurora/config/b494ebfc16128f9dfc50302b0c57818a.jpg","flag":true,"message":"操作成功"}', 1, 'CunfuPeng', '127.0.0.1', '内网IP|内网IP', '2024-05-06 08:44:02', NULL),
	(1809, 'aurora信息', '上传', '/admin/config/images', 'com.aurora.controller.AuroraInfoController.savePhotoAlbumCover', '上传博客配置图片', 'file', 'POST', '{"code":20000,"data":"http://150.158.199.226:9000/avatar/aurora/config/b494ebfc16128f9dfc50302b0c57818a.jpg","flag":true,"message":"操作成功"}', 1, 'CunfuPeng', '127.0.0.1', '内网IP|内网IP', '2024-05-06 08:44:04', NULL),
	(1810, 'aurora信息', '上传', '/admin/config/images', 'com.aurora.controller.AuroraInfoController.savePhotoAlbumCover', '上传博客配置图片', 'file', 'POST', '{"code":20000,"data":"http://150.158.199.226:9000/avatar/aurora/config/b494ebfc16128f9dfc50302b0c57818a.jpg","flag":true,"message":"操作成功"}', 1, 'CunfuPeng', '127.0.0.1', '内网IP|内网IP', '2024-05-06 08:44:09', NULL),
	(1811, 'aurora信息', '上传', '/admin/config/images', 'com.aurora.controller.AuroraInfoController.savePhotoAlbumCover', '上传博客配置图片', 'file', 'POST', '{"code":20000,"data":"http://150.158.199.226:9000/avatar/aurora/config/b494ebfc16128f9dfc50302b0c57818a.jpg","flag":true,"message":"操作成功"}', 1, 'CunfuPeng', '127.0.0.1', '内网IP|内网IP', '2024-05-06 08:44:12', NULL),
	(1812, 'aurora信息', '修改', '/admin/website/config', 'com.aurora.controller.AuroraInfoController.updateWebsiteConfig', '更新网站配置', '[{"alipayQRCode":"http://150.158.199.226:9000/avatar/aurora/config/b494ebfc16128f9dfc50302b0c57818a.jpg","author":"冰冰符号","authorAvatar":"http://150.158.199.226:9000/avatar/aurora/config/b494ebfc16128f9dfc50302b0c57818a.jpg","authorIntro":"一个疯狂的coder","beianNumber":"湘ICP备2022021827号","csdn":"https://blog.csdn.net/HuaQi666","englishName":"BingBingSymbolBlog","favicon":"http://150.158.199.226:9000/avatar/aurora/config/b494ebfc16128f9dfc50302b0c57818a.jpg","gitee":"https://gitee.com/huaqiwill","github":"https://github.com/huaqiwill","isCommentReview":0,"isEmailNotice":1,"isReward":0,"juejin":"","logo":"http://150.158.199.226:9000/avatar/aurora/config/b494ebfc16128f9dfc50302b0c57818a.jpg","multiLanguage":1,"name":"冰冰符号","notice":"代码已经开源，如果你感觉还行就给一个star吧。。。","qq":"3173484026","qqLogin":0,"stackoverflow":"","touristAvatar":"http://150.158.199.226:9000/avatar/aurora/config/b494ebfc16128f9dfc50302b0c57818a.jpg","twitter":"","userAvatar":"http://150.158.199.226:9000/avatar/aurora/config/b494ebfc16128f9dfc50302b0c57818a.jpg","weChat":"","websiteCreateTime":"2024-04-01","websiteTitle":"冰冰符号的个人博客","weiXinQRCode":"http://150.158.199.226:9000/avatar/aurora/config/b494ebfc16128f9dfc50302b0c57818a.jpg","weibo":"","zhihu":""}]', 'PUT', '{"code":20000,"flag":true,"message":"操作成功"}', 1, 'CunfuPeng', '127.0.0.1', '内网IP|内网IP', '2024-05-06 08:44:20', NULL),
	(1813, '标签模块', '新增或修改', '/admin/tags', 'com.aurora.controller.TagController.saveOrUpdateTag', '添加或修改标签', '[{"id":41,"tagName":"SpringBoot"}]', 'POST', '{"code":20000,"flag":true,"message":"操作成功"}', 1, 'CunfuPeng', '127.0.0.1', '内网IP|内网IP', '2024-05-06 08:45:00', NULL),
	(1814, '标签模块', '新增或修改', '/admin/tags', 'com.aurora.controller.TagController.saveOrUpdateTag', '添加或修改标签', '[{"id":42,"tagName":"Vue"}]', 'POST', '{"code":20000,"flag":true,"message":"操作成功"}', 1, 'CunfuPeng', '127.0.0.1', '内网IP|内网IP', '2024-05-06 08:45:04', NULL),
	(1815, '标签模块', '新增或修改', '/admin/tags', 'com.aurora.controller.TagController.saveOrUpdateTag', '添加或修改标签', '[{"id":43,"tagName":"Linux"}]', 'POST', '{"code":20000,"flag":true,"message":"操作成功"}', 1, 'CunfuPeng', '127.0.0.1', '内网IP|内网IP', '2024-05-06 08:45:12', NULL),
	(1816, '标签模块', '新增或修改', '/admin/tags', 'com.aurora.controller.TagController.saveOrUpdateTag', '添加或修改标签', '[{"id":44,"tagName":"服务器"}]', 'POST', '{"code":20000,"flag":true,"message":"操作成功"}', 1, 'CunfuPeng', '127.0.0.1', '内网IP|内网IP', '2024-05-06 08:45:20', NULL),
	(1817, '标签模块', '新增或修改', '/admin/tags', 'com.aurora.controller.TagController.saveOrUpdateTag', '添加或修改标签', '[{"id":45,"tagName":"网站开发"}]', 'POST', '{"code":20000,"flag":true,"message":"操作成功"}', 1, 'CunfuPeng', '127.0.0.1', '内网IP|内网IP', '2024-05-06 08:45:27', NULL),
	(1818, '标签模块', '新增或修改', '/admin/tags', 'com.aurora.controller.TagController.saveOrUpdateTag', '添加或修改标签', '[{"id":46,"tagName":"Python"}]', 'POST', '{"code":20000,"flag":true,"message":"操作成功"}', 1, 'CunfuPeng', '127.0.0.1', '内网IP|内网IP', '2024-05-06 08:45:35', NULL),
	(1819, '标签模块', '新增或修改', '/admin/tags', 'com.aurora.controller.TagController.saveOrUpdateTag', '添加或修改标签', '[{"id":47,"tagName":"JavaScript"}]', 'POST', '{"code":20000,"flag":true,"message":"操作成功"}', 1, 'CunfuPeng', '127.0.0.1', '内网IP|内网IP', '2024-05-06 08:46:00', NULL),
	(1820, '分类模块', '新增或修改', '/admin/categories', 'com.aurora.controller.CategoryController.saveOrUpdateCategory', '添加或修改分类', '[{"categoryName":"网站开发","id":217}]', 'POST', '{"code":20000,"flag":true,"message":"操作成功"}', 1, 'CunfuPeng', '127.0.0.1', '内网IP|内网IP', '2024-05-06 08:46:18', NULL),
	(1821, '分类模块', '新增或修改', '/admin/categories', 'com.aurora.controller.CategoryController.saveOrUpdateCategory', '添加或修改分类', '[{"categoryName":"JavaScript","id":218}]', 'POST', '{"code":20000,"flag":true,"message":"操作成功"}', 1, 'CunfuPeng', '127.0.0.1', '内网IP|内网IP', '2024-05-06 08:46:29', NULL),
	(1822, '分类模块', '新增或修改', '/admin/categories', 'com.aurora.controller.CategoryController.saveOrUpdateCategory', '添加或修改分类', '[{"categoryName":"TypeScript"}]', 'POST', '{"code":20000,"flag":true,"message":"操作成功"}', 1, 'CunfuPeng', '127.0.0.1', '内网IP|内网IP', '2024-05-06 08:46:35', NULL),
	(1823, '文章模块', '上传', '/admin/articles/images', 'com.aurora.controller.ArticleController.saveArticleImages', '上传文章图片', 'file', 'POST', '{"code":20000,"data":"http://150.158.199.226:9000/avatar/aurora/articles/bb307cfffffe16167d5b1ce6f916aaa4.png","flag":true,"message":"操作成功"}', 1, 'CunfuPeng', '127.0.0.1', '内网IP|内网IP', '2024-05-06 09:28:49', NULL),
	(1824, '文章模块', '新增或修改', '/admin/articles', 'com.aurora.controller.ArticleController.saveOrUpdateArticle', '保存和修改文章', '[{"articleAbstract":"","articleContent":"Python网络爬虫\\n前言\\nPython网络爬虫需要学习哪些库？\\nPython网络爬虫需要学习多个库和工具，以便有效地获取、分析和处理网页内容。以下是一些常用的Python库和工具，可以用于网络爬虫开发：\\n\\nRequests：Requests库是用于发送HTTP请求的非常流行的Python库。它允许您轻松获取网页内容，发送GET和POST请求，以及处理响应。\\nBeautiful Soup：Beautiful Soup是一个HTML解析库，用于从HTML或XML文档中提取数据。它使数据抽取变得容易，特别是在处理网页内容时。\\nSelenium：Selenium是一个用于自动化浏览器操作的工具，可以模拟用户在浏览器中的操作，如点击、填写表单、滚动等。这对于处理动态生成的内容非常有用。\\nScrapy：Scrapy是一个强大的Web爬虫框架，它提供了高度可配置的爬虫引擎，可以用于快速构建和扩展网络爬虫项目。\\nLxml：Lxml是一个高性能的XML和HTML解析库，可以用于解析和处理网页内容。它比Beautiful Soup更快，适用于处理大型文档。\\nXPath和CSS选择器：XPath和CSS选择器是用于定位和提取HTML元素的标准语言。它们常与上述库一起使用，以选择和提取所需的数据。\\nRegular Expressions：正则表达式是一种强大的文本匹配和提取工具，用于处理文本数据和模式匹配。它可以在特定情况下用于处理网页内容。\\nSQLite和其他数据库库：如果您计划将爬取到的数据存储到数据库中，可以学习SQLite或其他数据库库，如MySQL、PostgreSQL等，以便数据存储和检索。\\nIP代理库：一些网络爬虫项目可能需要使用代理服务器来隐藏自己的IP地址，以防止被封锁。您可以使用库如requests-proxy、PySocks等来实现代理功能。\\n验证码识别库：如果您需要处理包括验证码在内的各种图像验证，可以学习和使用相应的验证码识别库，如Tesseract-OCR、pytesseract等。\\n文件操作库：Python的文件操作库，如os和shutil，用于文件的创建、读取、写入和管理。\\n数据处理和可视化库：库如Pandas、NumPy、Matplotlib和Seaborn可以用于数据处理、分析和可视化，以便更好地理解和展示爬取的数据。\\n正则表达式库：Python内置的re模块和第三方库，如regex，可以用于文本匹配和提取特定模式的数据。\\n机器学习库：如果您要进行自然语言处理、情感分析或其他高级数据分析任务，可以使用机器学习库，如Scikit-Learn、TensorFlow和Keras。\\n学习这些库和工具将使您能够开发强大和高效的网络爬虫，但请务必遵守法律和伦理规定，以及网站的使用政策，以确保您的网络爬虫活动合法和合规。","articleCover":"http://150.158.199.226:9000/avatar/aurora/articles/bb307cfffffe16167d5b1ce6f916aaa4.png","articleTitle":"Python网络爬虫","categoryName":"JavaScript","isFeatured":0,"isTop":0,"status":1,"tagNames":[],"type":1}]', 'POST', '{"code":20000,"flag":true,"message":"操作成功"}', 1, 'CunfuPeng', '127.0.0.1', '内网IP|内网IP', '2024-05-06 09:29:00', NULL),
	(1825, '文章模块', '上传', '/admin/articles/images', 'com.aurora.controller.ArticleController.saveArticleImages', '上传文章图片', 'file', 'POST', '{"code":20000,"data":"http://150.158.199.226:9000/avatar/aurora/articles/11dd99784ae6d03a8fa212326f859f90.jpg","flag":true,"message":"操作成功"}', 1, 'CunfuPeng', '127.0.0.1', '内网IP|内网IP', '2024-05-06 09:29:47', NULL),
	(1826, '文章模块', '新增或修改', '/admin/articles', 'com.aurora.controller.ArticleController.saveOrUpdateArticle', '保存和修改文章', '[{"articleAbstract":"","articleContent":"@[toc]\\n# 1.拉取 RabbitMQ 镜像：\\n\\n执行以下命令从 Docker Hub 上拉取 RabbitMQ 镜像：\\n\\n```bash\\ndocker pull rabbitmq:3-management\\n```\\n\\n这里使用了带有管理界面的 RabbitMQ 镜像，版本为 3。\\n# 2.运行 RabbitMQ 容器\\n\\n使用以下命令启动 RabbitMQ 容器：\\n\\n```bash\\ndocker run \\\\\\n--name rabbit \\\\\\n--restart=always \\\\\\n-p 15672:15672 \\\\\\n-p 5672:5672  \\\\\\n-d  rabbitmq:management   \\n```\\n启动RabbitMQ,默认`guest`用户，密码也是 `guest`。\\n\\n这将在后台运行 RabbitMQ 容器，并将容器的 5672 端口映射到主机的 5672 端口（用于 AMQP 协议），将容器的 15672 端口映射到主机的 15672 端口（用于管理界面）。\\n\\n# 3.访问 RabbitMQ 管理界面\\n\\n打开浏览器并访问 http://localhost:15672，然后使用默认的用户名和密码 guest/guest 登录到 RabbitMQ 的管理界面。\\n\\n# 4.配置 RabbitMQ（可选）：\\n\\n如果需要修改 RabbitMQ 的配置，可以在启动容器时通过环境变量来指定配置参数。例如，要修改默认的用户名和密码，可以使用以下命令启动容器：\\n\\n```bash\\ndocker run -d \\\\\\n--name rabbitmq \\\\\\n-p 5672:5672 \\\\\\n-p 15672:15672 \\\\\\n  -e RABBITMQ_DEFAULT_USER=myuser \\\\\\n  -e RABBITMQ_DEFAULT_PASS=mypassword \\\\\\n  rabbitmq:3-management\\n```\\n\\n这将使用自定义的用户名和密码启动 RabbitMQ。\\n\\n现在，你已经在 Docker 中成功安装并运行了 RabbitMQ，可以通过管理界面管理你的 RabbitMQ 服务器，并使用 AMQP 协议与其通信","articleCover":"http://150.158.199.226:9000/avatar/aurora/articles/11dd99784ae6d03a8fa212326f859f90.jpg","articleTitle":"使用Docker安装RabbitMQ","categoryName":"TypeScript","isFeatured":0,"isTop":0,"status":1,"tagNames":[],"type":1}]', 'POST', '{"code":20000,"flag":true,"message":"操作成功"}', 1, 'CunfuPeng', '127.0.0.1', '内网IP|内网IP', '2024-05-06 09:29:53', NULL),
	(1827, '文章模块', '上传', '/admin/articles/images', 'com.aurora.controller.ArticleController.saveArticleImages', '上传文章图片', 'file', 'POST', '{"code":20000,"data":"http://150.158.199.226:9000/avatar/aurora/articles/48f326e0b4246458c6f18ead713a209f.jpg","flag":true,"message":"操作成功"}', 1, 'CunfuPeng', '127.0.0.1', '内网IP|内网IP', '2024-05-06 09:30:40', NULL),
	(1828, '文章模块', '新增或修改', '/admin/articles', 'com.aurora.controller.ArticleController.saveOrUpdateArticle', '保存和修改文章', '[{"articleAbstract":"","articleContent":"# 使用Docker运行Vue项目\\n\\n要在 Docker 中运行 Vue 项目，你可以按照以下步骤进行操作：\\n\\n## 1.准备 Vue 项目\\n\\n首先，确保你的 Vue 项目已经准备就绪，包括 package.json、src 目录等。确保你已经在项目中运行过 npm install 或 yarn install 安装了项目依赖。\\n\\n## 2.编写 Dockerfile\\n\\n创建一个名为 Dockerfile 的文件，用于构建 Docker 镜像。以下是一个简单的示例：\\n\\n\\n```bash\\n# 使用 Node.js 作为基础镜像\\nFROM node:14-alpine\\n# 设置工作目录\\nWORKDIR /app\\n# 复制 package.json 和 package-lock.json 到工作目录\\nCOPY package*.json ./\\n# 安装项目依赖\\nRUN npm install\\n# 复制所有文件到工作目录\\nCOPY . .\\n# 构建生产环境下的 Vue 项目\\nRUN npm run build\\n# 暴露容器的 80 端口\\nEXPOSE 80\\n# 启动 Vue 项目\\nCMD [\\"npm\\", \\"run\\", \\"serve\\"]\\n```\\n\\n在这里，我们使用了 Node.js 14 的 Alpine 版本作为基础镜像，并在容器中安装了项目依赖并构建了生产环境下的 Vue 项目。\\n\\n## 构建 Docker 镜像\\n\\n在项目根目录下执行以下命令来构建 Docker 镜像：\\n\\n```bash\\ndocker build -t my-vue-app .\\n```\\n\\n这将根据 Dockerfile 构建一个名为 my-vue-app 的镜像。\\n\\n## 运行 Docker 容器\\n\\n使用以下命令来运行 Docker 容器：\\n\\n```bash\\ndocker run -d --name my-vue-container -p 8080:80 my-vue-app\\n```\\n\\n这将在后台运行一个名为 my-vue-container 的容器，并将容器的 80 端口映射到主机的 8080 端口（可以根据需要修改映射端口）。\\n\\n## 访问 Vue 项目\\n\\n可以通过访问 http://localhost:8080 来查看运行在 Docker 中的 Vue 项目。\\n\\n通过这些步骤，你就可以使用 Docker 来运行 Vue 项目了。需要注意的是，上述示例中使用了简化的 Dockerfile，实际项目中可能需要根据需求进行更复杂的配置。","articleCover":"http://150.158.199.226:9000/avatar/aurora/articles/48f326e0b4246458c6f18ead713a209f.jpg","articleTitle":"使用Docker运行Vue项目","categoryName":"TypeScript","isFeatured":0,"isTop":0,"status":1,"tagNames":[],"type":1}]', 'POST', '{"code":20000,"flag":true,"message":"操作成功"}', 1, 'CunfuPeng', '127.0.0.1', '内网IP|内网IP', '2024-05-06 09:30:48', NULL),
	(1829, '友链模块', '新增或修改', '/admin/links', 'com.aurora.controller.FriendLinkController.saveOrUpdateFriendLink', '保存或修改友链', '[{"linkAddress":"http://bingbingfuhao.cn","linkAvatar":"http://150.158.199.226:9000/avatar/aurora/config/b494ebfc16128f9dfc50302b0c57818a.jpg","linkIntro":"冰冰符号","linkName":"冰冰符号"}]', 'POST', '{"code":20000,"flag":true,"message":"操作成功"}', 1, 'CunfuPeng', '127.0.0.1', '内网IP|内网IP', '2024-05-06 09:32:28', NULL),
	(1830, '用户信息模块', '修改', '/admin/users/role', 'com.aurora.controller.UserInfoController.updateUserRole', '修改用户角色', '[{"nickname":"用户1787283700459405314","roleIds":[2,1],"userInfoId":1024}]', 'PUT', '{"code":20000,"flag":true,"message":"操作成功"}', 1, 'CunfuPeng', '127.0.0.1', '内网IP|内网IP', '2024-05-06 09:34:03', NULL),
	(1831, '用户信息模块', '修改', '/admin/users/role', 'com.aurora.controller.UserInfoController.updateUserRole', '修改用户角色', '[{"nickname":"用户1787284073563717633","roleIds":[2,1],"userInfoId":1025}]', 'PUT', '{"code":20000,"flag":true,"message":"操作成功"}', 1, 'CunfuPeng', '127.0.0.1', '内网IP|内网IP', '2024-05-06 09:34:07', NULL),
	(1832, '用户信息模块', '修改', '/admin/users/role', 'com.aurora.controller.UserInfoController.updateUserRole', '修改用户角色', '[{"nickname":"用户1787284432281567234","roleIds":[2,1],"userInfoId":1026}]', 'PUT', '{"code":20000,"flag":true,"message":"操作成功"}', 1, 'CunfuPeng', '127.0.0.1', '内网IP|内网IP', '2024-05-06 09:34:10', NULL),
	(1833, '用户信息模块', '修改', '/admin/users/role', 'com.aurora.controller.UserInfoController.updateUserRole', '修改用户角色', '[{"nickname":"用户1787288378278576129","roleIds":[2,1],"userInfoId":1027}]', 'PUT', '{"code":20000,"flag":true,"message":"操作成功"}', 1, 'CunfuPeng', '127.0.0.1', '内网IP|内网IP', '2024-05-06 09:34:13', NULL),
	(1834, '照片模块', '上传', '/admin/photos/upload', 'com.blog.controller.PhotoController.savePhotoAlbumCover', '上传照片', 'file', 'POST', '{"code":20000,"data":"http://150.158.199.226:9000/avatar/aurora/photos/8fe21aab88a5ba6c0e830ab2786e6b17.jpg","flag":true,"message":"操作成功"}', 1, 'CunfuPeng', '127.0.0.1', '内网IP|内网IP', '2024-05-06 21:12:53', NULL),
	(1835, '照片模块', '上传', '/admin/photos/upload', 'com.blog.controller.PhotoController.savePhotoAlbumCover', '上传照片', 'file', 'POST', '{"code":20000,"data":"http://150.158.199.226:9000/avatar/aurora/photos/48f326e0b4246458c6f18ead713a209f.jpg","flag":true,"message":"操作成功"}', 1, 'CunfuPeng', '127.0.0.1', '内网IP|内网IP', '2024-05-06 21:12:53', NULL),
	(1836, '照片模块', '上传', '/admin/photos/upload', 'com.blog.controller.PhotoController.savePhotoAlbumCover', '上传照片', 'file', 'POST', '{"code":20000,"data":"http://150.158.199.226:9000/avatar/aurora/photos/b0f00753326528c8409d2c6b47df8e97.jpg","flag":true,"message":"操作成功"}', 1, 'CunfuPeng', '127.0.0.1', '内网IP|内网IP', '2024-05-06 21:12:53', NULL),
	(1837, '照片模块', '上传', '/admin/photos/upload', 'com.blog.controller.PhotoController.savePhotoAlbumCover', '上传照片', 'file', 'POST', '{"code":20000,"data":"http://150.158.199.226:9000/avatar/aurora/photos/7625ce9218267a3607cc32c28d03169b.jpg","flag":true,"message":"操作成功"}', 1, 'CunfuPeng', '127.0.0.1', '内网IP|内网IP', '2024-05-06 21:12:53', NULL),
	(1838, '照片模块', '上传', '/admin/photos/upload', 'com.blog.controller.PhotoController.savePhotoAlbumCover', '上传照片', 'file', 'POST', '{"code":20000,"data":"http://150.158.199.226:9000/avatar/aurora/photos/a235ff221b7d714409a69e80b63744cc.jpg","flag":true,"message":"操作成功"}', 1, 'CunfuPeng', '127.0.0.1', '内网IP|内网IP', '2024-05-06 21:12:54', NULL),
	(1839, '照片模块', '上传', '/admin/photos/upload', 'com.blog.controller.PhotoController.savePhotoAlbumCover', '上传照片', 'file', 'POST', '{"code":20000,"data":"http://150.158.199.226:9000/avatar/aurora/photos/7a59b6752c12cfcf1e5f2739ca978096.jpg","flag":true,"message":"操作成功"}', 1, 'CunfuPeng', '127.0.0.1', '内网IP|内网IP', '2024-05-06 21:12:54', NULL),
	(1840, '照片模块', '上传', '/admin/photos/upload', 'com.blog.controller.PhotoController.savePhotoAlbumCover', '上传照片', 'file', 'POST', '{"code":20000,"data":"http://150.158.199.226:9000/avatar/aurora/photos/1adce1441c027741e8a2335a8704c851.png","flag":true,"message":"操作成功"}', 1, 'CunfuPeng', '127.0.0.1', '内网IP|内网IP', '2024-05-06 21:12:54', NULL),
	(1841, '照片模块', '上传', '/admin/photos/upload', 'com.blog.controller.PhotoController.savePhotoAlbumCover', '上传照片', 'file', 'POST', '{"code":20000,"data":"http://150.158.199.226:9000/avatar/aurora/photos/6efad6e715b6ec91054e2f4639db5684.png","flag":true,"message":"操作成功"}', 1, 'CunfuPeng', '127.0.0.1', '内网IP|内网IP', '2024-05-06 21:12:54', NULL),
	(1842, '照片模块', '上传', '/admin/photos/upload', 'com.blog.controller.PhotoController.savePhotoAlbumCover', '上传照片', 'file', 'POST', '{"code":20000,"data":"http://150.158.199.226:9000/avatar/aurora/photos/a750e978055d5f07a50deafbf7a14eea.png","flag":true,"message":"操作成功"}', 1, 'CunfuPeng', '127.0.0.1', '内网IP|内网IP', '2024-05-06 21:12:54', NULL),
	(1843, '照片模块', '上传', '/admin/photos/upload', 'com.blog.controller.PhotoController.savePhotoAlbumCover', '上传照片', 'file', 'POST', '{"code":20000,"data":"http://150.158.199.226:9000/avatar/aurora/photos/1f99eecc2390d7f5e6c92f7b57099497.jpg","flag":true,"message":"操作成功"}', 1, 'CunfuPeng', '127.0.0.1', '内网IP|内网IP', '2024-05-06 21:12:55', NULL),
	(1844, '照片模块', '上传', '/admin/photos/upload', 'com.blog.controller.PhotoController.savePhotoAlbumCover', '上传照片', 'file', 'POST', '{"code":20000,"data":"http://150.158.199.226:9000/avatar/aurora/photos/c30d91d02093eb70009ae5024937fc0e.jpg","flag":true,"message":"操作成功"}', 1, 'CunfuPeng', '127.0.0.1', '内网IP|内网IP', '2024-05-06 21:12:55', NULL),
	(1845, '照片模块', '上传', '/admin/photos/upload', 'com.blog.controller.PhotoController.savePhotoAlbumCover', '上传照片', 'file', 'POST', '{"code":20000,"data":"http://150.158.199.226:9000/avatar/aurora/photos/640eebffec0abf58eff776e8bf3c3be8.jpg","flag":true,"message":"操作成功"}', 1, 'CunfuPeng', '127.0.0.1', '内网IP|内网IP', '2024-05-06 21:12:57', NULL),
	(1846, '照片模块', '新增', '/admin/photos', 'com.blog.controller.PhotoController.savePhotos', '保存照片', '[{"albumId":16,"photoUrls":["http://150.158.199.226:9000/avatar/aurora/photos/48f326e0b4246458c6f18ead713a209f.jpg","http://150.158.199.226:9000/avatar/aurora/photos/8fe21aab88a5ba6c0e830ab2786e6b17.jpg","http://150.158.199.226:9000/avatar/aurora/photos/b0f00753326528c8409d2c6b47df8e97.jpg","http://150.158.199.226:9000/avatar/aurora/photos/1f99eecc2390d7f5e6c92f7b57099497.jpg","http://150.158.199.226:9000/avatar/aurora/photos/7625ce9218267a3607cc32c28d03169b.jpg","http://150.158.199.226:9000/avatar/aurora/photos/a235ff221b7d714409a69e80b63744cc.jpg","http://150.158.199.226:9000/avatar/aurora/photos/7a59b6752c12cfcf1e5f2739ca978096.jpg","http://150.158.199.226:9000/avatar/aurora/photos/1adce1441c027741e8a2335a8704c851.png","http://150.158.199.226:9000/avatar/aurora/photos/6efad6e715b6ec91054e2f4639db5684.png","http://150.158.199.226:9000/avatar/aurora/photos/a750e978055d5f07a50deafbf7a14eea.png","http://150.158.199.226:9000/avatar/aurora/photos/c30d91d02093eb70009ae5024937fc0e.jpg","http://150.158.199.226:9000/avatar/aurora/photos/640eebffec0abf58eff776e8bf3c3be8.jpg"]}]', 'POST', '{"code":20000,"flag":true,"message":"操作成功"}', 1, 'CunfuPeng', '127.0.0.1', '内网IP|内网IP', '2024-05-06 21:12:58', NULL),
	(1847, '说说模块', '上传', '/admin/talks/images', 'com.blog.controller.TalkController.saveTalkImages', '上传说说图片', 'file', 'POST', '{"code":20000,"data":"http://150.158.199.226:9000/avatar/aurora/talks/640eebffec0abf58eff776e8bf3c3be8.jpg","flag":true,"message":"操作成功"}', 1, 'CunfuPeng', '127.0.0.1', '内网IP|内网IP', '2024-05-06 21:13:49', NULL),
	(1848, '说说模块', '新增或修改', '/admin/talks', 'com.blog.controller.TalkController.saveOrUpdateTalk', '保存或修改说说', '[{"content":"发布说说","images":"[\\"http://150.158.199.226:9000/avatar/aurora/talks/640eebffec0abf58eff776e8bf3c3be8.jpg\\"]","isTop":0,"status":1}]', 'POST', '{"code":20000,"flag":true,"message":"操作成功"}', 1, 'CunfuPeng', '127.0.0.1', '内网IP|内网IP', '2024-05-06 21:14:03', NULL);

-- 导出  表 peng-blog.t_photo 结构
CREATE TABLE IF NOT EXISTS `t_photo` (
  `id` int NOT NULL AUTO_INCREMENT COMMENT '主键',
  `album_id` int NOT NULL COMMENT '相册id',
  `photo_name` varchar(20) CHARACTER SET utf8mb4 COLLATE utf8mb4_0900_ai_ci NOT NULL COMMENT '照片名',
  `photo_desc` varchar(50) CHARACTER SET utf8mb4 COLLATE utf8mb4_0900_ai_ci DEFAULT NULL COMMENT '照片描述',
  `photo_src` varchar(255) CHARACTER SET utf8mb4 COLLATE utf8mb4_0900_ai_ci NOT NULL COMMENT '照片地址',
  `is_delete` tinyint(1) NOT NULL DEFAULT '0' COMMENT '是否删除',
  `create_time` datetime NOT NULL COMMENT '创建时间',
  `update_time` datetime DEFAULT NULL COMMENT '更新时间',
  PRIMARY KEY (`id`) USING BTREE
) ENGINE=InnoDB AUTO_INCREMENT=114 DEFAULT CHARSET=utf8mb4 COLLATE=utf8mb4_0900_ai_ci ROW_FORMAT=DYNAMIC COMMENT='照片';

-- 正在导出表  peng-blog.t_photo 的数据：~34 rows (大约)
DELETE FROM `t_photo`;
INSERT INTO `t_photo` (`id`, `album_id`, `photo_name`, `photo_desc`, `photo_src`, `is_delete`, `create_time`, `update_time`) VALUES
	(68, 10, '1785237405762760706', NULL, 'http://150.158.199.226:9000/avatar/aurora/photos/8fe21aab88a5ba6c0e830ab2786e6b17.jpg', 0, '2024-04-30 17:19:00', NULL),
	(69, 10, '1785237405762760707', NULL, 'http://150.158.199.226:9000/avatar/aurora/photos/48f326e0b4246458c6f18ead713a209f.jpg', 0, '2024-04-30 17:19:00', NULL),
	(70, 10, '1785237405762760708', NULL, 'http://150.158.199.226:9000/avatar/aurora/photos/8ffbdf491f518b6cae517ce51e0ddf69.jpg', 0, '2024-04-30 17:19:00', NULL),
	(71, 10, '1785237405762760709', NULL, 'http://150.158.199.226:9000/avatar/aurora/photos/a235ff221b7d714409a69e80b63744cc.jpg', 0, '2024-04-30 17:19:00', NULL),
	(72, 10, '1785237405762760710', NULL, 'http://150.158.199.226:9000/avatar/aurora/photos/7a59b6752c12cfcf1e5f2739ca978096.jpg', 0, '2024-04-30 17:19:00', NULL),
	(73, 10, '1785237405762760711', NULL, 'http://150.158.199.226:9000/avatar/aurora/photos/ac16e8851e3432c3c208e114811c2d22.jpg', 0, '2024-04-30 17:19:00', NULL),
	(74, 10, '1785237405762760712', NULL, 'http://150.158.199.226:9000/avatar/aurora/photos/1adce1441c027741e8a2335a8704c851.png', 0, '2024-04-30 17:19:00', NULL),
	(75, 10, '1785237405762760713', NULL, 'http://150.158.199.226:9000/avatar/aurora/photos/a750e978055d5f07a50deafbf7a14eea.png', 0, '2024-04-30 17:19:00', NULL),
	(76, 10, '1785237405762760714', NULL, 'http://150.158.199.226:9000/avatar/aurora/photos/b0f00753326528c8409d2c6b47df8e97.jpg', 0, '2024-04-30 17:19:00', NULL),
	(77, 10, '1785237405762760715', NULL, 'http://150.158.199.226:9000/avatar/aurora/photos/6efad6e715b6ec91054e2f4639db5684.png', 0, '2024-04-30 17:19:00', NULL),
	(78, 10, '1785237405762760716', NULL, 'http://150.158.199.226:9000/avatar/aurora/photos/7625ce9218267a3607cc32c28d03169b.jpg', 0, '2024-04-30 17:19:00', NULL),
	(79, 10, '1785237405762760717', NULL, 'http://150.158.199.226:9000/avatar/aurora/photos/1f99eecc2390d7f5e6c92f7b57099497.jpg', 0, '2024-04-30 17:19:00', NULL),
	(80, 10, '1785237405762760718', NULL, 'http://150.158.199.226:9000/avatar/aurora/photos/c30d91d02093eb70009ae5024937fc0e.jpg', 0, '2024-04-30 17:19:00', NULL),
	(81, 10, '1785237405762760719', NULL, 'http://150.158.199.226:9000/avatar/aurora/photos/640eebffec0abf58eff776e8bf3c3be8.jpg', 0, '2024-04-30 17:19:00', NULL),
	(82, 10, '1785237405762760720', NULL, 'http://150.158.199.226:9000/avatar/aurora/photos/86bd616bf9cc63162c4c39105c1e9332.png', 0, '2024-04-30 17:19:00', NULL),
	(83, 10, '1785237405762760721', NULL, 'http://150.158.199.226:9000/avatar/aurora/photos/03f6665cd7ad422dd1797054610b5619.png', 0, '2024-04-30 17:19:00', NULL),
	(84, 10, '1785237405762760722', NULL, 'http://150.158.199.226:9000/avatar/aurora/photos/4aae0c758b71f0f8622231b5a8337ca3.jpg', 0, '2024-04-30 17:19:00', NULL),
	(85, 11, '1785237586499514370', NULL, 'http://150.158.199.226:9000/avatar/aurora/photos/8ffbdf491f518b6cae517ce51e0ddf69.jpg', 0, '2024-04-30 17:19:43', NULL),
	(86, 11, '1785237586499514371', NULL, 'http://150.158.199.226:9000/avatar/aurora/photos/06904f2c62c8a792a2252574170c2d2a.jpg', 0, '2024-04-30 17:19:43', NULL),
	(87, 11, '1785237586499514372', NULL, 'http://150.158.199.226:9000/avatar/aurora/photos/b74bda56b9ccafa8b7e1fd64e2e898d1.jpg', 0, '2024-04-30 17:19:43', NULL),
	(88, 11, '1785237586499514373', NULL, 'http://150.158.199.226:9000/avatar/aurora/photos/5539a76464e500baf72c9831cd495562.jpg', 0, '2024-04-30 17:19:43', NULL),
	(89, 11, '1785237586499514374', NULL, 'http://150.158.199.226:9000/avatar/aurora/photos/904e34e346e1efb1865971211628b5aa.jpg', 0, '2024-04-30 17:19:43', NULL),
	(90, 11, '1785237586499514375', NULL, 'http://150.158.199.226:9000/avatar/aurora/photos/ac16e8851e3432c3c208e114811c2d22.jpg', 0, '2024-04-30 17:19:43', NULL),
	(91, 11, '1785237586499514376', NULL, 'http://150.158.199.226:9000/avatar/aurora/photos/88c3b243dc628925877388e2ad75174e.png', 0, '2024-04-30 17:19:43', NULL),
	(92, 11, '1785237586499514377', NULL, 'http://150.158.199.226:9000/avatar/aurora/photos/bb307cfffffe16167d5b1ce6f916aaa4.png', 0, '2024-04-30 17:19:43', NULL),
	(93, 11, '1785237586499514378', NULL, 'http://150.158.199.226:9000/avatar/aurora/photos/30630bd9aff9a5b311993b5a7d314d9a.jpg', 0, '2024-04-30 17:19:43', NULL),
	(94, 11, '1785237586499514379', NULL, 'http://150.158.199.226:9000/avatar/aurora/photos/4ef38b4ea39ad2d677cd4a05143ccb13.jpg', 0, '2024-04-30 17:19:43', NULL),
	(95, 11, '1785237586499514380', NULL, 'http://150.158.199.226:9000/avatar/aurora/photos/f3e5496f84a765bf8f2a216f6bc7769a.png', 0, '2024-04-30 17:19:43', NULL),
	(96, 11, '1785237586499514381', NULL, 'http://150.158.199.226:9000/avatar/aurora/photos/25a8ce4187ca09c9de636e634f0640bc.png', 0, '2024-04-30 17:19:43', NULL),
	(97, 11, '1785237586499514382', NULL, 'http://150.158.199.226:9000/avatar/aurora/photos/03f6665cd7ad422dd1797054610b5619.png', 0, '2024-04-30 17:19:43', NULL),
	(98, 11, '1785237586499514383', NULL, 'http://150.158.199.226:9000/avatar/aurora/photos/76505bb8b7090b2d42fa6d225c4733cc.png', 0, '2024-04-30 17:19:43', NULL),
	(99, 11, '1785237586499514384', NULL, 'http://150.158.199.226:9000/avatar/aurora/photos/86bd616bf9cc63162c4c39105c1e9332.png', 0, '2024-04-30 17:19:43', NULL),
	(100, 11, '1785237586499514385', NULL, 'http://150.158.199.226:9000/avatar/aurora/photos/4aae0c758b71f0f8622231b5a8337ca3.jpg', 0, '2024-04-30 17:19:43', NULL),
	(101, 11, '1785237586499514386', NULL, 'http://150.158.199.226:9000/avatar/aurora/photos/70fc13b1106c237ad73e5320b9a02c21.png', 0, '2024-04-30 17:19:43', NULL),
	(102, 16, '1787470609706049538', NULL, 'http://150.158.199.226:9000/avatar/aurora/photos/48f326e0b4246458c6f18ead713a209f.jpg', 0, '2024-05-06 21:12:58', NULL),
	(103, 16, '1787470609706049539', NULL, 'http://150.158.199.226:9000/avatar/aurora/photos/8fe21aab88a5ba6c0e830ab2786e6b17.jpg', 0, '2024-05-06 21:12:58', NULL),
	(104, 16, '1787470609706049540', NULL, 'http://150.158.199.226:9000/avatar/aurora/photos/b0f00753326528c8409d2c6b47df8e97.jpg', 0, '2024-05-06 21:12:58', NULL),
	(105, 16, '1787470609706049541', NULL, 'http://150.158.199.226:9000/avatar/aurora/photos/1f99eecc2390d7f5e6c92f7b57099497.jpg', 0, '2024-05-06 21:12:58', NULL),
	(106, 16, '1787470609706049542', NULL, 'http://150.158.199.226:9000/avatar/aurora/photos/7625ce9218267a3607cc32c28d03169b.jpg', 0, '2024-05-06 21:12:58', NULL),
	(107, 16, '1787470609706049543', NULL, 'http://150.158.199.226:9000/avatar/aurora/photos/a235ff221b7d714409a69e80b63744cc.jpg', 0, '2024-05-06 21:12:58', NULL),
	(108, 16, '1787470609706049544', NULL, 'http://150.158.199.226:9000/avatar/aurora/photos/7a59b6752c12cfcf1e5f2739ca978096.jpg', 0, '2024-05-06 21:12:58', NULL),
	(109, 16, '1787470609706049545', NULL, 'http://150.158.199.226:9000/avatar/aurora/photos/1adce1441c027741e8a2335a8704c851.png', 0, '2024-05-06 21:12:58', NULL),
	(110, 16, '1787470609706049546', NULL, 'http://150.158.199.226:9000/avatar/aurora/photos/6efad6e715b6ec91054e2f4639db5684.png', 0, '2024-05-06 21:12:58', NULL),
	(111, 16, '1787470609706049547', NULL, 'http://150.158.199.226:9000/avatar/aurora/photos/a750e978055d5f07a50deafbf7a14eea.png', 0, '2024-05-06 21:12:58', NULL),
	(112, 16, '1787470609706049548', NULL, 'http://150.158.199.226:9000/avatar/aurora/photos/c30d91d02093eb70009ae5024937fc0e.jpg', 0, '2024-05-06 21:12:58', NULL),
	(113, 16, '1787470609706049549', NULL, 'http://150.158.199.226:9000/avatar/aurora/photos/640eebffec0abf58eff776e8bf3c3be8.jpg', 0, '2024-05-06 21:12:58', NULL);

-- 导出  表 peng-blog.t_photo_album 结构
CREATE TABLE IF NOT EXISTS `t_photo_album` (
  `id` int NOT NULL AUTO_INCREMENT COMMENT '主键',
  `album_name` varchar(20) CHARACTER SET utf8mb4 COLLATE utf8mb4_0900_ai_ci NOT NULL COMMENT '相册名',
  `album_desc` varchar(50) CHARACTER SET utf8mb4 COLLATE utf8mb4_0900_ai_ci NOT NULL COMMENT '相册描述',
  `album_cover` varchar(255) CHARACTER SET utf8mb4 COLLATE utf8mb4_0900_ai_ci NOT NULL COMMENT '相册封面',
  `is_delete` tinyint(1) NOT NULL DEFAULT '0' COMMENT '是否删除',
  `status` tinyint(1) NOT NULL DEFAULT '1' COMMENT '状态值 1公开 2私密',
  `create_time` datetime NOT NULL COMMENT '创建时间',
  `update_time` datetime DEFAULT NULL COMMENT '更新时间',
  PRIMARY KEY (`id`) USING BTREE
) ENGINE=InnoDB AUTO_INCREMENT=17 DEFAULT CHARSET=utf8mb4 COLLATE=utf8mb4_0900_ai_ci ROW_FORMAT=DYNAMIC COMMENT='相册';

-- 正在导出表  peng-blog.t_photo_album 的数据：~7 rows (大约)
DELETE FROM `t_photo_album`;
INSERT INTO `t_photo_album` (`id`, `album_name`, `album_desc`, `album_cover`, `is_delete`, `status`, `create_time`, `update_time`) VALUES
	(10, '时间枷锁', '时间像一把杀猪刀，正在杀猪...', 'http://150.158.199.226:9000/avatar/aurora/photos/03f6665cd7ad422dd1797054610b5619.png', 0, 1, '2024-04-30 17:18:43', '2024-04-30 18:34:34'),
	(11, '未来的欢乐时光', '描述了我从小时候到长大的历程', 'http://150.158.199.226:9000/avatar/aurora/photos/4aae0c758b71f0f8622231b5a8337ca3.jpg', 0, 1, '2024-04-30 17:19:26', '2024-04-30 18:34:00'),
	(12, '一予以', '一予以', 'http://150.158.199.226:9000/avatar/aurora/photos/1f99eecc2390d7f5e6c92f7b57099497.jpg', 0, 1, '2024-04-30 18:35:15', NULL),
	(13, '王者相逢', '王者相逢', 'http://150.158.199.226:9000/avatar/aurora/photos/86bd616bf9cc63162c4c39105c1e9332.png', 0, 1, '2024-04-30 18:35:28', NULL),
	(14, '时光嚷嚷', '时光嚷嚷', 'http://150.158.199.226:9000/avatar/aurora/photos/30630bd9aff9a5b311993b5a7d314d9a.jpg', 0, 1, '2024-04-30 18:35:39', NULL),
	(15, '漂亮美女', '漂亮美女', 'http://150.158.199.226:9000/avatar/aurora/photos/b0f00753326528c8409d2c6b47df8e97.jpg', 0, 1, '2024-04-30 18:35:59', NULL),
	(16, '时光机', '时光机', 'http://150.158.199.226:9000/avatar/aurora/photos/88c3b243dc628925877388e2ad75174e.png', 0, 1, '2024-04-30 18:36:16', NULL);

-- 导出  表 peng-blog.t_resource 结构
CREATE TABLE IF NOT EXISTS `t_resource` (
  `id` int NOT NULL AUTO_INCREMENT COMMENT '主键',
  `resource_name` varchar(50) CHARACTER SET utf8mb4 COLLATE utf8mb4_0900_ai_ci NOT NULL COMMENT '资源名',
  `url` varchar(255) CHARACTER SET utf8mb4 COLLATE utf8mb4_0900_ai_ci DEFAULT NULL COMMENT '权限路径',
  `request_method` varchar(10) CHARACTER SET utf8mb4 COLLATE utf8mb4_0900_ai_ci DEFAULT NULL COMMENT '请求方式',
  `parent_id` int DEFAULT NULL COMMENT '父模块id',
  `is_anonymous` tinyint(1) NOT NULL DEFAULT '0' COMMENT '是否匿名访问 0否 1是',
  `create_time` datetime NOT NULL COMMENT '创建时间',
  `update_time` datetime DEFAULT NULL COMMENT '修改时间',
  PRIMARY KEY (`id`) USING BTREE
) ENGINE=InnoDB AUTO_INCREMENT=1189 DEFAULT CHARSET=utf8mb4 COLLATE=utf8mb4_0900_ai_ci ROW_FORMAT=DYNAMIC COMMENT='资源';

-- 正在导出表  peng-blog.t_resource 的数据：~139 rows (大约)
DELETE FROM `t_resource`;
INSERT INTO `t_resource` (`id`, `resource_name`, `url`, `request_method`, `parent_id`, `is_anonymous`, `create_time`, `update_time`) VALUES
	(1050, 'aurora信息', NULL, NULL, NULL, 0, '2022-08-19 22:26:21', NULL),
	(1051, '分类模块', NULL, NULL, NULL, 0, '2022-08-19 22:26:21', NULL),
	(1052, '友链模块', NULL, NULL, NULL, 0, '2022-08-19 22:26:21', NULL),
	(1053, '定时任务日志模块', NULL, NULL, NULL, 0, '2022-08-19 22:26:21', NULL),
	(1054, '定时任务模块', NULL, NULL, NULL, 0, '2022-08-19 22:26:21', NULL),
	(1055, '异常处理模块', NULL, NULL, NULL, 0, '2022-08-19 22:26:21', NULL),
	(1056, '操作日志模块', NULL, NULL, NULL, 0, '2022-08-19 22:26:21', NULL),
	(1057, '文章模块', NULL, NULL, NULL, 0, '2022-08-19 22:26:21', NULL),
	(1058, '标签模块', NULL, NULL, NULL, 0, '2022-08-19 22:26:21', NULL),
	(1059, '照片模块', NULL, NULL, NULL, 0, '2022-08-19 22:26:21', NULL),
	(1060, '用户信息模块', NULL, NULL, NULL, 0, '2022-08-19 22:26:21', NULL),
	(1061, '用户账号模块', NULL, NULL, NULL, 0, '2022-08-19 22:26:21', NULL),
	(1062, '相册模块', NULL, NULL, NULL, 0, '2022-08-19 22:26:21', NULL),
	(1063, '菜单模块', NULL, NULL, NULL, 0, '2022-08-19 22:26:21', NULL),
	(1064, '角色模块', NULL, NULL, NULL, 0, '2022-08-19 22:26:21', NULL),
	(1065, '评论模块', NULL, NULL, NULL, 0, '2022-08-19 22:26:21', NULL),
	(1066, '说说模块', NULL, NULL, NULL, 0, '2022-08-19 22:26:21', NULL),
	(1067, '资源模块', NULL, NULL, NULL, 0, '2022-08-19 22:26:21', NULL),
	(1068, '获取系统信息', '/', 'GET', 1050, 1, '2022-08-19 22:26:22', '2022-08-19 22:26:55'),
	(1069, '查看关于我信息', '/about', 'GET', 1050, 1, '2022-08-19 22:26:22', '2022-08-19 22:26:57'),
	(1070, '获取系统后台信息', '/admin', 'GET', 1050, 0, '2022-08-19 22:26:22', NULL),
	(1071, '修改关于我信息', '/admin/about', 'PUT', 1050, 0, '2022-08-19 22:26:22', NULL),
	(1072, '获取后台文章', '/admin/articles', 'GET', 1057, 0, '2022-08-19 22:26:22', NULL),
	(1073, '保存和修改文章', '/admin/articles', 'POST', 1057, 0, '2022-08-19 22:26:22', NULL),
	(1074, '删除或者恢复文章', '/admin/articles', 'PUT', 1057, 0, '2022-08-19 22:26:22', NULL),
	(1075, '物理删除文章', '/admin/articles/delete', 'DELETE', 1057, 0, '2022-08-19 22:26:22', NULL),
	(1076, '导出文章', '/admin/articles/export', 'POST', 1057, 0, '2022-08-19 22:26:22', NULL),
	(1077, '上传文章图片', '/admin/articles/images', 'POST', 1057, 0, '2022-08-19 22:26:22', NULL),
	(1078, '导入文章', '/admin/articles/import', 'POST', 1057, 0, '2022-08-19 22:26:22', NULL),
	(1079, '修改文章是否置顶和推荐', '/admin/articles/topAndFeatured', 'PUT', 1057, 0, '2022-08-19 22:26:22', NULL),
	(1080, '根据id查看后台文章', '/admin/articles/*', 'GET', 1057, 0, '2022-08-19 22:26:22', NULL),
	(1081, '查看后台分类列表', '/admin/categories', 'GET', 1051, 0, '2022-08-19 22:26:22', NULL),
	(1082, '添加或修改分类', '/admin/categories', 'POST', 1051, 0, '2022-08-19 22:26:22', NULL),
	(1083, '删除分类', '/admin/categories', 'DELETE', 1051, 0, '2022-08-19 22:26:22', NULL),
	(1084, '搜索文章分类', '/admin/categories/search', 'GET', 1051, 0, '2022-08-19 22:26:22', NULL),
	(1085, '查询后台评论', '/admin/comments', 'GET', 1065, 0, '2022-08-19 22:26:22', NULL),
	(1086, '删除评论', '/admin/comments', 'DELETE', 1065, 0, '2022-08-19 22:26:22', NULL),
	(1087, '审核评论', '/admin/comments/review', 'PUT', 1065, 0, '2022-08-19 22:26:22', NULL),
	(1088, '上传博客配置图片', '/admin/config/images', 'POST', 1050, 0, '2022-08-19 22:26:22', NULL),
	(1089, '获取定时任务的日志列表', '/admin/jobLogs', 'GET', 1053, 0, '2022-08-19 22:26:22', NULL),
	(1090, '删除定时任务的日志', '/admin/jobLogs', 'DELETE', 1053, 0, '2022-08-19 22:26:22', NULL),
	(1091, '清除定时任务的日志', '/admin/jobLogs/clean', 'DELETE', 1053, 0, '2022-08-19 22:26:22', NULL),
	(1092, '获取定时任务日志的所有组名', '/admin/jobLogs/jobGroups', 'GET', 1053, 0, '2022-08-19 22:26:22', NULL),
	(1093, '获取任务列表', '/admin/jobs', 'GET', 1054, 0, '2022-08-19 22:26:22', NULL),
	(1094, '添加定时任务', '/admin/jobs', 'POST', 1054, 0, '2022-08-19 22:26:22', NULL),
	(1095, '修改定时任务', '/admin/jobs', 'PUT', 1054, 0, '2022-08-19 22:26:22', NULL),
	(1096, '删除定时任务', '/admin/jobs', 'DELETE', 1054, 0, '2022-08-19 22:26:22', NULL),
	(1097, '获取所有job分组', '/admin/jobs/jobGroups', 'GET', 1054, 0, '2022-08-19 22:26:22', NULL),
	(1098, '执行某个任务', '/admin/jobs/run', 'PUT', 1054, 0, '2022-08-19 22:26:22', NULL),
	(1099, '更改任务的状态', '/admin/jobs/status', 'PUT', 1054, 0, '2022-08-19 22:26:22', NULL),
	(1100, '根据id获取任务', '/admin/jobs/*', 'GET', 1054, 0, '2022-08-19 22:26:22', NULL),
	(1101, '查看后台友链列表', '/admin/links', 'GET', 1052, 0, '2022-08-19 22:26:22', NULL),
	(1102, '保存或修改友链', '/admin/links', 'POST', 1052, 0, '2022-08-19 22:26:22', NULL),
	(1103, '删除友链', '/admin/links', 'DELETE', 1052, 0, '2022-08-19 22:26:22', NULL),
	(1104, '查看菜单列表', '/admin/menus', 'GET', 1063, 0, '2022-08-19 22:26:22', NULL),
	(1105, '新增或修改菜单', '/admin/menus', 'POST', 1063, 0, '2022-08-19 22:26:22', NULL),
	(1106, '修改目录是否隐藏', '/admin/menus/isHidden', 'PUT', 1063, 0, '2022-08-19 22:26:22', NULL),
	(1107, '删除菜单', '/admin/menus/*', 'DELETE', 1063, 0, '2022-08-19 22:26:22', NULL),
	(1108, '查看操作日志', '/admin/operation/logs', 'GET', 1056, 0, '2022-08-19 22:26:22', NULL),
	(1109, '删除操作日志', '/admin/operation/logs', 'DELETE', 1056, 0, '2022-08-19 22:26:22', NULL),
	(1110, '根据相册id获取照片列表', '/admin/photos', 'GET', 1059, 0, '2022-08-19 22:26:22', NULL),
	(1111, '保存照片', '/admin/photos', 'POST', 1059, 0, '2022-08-19 22:26:22', NULL),
	(1112, '更新照片信息', '/admin/photos', 'PUT', 1059, 0, '2022-08-19 22:26:22', NULL),
	(1113, '删除照片', '/admin/photos', 'DELETE', 1059, 0, '2022-08-19 22:26:22', NULL),
	(1114, '移动照片相册', '/admin/photos/album', 'PUT', 1059, 0, '2022-08-19 22:26:22', NULL),
	(1115, '查看后台相册列表', '/admin/photos/albums', 'GET', 1062, 0, '2022-08-19 22:26:22', NULL),
	(1116, '保存或更新相册', '/admin/photos/albums', 'POST', 1062, 0, '2022-08-19 22:26:22', NULL),
	(1117, '上传相册封面', '/admin/photos/albums/cover', 'POST', 1062, 0, '2022-08-19 22:26:22', NULL),
	(1118, '获取后台相册列表信息', '/admin/photos/albums/info', 'GET', 1062, 0, '2022-08-19 22:26:22', NULL),
	(1119, '根据id删除相册', '/admin/photos/albums/*', 'DELETE', 1062, 0, '2022-08-19 22:26:22', NULL),
	(1120, '根据id获取后台相册信息', '/admin/photos/albums/*/info', 'GET', 1062, 0, '2022-08-19 22:26:22', NULL),
	(1121, '更新照片删除状态', '/admin/photos/delete', 'PUT', 1059, 0, '2022-08-19 22:26:22', NULL),
	(1122, '查看资源列表', '/admin/resources', 'GET', 1067, 0, '2022-08-19 22:26:22', NULL),
	(1123, '新增或修改资源', '/admin/resources', 'POST', 1067, 0, '2022-08-19 22:26:22', NULL),
	(1124, '删除资源', '/admin/resources/*', 'DELETE', 1067, 0, '2022-08-19 22:26:22', NULL),
	(1125, '保存或更新角色', '/admin/role', 'POST', 1064, 0, '2022-08-19 22:26:22', NULL),
	(1126, '查看角色菜单选项', '/admin/role/menus', 'GET', 1063, 0, '2022-08-19 22:26:22', NULL),
	(1127, '查看角色资源选项', '/admin/role/resources', 'GET', 1067, 0, '2022-08-19 22:26:22', NULL),
	(1128, '查询角色列表', '/admin/roles', 'GET', 1064, 0, '2022-08-19 22:26:22', NULL),
	(1129, '删除角色', '/admin/roles', 'DELETE', 1064, 0, '2022-08-19 22:26:22', NULL),
	(1130, '查询后台标签列表', '/admin/tags', 'GET', 1058, 0, '2022-08-19 22:26:22', NULL),
	(1131, '添加或修改标签', '/admin/tags', 'POST', 1058, 0, '2022-08-19 22:26:22', NULL),
	(1132, '删除标签', '/admin/tags', 'DELETE', 1058, 0, '2022-08-19 22:26:22', NULL),
	(1133, '搜索文章标签', '/admin/tags/search', 'GET', 1058, 0, '2022-08-19 22:26:22', NULL),
	(1134, '查看后台说说', '/admin/talks', 'GET', 1066, 0, '2022-08-19 22:26:22', NULL),
	(1135, '保存或修改说说', '/admin/talks', 'POST', 1066, 0, '2022-08-19 22:26:22', NULL),
	(1136, '删除说说', '/admin/talks', 'DELETE', 1066, 0, '2022-08-19 22:26:22', NULL),
	(1137, '上传说说图片', '/admin/talks/images', 'POST', 1066, 0, '2022-08-19 22:26:22', NULL),
	(1138, '根据id查看后台说说', '/admin/talks/*', 'GET', 1066, 1, '2022-08-19 22:26:22', '2022-08-19 22:33:52'),
	(1139, '查看当前用户菜单', '/admin/user/menus', 'GET', 1063, 0, '2022-08-19 22:26:22', NULL),
	(1140, '查询后台用户列表', '/admin/users', 'GET', 1061, 0, '2022-08-19 22:26:22', NULL),
	(1141, '获取用户区域分布', '/admin/users/area', 'GET', 1061, 0, '2022-08-19 22:26:22', NULL),
	(1142, '修改用户禁用状态', '/admin/users/disable', 'PUT', 1060, 0, '2022-08-19 22:26:22', NULL),
	(1143, '查看在线用户', '/admin/users/online', 'GET', 1060, 0, '2022-08-19 22:26:22', NULL),
	(1144, '修改管理员密码', '/admin/users/password', 'PUT', 1061, 0, '2022-08-19 22:26:22', NULL),
	(1145, '查询用户角色选项', '/admin/users/role', 'GET', 1064, 0, '2022-08-19 22:26:22', NULL),
	(1146, '修改用户角色', '/admin/users/role', 'PUT', 1060, 0, '2022-08-19 22:26:22', NULL),
	(1147, '下线用户', '/admin/users/*/online', 'DELETE', 1060, 0, '2022-08-19 22:26:22', NULL),
	(1148, '获取网站配置', '/admin/website/config', 'GET', 1050, 0, '2022-08-19 22:26:22', NULL),
	(1149, '更新网站配置', '/admin/website/config', 'PUT', 1050, 0, '2022-08-19 22:26:22', NULL),
	(1150, '根据相册id查看照片列表', '/albums/*/photos', 'GET', 1059, 1, '2022-08-19 22:26:22', '2022-08-19 22:27:54'),
	(1151, '获取所有文章归档', '/archives/all', 'GET', 1057, 1, '2022-08-19 22:26:22', '2022-08-19 22:27:35'),
	(1152, '获取所有文章', '/articles/all', 'GET', 1057, 1, '2022-08-19 22:26:22', '2022-08-19 22:27:37'),
	(1153, '根据分类id获取文章', '/articles/categoryId', 'GET', 1057, 1, '2022-08-19 22:26:22', '2022-08-19 22:27:38'),
	(1154, '搜索文章', '/articles/search', 'GET', 1057, 1, '2022-08-19 22:26:22', '2022-08-19 22:27:40'),
	(1155, '根据标签id获取文章', '/articles/tagId', 'GET', 1057, 1, '2022-08-19 22:26:22', '2022-08-19 22:27:40'),
	(1156, '获取置顶和推荐文章', '/articles/topAndFeatured', 'GET', 1057, 1, '2022-08-19 22:26:22', '2022-08-19 22:27:41'),
	(1157, '根据id获取文章', '/articles/*', 'GET', 1057, 1, '2022-08-19 22:26:22', '2022-08-19 22:27:42'),
	(1158, '/处理BizException', '/bizException', 'GET', 1055, 0, '2022-08-19 22:26:22', NULL),
	(1159, '/处理BizException', '/bizException', 'HEAD', 1055, 0, '2022-08-19 22:26:22', NULL),
	(1160, '/处理BizException', '/bizException', 'POST', 1055, 0, '2022-08-19 22:26:22', NULL),
	(1161, '/处理BizException', '/bizException', 'PUT', 1055, 0, '2022-08-19 22:26:22', NULL),
	(1162, '/处理BizException', '/bizException', 'DELETE', 1055, 0, '2022-08-19 22:26:22', NULL),
	(1163, '/处理BizException', '/bizException', 'OPTIONS', 1055, 0, '2022-08-19 22:26:22', NULL),
	(1164, '/处理BizException', '/bizException', 'PATCH', 1055, 0, '2022-08-19 22:26:22', NULL),
	(1165, '获取所有分类', '/categories/all', 'GET', 1051, 1, '2022-08-19 22:26:22', '2022-08-19 22:27:05'),
	(1166, '获取评论', '/comments', 'GET', 1065, 1, '2022-08-19 22:26:22', '2022-08-19 22:33:50'),
	(1167, '添加评论', '/comments/save', 'POST', 1065, 0, '2022-08-19 22:26:22', '2022-08-19 22:33:47'),
	(1168, '获取前七个评论', '/comments/topSeven', 'GET', 1065, 1, '2022-08-19 22:26:22', '2022-08-19 22:33:44'),
	(1169, '查看友链列表', '/links', 'GET', 1052, 1, '2022-08-19 22:26:22', '2022-08-19 22:27:13'),
	(1170, '获取相册列表', '/photos/albums', 'GET', 1062, 1, '2022-08-19 22:26:22', '2022-08-19 22:28:25'),
	(1171, 'report', '/report', 'POST', 1050, 1, '2022-08-19 22:26:22', '2022-08-19 22:27:00'),
	(1172, '获取所有标签', '/tags/all', 'GET', 1058, 1, '2022-08-19 22:26:22', '2022-08-19 22:31:23'),
	(1173, '获取前十个标签', '/tags/topTen', 'GET', 1058, 1, '2022-08-19 22:26:22', '2022-08-19 22:31:27'),
	(1174, '查看说说列表', '/talks', 'GET', 1066, 1, '2022-08-19 22:26:22', '2022-08-19 22:28:38'),
	(1175, '根据id查看说说', '/talks/*', 'GET', 1066, 1, '2022-08-19 22:26:22', '2022-08-19 22:28:38'),
	(1176, '更新用户头像', '/users/avatar', 'POST', 1060, 1, '2022-08-19 22:26:22', '2022-08-19 22:28:05'),
	(1177, '发送邮箱验证码', '/users/code', 'GET', 1061, 1, '2022-08-19 22:26:22', '2022-08-19 22:28:15'),
	(1178, '绑定用户邮箱', '/users/email', 'PUT', 1060, 1, '2022-08-19 22:26:22', '2022-08-19 22:28:06'),
	(1179, '更新用户信息', '/users/info', 'PUT', 1060, 1, '2022-08-19 22:26:22', '2022-08-19 22:28:07'),
	(1180, '根据id获取用户信息', '/users/info/*', 'GET', 1060, 1, '2022-08-19 22:26:22', '2022-08-19 22:28:07'),
	(1181, '用户登出', '/users/logout', 'POST', 1061, 1, '2022-08-19 22:26:22', '2022-08-19 22:28:15'),
	(1182, 'qq登录', '/users/oauth/qq', 'POST', 1061, 1, '2022-08-19 22:26:22', '2022-08-19 22:28:16'),
	(1183, '修改密码', '/users/password', 'PUT', 1061, 1, '2022-08-19 22:26:22', '2022-08-19 22:28:18'),
	(1184, '用户注册', '/users/register', 'POST', 1061, 1, '2022-08-19 22:26:22', '2022-08-19 22:28:17'),
	(1185, '修改用户的订阅状态', '/users/subscribe', 'PUT', 1060, 1, '2022-08-19 22:26:22', '2022-08-19 22:28:08'),
	(1186, '异常日志模块', NULL, NULL, NULL, 0, '2022-08-25 15:13:40', NULL),
	(1187, '获取异常日志', '/admin/exception/logs', 'GET', 1186, 0, '2022-08-25 15:14:27', NULL),
	(1188, '删除异常日志', '/admin/exception/logs', 'DELETE', 1186, 0, '2022-08-25 15:14:59', NULL);

-- 导出  表 peng-blog.t_role 结构
CREATE TABLE IF NOT EXISTS `t_role` (
  `id` int NOT NULL AUTO_INCREMENT COMMENT '主键id',
  `role_name` varchar(20) CHARACTER SET utf8mb4 COLLATE utf8mb4_0900_ai_ci NOT NULL COMMENT '角色名',
  `is_disable` tinyint(1) NOT NULL DEFAULT '0' COMMENT '是否禁用  0否 1是',
  `create_time` datetime NOT NULL COMMENT '创建时间',
  `update_time` datetime DEFAULT NULL COMMENT '更新时间',
  PRIMARY KEY (`id`) USING BTREE
) ENGINE=InnoDB AUTO_INCREMENT=15 DEFAULT CHARSET=utf8mb4 COLLATE=utf8mb4_0900_ai_ci ROW_FORMAT=DYNAMIC COMMENT='角色';

-- 正在导出表  peng-blog.t_role 的数据：~3 rows (大约)
DELETE FROM `t_role`;
INSERT INTO `t_role` (`id`, `role_name`, `is_disable`, `create_time`, `update_time`) VALUES
	(1, '管理员', 0, '2022-07-20 13:25:19', '2024-05-06 08:37:11'),
	(2, '普通用户', 0, '2022-07-20 13:25:40', '2024-05-06 08:37:23'),
	(14, '测试人员', 0, '2022-08-19 21:48:14', '2024-05-06 08:37:52');

-- 导出  表 peng-blog.t_role_menu 结构
CREATE TABLE IF NOT EXISTS `t_role_menu` (
  `id` int NOT NULL AUTO_INCREMENT COMMENT '主键',
  `role_id` int DEFAULT NULL COMMENT '角色id',
  `menu_id` int DEFAULT NULL COMMENT '菜单id',
  PRIMARY KEY (`id`) USING BTREE
) ENGINE=InnoDB AUTO_INCREMENT=2954 DEFAULT CHARSET=utf8mb4 COLLATE=utf8mb4_0900_ai_ci ROW_FORMAT=DYNAMIC COMMENT='角色菜单';

-- 正在导出表  peng-blog.t_role_menu 的数据：~68 rows (大约)
DELETE FROM `t_role_menu`;
INSERT INTO `t_role_menu` (`id`, `role_id`, `menu_id`) VALUES
	(2852, 14, 1),
	(2853, 14, 2),
	(2854, 14, 6),
	(2855, 14, 7),
	(2856, 14, 8),
	(2857, 14, 9),
	(2858, 14, 10),
	(2859, 14, 3),
	(2860, 14, 11),
	(2861, 14, 221),
	(2862, 14, 222),
	(2863, 14, 223),
	(2864, 14, 224),
	(2865, 14, 202),
	(2866, 14, 13),
	(2867, 14, 201),
	(2868, 14, 213),
	(2869, 14, 14),
	(2870, 14, 15),
	(2871, 14, 16),
	(2872, 14, 4),
	(2873, 14, 214),
	(2874, 14, 209),
	(2875, 14, 17),
	(2876, 14, 18),
	(2877, 14, 205),
	(2878, 14, 206),
	(2879, 14, 208),
	(2880, 14, 210),
	(2881, 14, 19),
	(2882, 14, 20),
	(2883, 14, 225),
	(2884, 14, 220),
	(2885, 14, 5),
	(2920, 1, 1),
	(2921, 1, 2),
	(2922, 1, 6),
	(2923, 1, 7),
	(2924, 1, 8),
	(2925, 1, 9),
	(2926, 1, 10),
	(2927, 1, 221),
	(2928, 1, 222),
	(2929, 1, 223),
	(2930, 1, 224),
	(2931, 1, 205),
	(2932, 1, 206),
	(2933, 1, 208),
	(2934, 1, 210),
	(2935, 1, 4),
	(2936, 1, 214),
	(2937, 1, 209),
	(2938, 1, 17),
	(2939, 1, 18),
	(2940, 1, 3),
	(2941, 1, 11),
	(2942, 1, 19),
	(2943, 1, 20),
	(2944, 1, 225),
	(2945, 1, 220),
	(2946, 1, 202),
	(2947, 1, 13),
	(2948, 1, 201),
	(2949, 1, 5),
	(2950, 1, 213),
	(2951, 1, 14),
	(2952, 1, 15),
	(2953, 1, 16);

-- 导出  表 peng-blog.t_role_resource 结构
CREATE TABLE IF NOT EXISTS `t_role_resource` (
  `id` int NOT NULL AUTO_INCREMENT,
  `role_id` int DEFAULT NULL COMMENT '角色id',
  `resource_id` int DEFAULT NULL COMMENT '权限id',
  PRIMARY KEY (`id`) USING BTREE
) ENGINE=InnoDB AUTO_INCREMENT=5611 DEFAULT CHARSET=utf8mb4 COLLATE=utf8mb4_0900_ai_ci ROW_FORMAT=DYNAMIC COMMENT='角色资源';

-- 正在导出表  peng-blog.t_role_resource 的数据：~141 rows (大约)
DELETE FROM `t_role_resource`;
INSERT INTO `t_role_resource` (`id`, `role_id`, `resource_id`) VALUES
	(5408, 1, 1050),
	(5409, 1, 1070),
	(5410, 1, 1071),
	(5411, 1, 1088),
	(5412, 1, 1148),
	(5413, 1, 1149),
	(5414, 1, 1051),
	(5415, 1, 1081),
	(5416, 1, 1082),
	(5417, 1, 1083),
	(5418, 1, 1084),
	(5419, 1, 1052),
	(5420, 1, 1101),
	(5421, 1, 1102),
	(5422, 1, 1103),
	(5423, 1, 1053),
	(5424, 1, 1089),
	(5425, 1, 1090),
	(5426, 1, 1091),
	(5427, 1, 1092),
	(5428, 1, 1054),
	(5429, 1, 1093),
	(5430, 1, 1094),
	(5431, 1, 1095),
	(5432, 1, 1096),
	(5433, 1, 1097),
	(5434, 1, 1098),
	(5435, 1, 1099),
	(5436, 1, 1100),
	(5437, 1, 1055),
	(5438, 1, 1158),
	(5439, 1, 1159),
	(5440, 1, 1160),
	(5441, 1, 1161),
	(5442, 1, 1162),
	(5443, 1, 1163),
	(5444, 1, 1164),
	(5445, 1, 1056),
	(5446, 1, 1108),
	(5447, 1, 1109),
	(5448, 1, 1057),
	(5449, 1, 1072),
	(5450, 1, 1073),
	(5451, 1, 1074),
	(5452, 1, 1075),
	(5453, 1, 1076),
	(5454, 1, 1077),
	(5455, 1, 1078),
	(5456, 1, 1079),
	(5457, 1, 1080),
	(5458, 1, 1058),
	(5459, 1, 1130),
	(5460, 1, 1131),
	(5461, 1, 1132),
	(5462, 1, 1133),
	(5463, 1, 1059),
	(5464, 1, 1110),
	(5465, 1, 1111),
	(5466, 1, 1112),
	(5467, 1, 1113),
	(5468, 1, 1114),
	(5469, 1, 1121),
	(5470, 1, 1060),
	(5471, 1, 1142),
	(5472, 1, 1143),
	(5473, 1, 1146),
	(5474, 1, 1147),
	(5475, 1, 1061),
	(5476, 1, 1140),
	(5477, 1, 1141),
	(5478, 1, 1144),
	(5479, 1, 1062),
	(5480, 1, 1115),
	(5481, 1, 1116),
	(5482, 1, 1117),
	(5483, 1, 1118),
	(5484, 1, 1119),
	(5485, 1, 1120),
	(5486, 1, 1063),
	(5487, 1, 1104),
	(5488, 1, 1105),
	(5489, 1, 1106),
	(5490, 1, 1107),
	(5491, 1, 1126),
	(5492, 1, 1139),
	(5493, 1, 1064),
	(5494, 1, 1125),
	(5495, 1, 1128),
	(5496, 1, 1129),
	(5497, 1, 1145),
	(5498, 1, 1065),
	(5499, 1, 1085),
	(5500, 1, 1086),
	(5501, 1, 1087),
	(5502, 1, 1167),
	(5503, 1, 1066),
	(5504, 1, 1134),
	(5505, 1, 1135),
	(5506, 1, 1136),
	(5507, 1, 1137),
	(5508, 1, 1067),
	(5509, 1, 1122),
	(5510, 1, 1123),
	(5511, 1, 1124),
	(5512, 1, 1127),
	(5513, 1, 1186),
	(5514, 1, 1187),
	(5515, 1, 1188),
	(5547, 2, 1146),
	(5548, 2, 1167),
	(5580, 14, 1070),
	(5581, 14, 1148),
	(5582, 14, 1081),
	(5583, 14, 1084),
	(5584, 14, 1101),
	(5585, 14, 1089),
	(5586, 14, 1092),
	(5587, 14, 1093),
	(5588, 14, 1097),
	(5589, 14, 1100),
	(5590, 14, 1108),
	(5591, 14, 1072),
	(5592, 14, 1080),
	(5593, 14, 1130),
	(5594, 14, 1133),
	(5595, 14, 1110),
	(5596, 14, 1143),
	(5597, 14, 1140),
	(5598, 14, 1141),
	(5599, 14, 1115),
	(5600, 14, 1118),
	(5601, 14, 1104),
	(5602, 14, 1126),
	(5603, 14, 1139),
	(5604, 14, 1128),
	(5605, 14, 1145),
	(5606, 14, 1085),
	(5607, 14, 1134),
	(5608, 14, 1122),
	(5609, 14, 1127),
	(5610, 14, 1187);

-- 导出  表 peng-blog.t_tag 结构
CREATE TABLE IF NOT EXISTS `t_tag` (
  `id` int NOT NULL AUTO_INCREMENT,
  `tag_name` varchar(20) CHARACTER SET utf8mb4 COLLATE utf8mb4_0900_ai_ci NOT NULL COMMENT '标签名',
  `create_time` datetime NOT NULL COMMENT '创建时间',
  `update_time` datetime DEFAULT NULL COMMENT '更新时间',
  PRIMARY KEY (`id`) USING BTREE
) ENGINE=InnoDB AUTO_INCREMENT=48 DEFAULT CHARSET=utf8mb4 COLLATE=utf8mb4_0900_ai_ci ROW_FORMAT=DYNAMIC COMMENT='标签';

-- 正在导出表  peng-blog.t_tag 的数据：~7 rows (大约)
DELETE FROM `t_tag`;
INSERT INTO `t_tag` (`id`, `tag_name`, `create_time`, `update_time`) VALUES
	(41, 'SpringBoot', '2024-04-30 14:04:47', '2024-05-06 08:45:00'),
	(42, 'Vue', '2024-04-30 18:12:30', '2024-05-06 08:45:04'),
	(43, 'Linux', '2024-04-30 18:12:34', '2024-05-06 08:45:12'),
	(44, '服务器', '2024-04-30 18:12:44', '2024-05-06 08:45:20'),
	(45, '网站开发', '2024-04-30 18:12:48', '2024-05-06 08:45:27'),
	(46, 'Python', '2024-04-30 18:12:52', '2024-05-06 08:45:34'),
	(47, 'JavaScript', '2024-05-01 14:41:46', '2024-05-06 08:46:00');

-- 导出  表 peng-blog.t_talk 结构
CREATE TABLE IF NOT EXISTS `t_talk` (
  `id` int NOT NULL AUTO_INCREMENT COMMENT '说说id',
  `user_id` int NOT NULL COMMENT '用户id',
  `content` varchar(2000) CHARACTER SET utf8mb4 COLLATE utf8mb4_0900_ai_ci NOT NULL COMMENT '说说内容',
  `images` varchar(2500) CHARACTER SET utf8mb4 COLLATE utf8mb4_0900_ai_ci DEFAULT NULL COMMENT '图片',
  `is_top` tinyint(1) NOT NULL DEFAULT '0' COMMENT '是否置顶',
  `status` tinyint(1) NOT NULL DEFAULT '1' COMMENT '状态 1.公开 2.私密',
  `create_time` datetime NOT NULL COMMENT '创建时间',
  `update_time` datetime DEFAULT NULL COMMENT '更新时间',
  PRIMARY KEY (`id`) USING BTREE
) ENGINE=InnoDB AUTO_INCREMENT=73 DEFAULT CHARSET=utf8mb4 COLLATE=utf8mb4_0900_ai_ci ROW_FORMAT=DYNAMIC COMMENT='说说';

-- 正在导出表  peng-blog.t_talk 的数据：~4 rows (大约)
DELETE FROM `t_talk`;
INSERT INTO `t_talk` (`id`, `user_id`, `content`, `images`, `is_top`, `status`, `create_time`, `update_time`) VALUES
	(68, 1, '文章曾是一位备受瞩目的青年演员，曾经演出过多部经典作品，并且和马伊琍的姐弟恋婚姻也一直是人们津津乐道的话题。本应该成为事业和爱情双丰收的赢家，然而由于一次错误的选择，他被演艺圈封杀了，婚姻也在几年的残喘后结束了。他离开娱乐圈后，走向了两个极端。', '["http://150.158.199.226:9000/avatar/aurora/talks/1f99eecc2390d7f5e6c92f7b57099497.jpg"]', 0, 1, '2024-04-30 17:16:54', NULL),
	(69, 1, '近日，有网友上传了一段文章的近期视频，文章的状态变化之大，引发网友热议。视频中，文章一身黑色西装坐在台上，已经久未露面的他看起来，身材消瘦， 面色暗淡，脸上多了不少皱纹，面部表情看起来有点尴尬，目光呆滞无光，早已经没有当年的意气风发。', '["http://150.158.199.226:9000/avatar/aurora/talks/bb307cfffffe16167d5b1ce6f916aaa4.png"]', 0, 1, '2024-04-30 17:17:14', NULL),
	(70, 1, '最引人注意的是，文章满头白发，看起来十分苍老。值得注意的是，文章才38岁，正值青壮之年，怎么可能会有这么多白发呢？但是，有网友表示可能是染的，因为他在话剧中扮演的角色需要这种形象。当天，他的西装也是老式的款式，不合身，这也是为了更好地融入角色。', '["http://150.158.199.226:9000/avatar/aurora/talks/48f326e0b4246458c6f18ead713a209f.jpg"]', 0, 1, '2024-04-30 17:17:45', NULL),
	(71, 1, '最引人注目的还是文章 满头的白发，看起来十分苍老，要知道文章才仅仅38岁，正值青壮之年， 怎么也不至于白发。不过，有网友直言大概是染的，可能是话剧里的角色需要，正如当天，文章的西装也是老款式，十分不合身，也是衬托角色。', '["http://150.158.199.226:9000/avatar/aurora/talks/4aae0c758b71f0f8622231b5a8337ca3.jpg"]', 0, 1, '2024-04-30 17:18:05', NULL),
	(72, 1, '发布说说', '["http://150.158.199.226:9000/avatar/aurora/talks/640eebffec0abf58eff776e8bf3c3be8.jpg"]', 0, 1, '2024-05-06 21:14:03', NULL);

-- 导出  表 peng-blog.t_unique_view 结构
CREATE TABLE IF NOT EXISTS `t_unique_view` (
  `id` int NOT NULL AUTO_INCREMENT,
  `views_count` int NOT NULL COMMENT '访问量',
  `create_time` datetime NOT NULL COMMENT '创建时间',
  `update_time` datetime DEFAULT NULL COMMENT '更新时间',
  PRIMARY KEY (`id`) USING BTREE
) ENGINE=InnoDB AUTO_INCREMENT=1549 DEFAULT CHARSET=utf8mb4 COLLATE=utf8mb4_0900_ai_ci ROW_FORMAT=DYNAMIC COMMENT='访问量表';

-- 正在导出表  peng-blog.t_unique_view 的数据：~9 rows (大约)
DELETE FROM `t_unique_view`;
INSERT INTO `t_unique_view` (`id`, `views_count`, `create_time`, `update_time`) VALUES
	(1539, 0, '2024-04-30 00:00:00', NULL),
	(1540, 0, '2024-04-30 00:00:00', NULL),
	(1541, 0, '2024-05-01 00:00:00', NULL),
	(1542, 0, '2024-05-01 00:00:00', NULL),
	(1543, 0, '2024-05-02 00:00:00', NULL),
	(1544, 0, '2024-05-02 00:00:00', NULL),
	(1545, 0, '2024-05-03 00:00:00', NULL),
	(1546, 0, '2024-05-04 00:00:00', NULL),
	(1547, 1, '2024-05-05 00:00:00', NULL),
	(1548, 0, '2024-05-06 00:00:00', NULL);

-- 导出  表 peng-blog.t_user_auth 结构
CREATE TABLE IF NOT EXISTS `t_user_auth` (
  `id` int NOT NULL AUTO_INCREMENT,
  `user_info_id` int NOT NULL COMMENT '用户信息id',
  `username` varchar(50) CHARACTER SET utf8mb4 COLLATE utf8mb4_0900_ai_ci NOT NULL COMMENT '用户名',
  `password` varchar(100) CHARACTER SET utf8mb4 COLLATE utf8mb4_0900_ai_ci NOT NULL COMMENT '密码',
  `login_type` tinyint(1) NOT NULL COMMENT '登录类型',
  `ip_address` varchar(50) CHARACTER SET utf8mb4 COLLATE utf8mb4_0900_ai_ci DEFAULT NULL COMMENT '用户登录ip',
  `ip_source` varchar(50) CHARACTER SET utf8mb4 COLLATE utf8mb4_0900_ai_ci DEFAULT NULL COMMENT 'ip来源',
  `create_time` datetime NOT NULL COMMENT '创建时间',
  `update_time` datetime DEFAULT NULL COMMENT '更新时间',
  `last_login_time` datetime DEFAULT NULL COMMENT '上次登录时间',
  PRIMARY KEY (`id`) USING BTREE,
  UNIQUE KEY `username` (`username`) USING BTREE
) ENGINE=InnoDB AUTO_INCREMENT=1018 DEFAULT CHARSET=utf8mb4 COLLATE=utf8mb4_0900_ai_ci ROW_FORMAT=DYNAMIC COMMENT='用户授权表';

-- 正在导出表  peng-blog.t_user_auth 的数据：~5 rows (大约)
DELETE FROM `t_user_auth`;
INSERT INTO `t_user_auth` (`id`, `user_info_id`, `username`, `password`, `login_type`, `ip_address`, `ip_source`, `create_time`, `update_time`, `last_login_time`) VALUES
	(1, 1, 'admin@163.com', '$2a$10$/Z90STxVyGOIfNhTfvzbEuJ9t1yHjrkN6pBMRAqd5g5SdNIrdt5Da', 1, '127.0.0.1', '内网IP|内网IP', '2022-08-19 21:43:46', '2024-05-07 15:54:01', '2024-05-07 15:54:01'),
	(1014, 1024, '3173484026@qq.com', '$2a$10$gWOg4cbaWycPFqoBRpUbyuNrb8oAOBlHH40Ic489UQdruu5QKrxQi', 1, '223.157.222.234', '中国|湖南省|娄底市|电信', '2024-05-06 08:50:15', '2024-05-07 15:50:28', '2024-05-07 15:50:28'),
	(1015, 1025, '3052721583@qq.com', '$2a$10$6N/0V6h8GpfeMvjDzb5SPuwx1pjhCkBux/EzqAPCgCMGZ3KTUSLkC', 1, NULL, NULL, '2024-05-06 08:51:44', NULL, NULL),
	(1016, 1026, 'g3173484026@gmail.com', '$2a$10$ypb.jb2klUO4lFchlQM9susypHjXyP1AaVoBDjv3GTX7iczyqA3VS', 1, NULL, NULL, '2024-05-06 08:53:10', NULL, NULL),
	(1017, 1027, 'g3173484026@outlook.com', '$2a$10$8BYEpM243Aj6xlFTr3N3neyTkBWEsr/iFPKc8KHQFvT2LtpEOrj3m', 1, '127.0.0.1', '内网IP|内网IP', '2024-05-06 09:08:51', '2024-05-06 09:08:54', '2024-05-06 09:08:53');

-- 导出  表 peng-blog.t_user_info 结构
CREATE TABLE IF NOT EXISTS `t_user_info` (
  `id` int NOT NULL AUTO_INCREMENT COMMENT '用户ID',
  `email` varchar(50) CHARACTER SET utf8mb4 COLLATE utf8mb4_0900_ai_ci DEFAULT NULL COMMENT '邮箱号',
  `nickname` varchar(50) CHARACTER SET utf8mb4 COLLATE utf8mb4_0900_ai_ci NOT NULL COMMENT '用户昵称',
  `avatar` varchar(1024) CHARACTER SET utf8mb4 COLLATE utf8mb4_0900_ai_ci NOT NULL DEFAULT '' COMMENT '用户头像',
  `intro` varchar(255) CHARACTER SET utf8mb4 COLLATE utf8mb4_0900_ai_ci DEFAULT NULL COMMENT '用户简介',
  `website` varchar(255) CHARACTER SET utf8mb4 COLLATE utf8mb4_0900_ai_ci DEFAULT NULL COMMENT '个人网站',
  `is_subscribe` tinyint(1) DEFAULT NULL COMMENT '是否订阅',
  `is_disable` tinyint(1) NOT NULL DEFAULT '0' COMMENT '是否禁用',
  `create_time` datetime NOT NULL COMMENT '创建时间',
  `update_time` datetime DEFAULT NULL COMMENT '更新时间',
  PRIMARY KEY (`id`) USING BTREE
) ENGINE=InnoDB AUTO_INCREMENT=1028 DEFAULT CHARSET=utf8mb4 COLLATE=utf8mb4_0900_ai_ci ROW_FORMAT=DYNAMIC COMMENT='用户信息表';

-- 正在导出表  peng-blog.t_user_info 的数据：~5 rows (大约)
DELETE FROM `t_user_info`;
INSERT INTO `t_user_info` (`id`, `email`, `nickname`, `avatar`, `intro`, `website`, `is_subscribe`, `is_disable`, `create_time`, `update_time`) VALUES
	(1, 'admin@163.com', 'CunfuPeng', 'http://150.158.199.226:9000/avatar/aurora/avatar/b494ebfc16128f9dfc50302b0c57818a.jpg', '一个Coder', 'http://bingbingfuhao.cn', 0, 0, '2022-08-19 21:42:04', '2024-05-06 08:36:45'),
	(1024, '3173484026@qq.com', '用户1787283700459405314', 'http://150.158.199.226:9000/avatar/aurora/config/b494ebfc16128f9dfc50302b0c57818a.jpg', NULL, NULL, NULL, 0, '2024-05-06 08:50:15', '2024-05-06 09:34:03'),
	(1025, '3052721583@qq.com', '用户1787284073563717633', 'http://150.158.199.226:9000/avatar/aurora/config/b494ebfc16128f9dfc50302b0c57818a.jpg', NULL, NULL, NULL, 0, '2024-05-06 08:51:44', '2024-05-06 09:34:07'),
	(1026, 'g3173484026@gmail.com', '用户1787284432281567234', 'http://150.158.199.226:9000/avatar/aurora/config/b494ebfc16128f9dfc50302b0c57818a.jpg', NULL, NULL, NULL, 0, '2024-05-06 08:53:10', '2024-05-06 09:34:10'),
	(1027, 'g3173484026@outlook.com', '用户1787288378278576129', 'http://150.158.199.226:9000/avatar/aurora/config/b494ebfc16128f9dfc50302b0c57818a.jpg', NULL, NULL, NULL, 0, '2024-05-06 09:08:50', '2024-05-06 09:34:13');

-- 导出  表 peng-blog.t_user_role 结构
CREATE TABLE IF NOT EXISTS `t_user_role` (
  `id` int NOT NULL AUTO_INCREMENT,
  `user_id` int DEFAULT NULL COMMENT '用户id',
  `role_id` int DEFAULT NULL COMMENT '角色id',
  PRIMARY KEY (`id`) USING BTREE
) ENGINE=InnoDB AUTO_INCREMENT=1044 DEFAULT CHARSET=utf8mb4 COLLATE=utf8mb4_0900_ai_ci ROW_FORMAT=DYNAMIC COMMENT='用户角色表';

-- 正在导出表  peng-blog.t_user_role 的数据：~9 rows (大约)
DELETE FROM `t_user_role`;
INSERT INTO `t_user_role` (`id`, `user_id`, `role_id`) VALUES
	(1, 1, 1),
	(1036, 1024, 2),
	(1037, 1024, 1),
	(1038, 1025, 2),
	(1039, 1025, 1),
	(1040, 1026, 2),
	(1041, 1026, 1),
	(1042, 1027, 2),
	(1043, 1027, 1);

-- 导出  表 peng-blog.t_website_config 结构
CREATE TABLE IF NOT EXISTS `t_website_config` (
  `id` int NOT NULL AUTO_INCREMENT,
  `config` varchar(2000) CHARACTER SET utf8mb4 COLLATE utf8mb4_0900_ai_ci DEFAULT NULL COMMENT '配置信息',
  `create_time` datetime NOT NULL COMMENT '创建时间',
  `update_time` datetime DEFAULT NULL COMMENT '更新时间',
  PRIMARY KEY (`id`) USING BTREE
) ENGINE=InnoDB AUTO_INCREMENT=2 DEFAULT CHARSET=utf8mb4 COLLATE=utf8mb4_0900_ai_ci ROW_FORMAT=DYNAMIC COMMENT='网站信息表';

-- 正在导出表  peng-blog.t_website_config 的数据：~1 rows (大约)
DELETE FROM `t_website_config`;
INSERT INTO `t_website_config` (`id`, `config`, `create_time`, `update_time`) VALUES
	(1, '{"alipayQRCode":"http://150.158.199.226:9000/avatar/aurora/config/b494ebfc16128f9dfc50302b0c57818a.jpg","author":"冰冰符号","authorAvatar":"http://150.158.199.226:9000/avatar/aurora/config/b494ebfc16128f9dfc50302b0c57818a.jpg","authorIntro":"一个疯狂的coder","beianNumber":"湘ICP备2022021827号","csdn":"https://blog.csdn.net/HuaQi666","englishName":"BingBingSymbolBlog","favicon":"http://150.158.199.226:9000/avatar/aurora/config/b494ebfc16128f9dfc50302b0c57818a.jpg","gitee":"https://gitee.com/huaqiwill","github":"https://github.com/huaqiwill","isCommentReview":0,"isEmailNotice":1,"isReward":0,"juejin":"","logo":"http://150.158.199.226:9000/avatar/aurora/config/b494ebfc16128f9dfc50302b0c57818a.jpg","multiLanguage":1,"name":"冰冰符号","notice":"代码已经开源，如果你感觉还行就给一个star吧。。。","qq":"3173484026","qqLogin":0,"stackoverflow":"","touristAvatar":"http://150.158.199.226:9000/avatar/aurora/config/b494ebfc16128f9dfc50302b0c57818a.jpg","twitter":"","userAvatar":"http://150.158.199.226:9000/avatar/aurora/config/b494ebfc16128f9dfc50302b0c57818a.jpg","weChat":"","websiteCreateTime":"2024-04-01","websiteTitle":"冰冰符号的个人博客","weiXinQRCode":"http://150.158.199.226:9000/avatar/aurora/config/b494ebfc16128f9dfc50302b0c57818a.jpg","weibo":"","zhihu":""}', '2022-07-24 12:05:33', '2024-05-06 08:44:20');

/*!40103 SET TIME_ZONE=IFNULL(@OLD_TIME_ZONE, 'system') */;
/*!40101 SET SQL_MODE=IFNULL(@OLD_SQL_MODE, '') */;
/*!40014 SET FOREIGN_KEY_CHECKS=IFNULL(@OLD_FOREIGN_KEY_CHECKS, 1) */;
/*!40101 SET CHARACTER_SET_CLIENT=@OLD_CHARACTER_SET_CLIENT */;
/*!40111 SET SQL_NOTES=IFNULL(@OLD_SQL_NOTES, 1) */;
